{
    "85da6e397e2a41b4cb5276c6957bb484": [
        "C:\\Users\\wy\\Desktop\\rag\\dataset\\Rubic20221225\\0x3335A88bb18fD3b6824b59Af62b50CE494143333\\IAccessControlUpgradeable.sol",
        "IAccessControlUpgradeable",
        0
    ],
    "0e8b77b5f95f7283059b458c87e283f4": [
        "C:\\Users\\wy\\Desktop\\rag\\dataset\\Rubic20221225\\0x3335A88bb18fD3b6824b59Af62b50CE494143333\\IAccessControlUpgradeable.sol",
        "IAccessControlUpgradeable",
        0
    ],
    "f0c31453b5467f003bd405402e1746c0": [
        "C:\\Users\\wy\\Desktop\\rag\\dataset\\Rubic20221225\\0x3335A88bb18fD3b6824b59Af62b50CE494143333\\IAccessControlUpgradeable.sol",
        "IAccessControlUpgradeable",
        0
    ],
    "0e19aa1f35de73bad865bbef9e809cdc": [
        "C:\\Users\\wy\\Desktop\\rag\\dataset\\Rubic20221225\\0x3335A88bb18fD3b6824b59Af62b50CE494143333\\IAccessControlUpgradeable.sol",
        "IAccessControlUpgradeable",
        0
    ],
    "cabe0d8f87ddc7226cf77f60e73be286": [
        "C:\\Users\\wy\\Desktop\\rag\\dataset\\Rubic20221225\\0x3335A88bb18fD3b6824b59Af62b50CE494143333\\IAccessControlUpgradeable.sol",
        "IAccessControlUpgradeable",
        0
    ],
    "d5972f1432570efe297b754cd2693d6f": [
        "C:\\Users\\wy\\Desktop\\rag\\dataset\\Rubic20221225\\0x3335A88bb18fD3b6824b59Af62b50CE494143333\\AddressUpgradeable.sol",
        "AddressUpgradeable",
        0
    ],
    "4213f1701c2999f67f11de98a51e01f6": [
        "C:\\Users\\wy\\Desktop\\rag\\dataset\\Rubic20221225\\0x3335A88bb18fD3b6824b59Af62b50CE494143333\\AddressUpgradeable.sol",
        "AddressUpgradeable",
        0
    ],
    "9bd9227b4301edafa41944a5a4cc096d": [
        "C:\\Users\\wy\\Desktop\\rag\\dataset\\Rubic20221225\\0x3335A88bb18fD3b6824b59Af62b50CE494143333\\AddressUpgradeable.sol",
        "AddressUpgradeable",
        0
    ],
    "3deb235bd39105633ff4aa02a367005e": [
        "C:\\Users\\wy\\Desktop\\rag\\dataset\\Rubic20221225\\0x3335A88bb18fD3b6824b59Af62b50CE494143333\\AddressUpgradeable.sol",
        "AddressUpgradeable",
        0
    ],
    "e318cf9d6fc0d1d8455ee479a7548ba2": [
        "C:\\Users\\wy\\Desktop\\rag\\dataset\\Rubic20221225\\0x3335A88bb18fD3b6824b59Af62b50CE494143333\\AddressUpgradeable.sol",
        "AddressUpgradeable",
        0
    ],
    "e5ef5c80e3f7edacb669876c8d0bdeda": [
        "C:\\Users\\wy\\Desktop\\rag\\dataset\\Rubic20221225\\0x3335A88bb18fD3b6824b59Af62b50CE494143333\\AddressUpgradeable.sol",
        "AddressUpgradeable",
        0
    ],
    "994685aae3cda8dbbf0ffec7f803d344": [
        "C:\\Users\\wy\\Desktop\\rag\\dataset\\Rubic20221225\\0x3335A88bb18fD3b6824b59Af62b50CE494143333\\AddressUpgradeable.sol",
        "AddressUpgradeable",
        0
    ],
    "ecc83687edc03f1dbae68952e8efe2c3": [
        "C:\\Users\\wy\\Desktop\\rag\\dataset\\Rubic20221225\\0x3335A88bb18fD3b6824b59Af62b50CE494143333\\AddressUpgradeable.sol",
        "AddressUpgradeable",
        0
    ],
    "595b1e5bcf25838a84e8abc3e73dc129": [
        "C:\\Users\\wy\\Desktop\\rag\\dataset\\Rubic20221225\\0x3335A88bb18fD3b6824b59Af62b50CE494143333\\AddressUpgradeable.sol",
        "AddressUpgradeable",
        0
    ],
    "ed9a063536644864e1b18ca8f1bcc6a9": [
        "C:\\Users\\wy\\Desktop\\rag\\dataset\\Rubic20221225\\0x3335A88bb18fD3b6824b59Af62b50CE494143333\\Initializable.sol",
        "Initializable",
        0
    ],
    "319a89ab9d2834e2aa4d9f74c10ee085": [
        "C:\\Users\\wy\\Desktop\\rag\\dataset\\Rubic20221225\\0x3335A88bb18fD3b6824b59Af62b50CE494143333\\Initializable.sol",
        "Initializable",
        1
    ],
    "cc253d6e6a28a0a885ffc20460167c1a": [
        "C:\\Users\\wy\\Desktop\\rag\\dataset\\Rubic20221225\\0x3335A88bb18fD3b6824b59Af62b50CE494143333\\Initializable.sol",
        "Initializable",
        1
    ],
    "9aa43424d4ca4ac38d1414b683de0171": [
        "C:\\Users\\wy\\Desktop\\rag\\dataset\\Rubic20221225\\0x3335A88bb18fD3b6824b59Af62b50CE494143333\\Initializable.sol",
        "Initializable",
        1
    ],
    "51711f974026a47cf07ddd644d9d6314": [
        "C:\\Users\\wy\\Desktop\\rag\\dataset\\Rubic20221225\\0x3335A88bb18fD3b6824b59Af62b50CE494143333\\ContextUpgradeable.sol",
        "ContextUpgradeable",
        0
    ],
    "b455fef82ed6bfd2959d8c51c633ee72": [
        "C:\\Users\\wy\\Desktop\\rag\\dataset\\Rubic20221225\\0x3335A88bb18fD3b6824b59Af62b50CE494143333\\ContextUpgradeable.sol",
        "ContextUpgradeable",
        0
    ],
    "3bc534219d7c704e82b1271e27e1e9f4": [
        "C:\\Users\\wy\\Desktop\\rag\\dataset\\Rubic20221225\\0x3335A88bb18fD3b6824b59Af62b50CE494143333\\ContextUpgradeable.sol",
        "ContextUpgradeable",
        0
    ],
    "c1cd6682c49c03f9b0f4ec879236408a": [
        "C:\\Users\\wy\\Desktop\\rag\\dataset\\Rubic20221225\\0x3335A88bb18fD3b6824b59Af62b50CE494143333\\ContextUpgradeable.sol",
        "ContextUpgradeable",
        0
    ],
    "4f15846f4acd97be224e77c90f19c169": [
        "C:\\Users\\wy\\Desktop\\rag\\dataset\\Rubic20221225\\0x3335A88bb18fD3b6824b59Af62b50CE494143333\\StringsUpgradeable.sol",
        "StringsUpgradeable",
        0
    ],
    "c4b4cca5b62a49f3b19067dc0817ccb9": [
        "C:\\Users\\wy\\Desktop\\rag\\dataset\\Rubic20221225\\0x3335A88bb18fD3b6824b59Af62b50CE494143333\\StringsUpgradeable.sol",
        "StringsUpgradeable",
        0
    ],
    "f09aac1548bab950b968420afeaa9a67": [
        "C:\\Users\\wy\\Desktop\\rag\\dataset\\Rubic20221225\\0x3335A88bb18fD3b6824b59Af62b50CE494143333\\StringsUpgradeable.sol",
        "StringsUpgradeable",
        0
    ],
    "91668e0e0a5ba642d4fe80d9b1bf9ece": [
        "C:\\Users\\wy\\Desktop\\rag\\dataset\\Rubic20221225\\0x3335A88bb18fD3b6824b59Af62b50CE494143333\\StringsUpgradeable.sol",
        "StringsUpgradeable",
        0
    ],
    "2dc76221abdfa883daba4e5034906f8b": [
        "C:\\Users\\wy\\Desktop\\rag\\dataset\\Rubic20221225\\0x3335A88bb18fD3b6824b59Af62b50CE494143333\\IERC165Upgradeable.sol",
        "IERC165Upgradeable",
        0
    ],
    "cbe6a94e372445d90ba947303633fca4": [
        "C:\\Users\\wy\\Desktop\\rag\\dataset\\Rubic20221225\\0x3335A88bb18fD3b6824b59Af62b50CE494143333\\ERC165Upgradeable.sol",
        "ERC165Upgradeable",
        0
    ],
    "9ba7a884cbb1d18da0e8c3d939014894": [
        "C:\\Users\\wy\\Desktop\\rag\\dataset\\Rubic20221225\\0x3335A88bb18fD3b6824b59Af62b50CE494143333\\ERC165Upgradeable.sol",
        "ERC165Upgradeable",
        0
    ],
    "20e4a9dea390d6ed3fb55af94244f5fb": [
        "C:\\Users\\wy\\Desktop\\rag\\dataset\\Rubic20221225\\0x3335A88bb18fD3b6824b59Af62b50CE494143333\\ERC165Upgradeable.sol",
        "ERC165Upgradeable",
        0
    ],
    "57ea3ce182a381b6ae84534369a6b94b": [
        "C:\\Users\\wy\\Desktop\\rag\\dataset\\Rubic20221225\\0x3335A88bb18fD3b6824b59Af62b50CE494143333\\AccessControlUpgradeable.sol",
        "AccessControlUpgradeable",
        0
    ],
    "2f17c2a507ca8a1da98892c54fa4b070": [
        "C:\\Users\\wy\\Desktop\\rag\\dataset\\Rubic20221225\\0x3335A88bb18fD3b6824b59Af62b50CE494143333\\AccessControlUpgradeable.sol",
        "AccessControlUpgradeable",
        0
    ],
    "99e6a51c08c56e1c597a14c3205ac6f1": [
        "C:\\Users\\wy\\Desktop\\rag\\dataset\\Rubic20221225\\0x3335A88bb18fD3b6824b59Af62b50CE494143333\\AccessControlUpgradeable.sol",
        "AccessControlUpgradeable",
        0
    ],
    "b66164048c9b76bed93600cff5932d61": [
        "C:\\Users\\wy\\Desktop\\rag\\dataset\\Rubic20221225\\0x3335A88bb18fD3b6824b59Af62b50CE494143333\\AccessControlUpgradeable.sol",
        "AccessControlUpgradeable",
        0
    ],
    "98f654c355df8f653aaeb6eec72f0146": [
        "C:\\Users\\wy\\Desktop\\rag\\dataset\\Rubic20221225\\0x3335A88bb18fD3b6824b59Af62b50CE494143333\\AccessControlUpgradeable.sol",
        "AccessControlUpgradeable",
        0
    ],
    "63880ff686e9c46df1ace0f7cf62e8bd": [
        "C:\\Users\\wy\\Desktop\\rag\\dataset\\Rubic20221225\\0x3335A88bb18fD3b6824b59Af62b50CE494143333\\AccessControlUpgradeable.sol",
        "AccessControlUpgradeable",
        0
    ],
    "377dc308d1635599077e0a3536c21cc3": [
        "C:\\Users\\wy\\Desktop\\rag\\dataset\\Rubic20221225\\0x3335A88bb18fD3b6824b59Af62b50CE494143333\\AccessControlUpgradeable.sol",
        "AccessControlUpgradeable",
        0
    ],
    "bad4c804a6838141c0ea00a288dfb0d3": [
        "C:\\Users\\wy\\Desktop\\rag\\dataset\\Rubic20221225\\0x3335A88bb18fD3b6824b59Af62b50CE494143333\\AccessControlUpgradeable.sol",
        "AccessControlUpgradeable",
        0
    ],
    "8f03bca73a6101092cbe937f1aa6a495": [
        "C:\\Users\\wy\\Desktop\\rag\\dataset\\Rubic20221225\\0x3335A88bb18fD3b6824b59Af62b50CE494143333\\AccessControlUpgradeable.sol",
        "AccessControlUpgradeable",
        0
    ],
    "de81bc48188c09bd517b6889d54317ac": [
        "C:\\Users\\wy\\Desktop\\rag\\dataset\\Rubic20221225\\0x3335A88bb18fD3b6824b59Af62b50CE494143333\\AccessControlUpgradeable.sol",
        "AccessControlUpgradeable",
        0
    ],
    "af0a23debe0f001cc6c8bf7d6a9618e6": [
        "C:\\Users\\wy\\Desktop\\rag\\dataset\\Rubic20221225\\0x3335A88bb18fD3b6824b59Af62b50CE494143333\\AccessControlUpgradeable.sol",
        "AccessControlUpgradeable",
        0
    ],
    "a5154e24ad51965c0ed8b3b0111b9412": [
        "C:\\Users\\wy\\Desktop\\rag\\dataset\\Rubic20221225\\0x3335A88bb18fD3b6824b59Af62b50CE494143333\\AccessControlUpgradeable.sol",
        "AccessControlUpgradeable",
        0
    ],
    "073fe24e79b8eccc5248ae6dc3dc2035": [
        "C:\\Users\\wy\\Desktop\\rag\\dataset\\Rubic20221225\\0x3335A88bb18fD3b6824b59Af62b50CE494143333\\AccessControlUpgradeable.sol",
        "AccessControlUpgradeable",
        0
    ],
    "c122ba382a23038b9cacd65bec248f39": [
        "C:\\Users\\wy\\Desktop\\rag\\dataset\\Rubic20221225\\0x3335A88bb18fD3b6824b59Af62b50CE494143333\\AccessControlUpgradeable.sol",
        "AccessControlUpgradeable",
        0
    ],
    "8fb0b5854efeb468c5042c2d527f85a3": [
        "C:\\Users\\wy\\Desktop\\rag\\dataset\\Rubic20221225\\0x3335A88bb18fD3b6824b59Af62b50CE494143333\\AccessControlUpgradeable.sol",
        "AccessControlUpgradeable",
        1
    ],
    "66bdf2feafbe9d6f55c1f1763e848c19": [
        "C:\\Users\\wy\\Desktop\\rag\\dataset\\Rubic20221225\\0x3335A88bb18fD3b6824b59Af62b50CE494143333\\BridgeBase.sol",
        "BridgeBase",
        0
    ],
    "fb2b30c0aa1db51d40cbb1bfbff3a345": [
        "C:\\Users\\wy\\Desktop\\rag\\dataset\\Rubic20221225\\0x3335A88bb18fD3b6824b59Af62b50CE494143333\\BridgeBase.sol",
        "BridgeBase",
        0
    ],
    "cf383d71c20ef06e211ac6e198306028": [
        "C:\\Users\\wy\\Desktop\\rag\\dataset\\Rubic20221225\\0x3335A88bb18fD3b6824b59Af62b50CE494143333\\BridgeBase.sol",
        "BridgeBase",
        0
    ],
    "0fd0473b5eb9cca355eefa31802ea7a2": [
        "C:\\Users\\wy\\Desktop\\rag\\dataset\\Rubic20221225\\0x3335A88bb18fD3b6824b59Af62b50CE494143333\\BridgeBase.sol",
        "BridgeBase",
        0
    ],
    "3438910b047cf717ad7ef3daabea51c0": [
        "C:\\Users\\wy\\Desktop\\rag\\dataset\\Rubic20221225\\0x3335A88bb18fD3b6824b59Af62b50CE494143333\\BridgeBase.sol",
        "BridgeBase",
        0
    ],
    "a6c0032ed80c2512033539a4ebb80736": [
        "C:\\Users\\wy\\Desktop\\rag\\dataset\\Rubic20221225\\0x3335A88bb18fD3b6824b59Af62b50CE494143333\\BridgeBase.sol",
        "BridgeBase",
        0
    ],
    "73b3389a54ff85ae0e03f93081158400": [
        "C:\\Users\\wy\\Desktop\\rag\\dataset\\Rubic20221225\\0x3335A88bb18fD3b6824b59Af62b50CE494143333\\BridgeBase.sol",
        "BridgeBase",
        0
    ],
    "8f947adb73526e94ff6fa80374cad89d": [
        "C:\\Users\\wy\\Desktop\\rag\\dataset\\Rubic20221225\\0x3335A88bb18fD3b6824b59Af62b50CE494143333\\BridgeBase.sol",
        "BridgeBase",
        0
    ],
    "b67e309e96938f9780377ea2c0a3fd18": [
        "C:\\Users\\wy\\Desktop\\rag\\dataset\\Rubic20221225\\0x3335A88bb18fD3b6824b59Af62b50CE494143333\\BridgeBase.sol",
        "BridgeBase",
        0
    ],
    "e0735c2399bacc496a15e21f6f20b859": [
        "C:\\Users\\wy\\Desktop\\rag\\dataset\\Rubic20221225\\0x3335A88bb18fD3b6824b59Af62b50CE494143333\\BridgeBase.sol",
        "BridgeBase",
        0
    ],
    "3571e4688e9cbfffadf499976869513a": [
        "C:\\Users\\wy\\Desktop\\rag\\dataset\\Rubic20221225\\0x3335A88bb18fD3b6824b59Af62b50CE494143333\\BridgeBase.sol",
        "BridgeBase",
        0
    ],
    "372cbe47d0d24e6e889c2f778b47bd55": [
        "C:\\Users\\wy\\Desktop\\rag\\dataset\\Rubic20221225\\0x3335A88bb18fD3b6824b59Af62b50CE494143333\\BridgeBase.sol",
        "BridgeBase",
        0
    ],
    "e0c02e694ae85ea23c3681a57f96cae2": [
        "C:\\Users\\wy\\Desktop\\rag\\dataset\\Rubic20221225\\0x3335A88bb18fD3b6824b59Af62b50CE494143333\\BridgeBase.sol",
        "BridgeBase",
        0
    ],
    "044760bd28787c851d3bac6e83233183": [
        "C:\\Users\\wy\\Desktop\\rag\\dataset\\Rubic20221225\\0x3335A88bb18fD3b6824b59Af62b50CE494143333\\BridgeBase.sol",
        "BridgeBase",
        0
    ],
    "e950e4213a2d56da2fbd2c0702997a0d": [
        "C:\\Users\\wy\\Desktop\\rag\\dataset\\Rubic20221225\\0x3335A88bb18fD3b6824b59Af62b50CE494143333\\BridgeBase.sol",
        "BridgeBase",
        0
    ],
    "87096b02449ea6b06af77609d5691929": [
        "C:\\Users\\wy\\Desktop\\rag\\dataset\\Rubic20221225\\0x3335A88bb18fD3b6824b59Af62b50CE494143333\\BridgeBase.sol",
        "BridgeBase",
        0
    ],
    "617b7cbb647611aa4849da61045cc252": [
        "C:\\Users\\wy\\Desktop\\rag\\dataset\\Rubic20221225\\0x3335A88bb18fD3b6824b59Af62b50CE494143333\\BridgeBase.sol",
        "BridgeBase",
        0
    ],
    "91c6ed154ac0a531ea11108d42b611e2": [
        "C:\\Users\\wy\\Desktop\\rag\\dataset\\Rubic20221225\\0x3335A88bb18fD3b6824b59Af62b50CE494143333\\BridgeBase.sol",
        "BridgeBase",
        0
    ],
    "99d14bf35a9e922b0feee4113c3ea9a9": [
        "C:\\Users\\wy\\Desktop\\rag\\dataset\\Rubic20221225\\0x3335A88bb18fD3b6824b59Af62b50CE494143333\\BridgeBase.sol",
        "BridgeBase",
        0
    ],
    "cec9ac906812067827151d7bffd3dae5": [
        "C:\\Users\\wy\\Desktop\\rag\\dataset\\Rubic20221225\\0x3335A88bb18fD3b6824b59Af62b50CE494143333\\BridgeBase.sol",
        "BridgeBase",
        0
    ],
    "06886a831d0334ae04f5f5663cfbba90": [
        "C:\\Users\\wy\\Desktop\\rag\\dataset\\Rubic20221225\\0x3335A88bb18fD3b6824b59Af62b50CE494143333\\BridgeBase.sol",
        "BridgeBase",
        0
    ],
    "6f231b00369dce63aaf3217bcec42c0a": [
        "C:\\Users\\wy\\Desktop\\rag\\dataset\\Rubic20221225\\0x3335A88bb18fD3b6824b59Af62b50CE494143333\\BridgeBase.sol",
        "BridgeBase",
        0
    ],
    "a727ab16cd83c5477e0df042a760c7d6": [
        "C:\\Users\\wy\\Desktop\\rag\\dataset\\Rubic20221225\\0x3335A88bb18fD3b6824b59Af62b50CE494143333\\BridgeBase.sol",
        "BridgeBase",
        0
    ],
    "29a97d219da3ff4d142e492288ac765e": [
        "C:\\Users\\wy\\Desktop\\rag\\dataset\\Rubic20221225\\0x3335A88bb18fD3b6824b59Af62b50CE494143333\\BridgeBase.sol",
        "BridgeBase",
        0
    ],
    "b28a37e63ec6fb667e3a24118640125e": [
        "C:\\Users\\wy\\Desktop\\rag\\dataset\\Rubic20221225\\0x3335A88bb18fD3b6824b59Af62b50CE494143333\\BridgeBase.sol",
        "BridgeBase",
        1
    ],
    "a9c0c28e5eb70ba30b94c919ab0907d6": [
        "C:\\Users\\wy\\Desktop\\rag\\dataset\\Rubic20221225\\0x3335A88bb18fD3b6824b59Af62b50CE494143333\\BridgeBase.sol",
        "BridgeBase",
        1
    ],
    "eaa636f62bfd30718f7f1bad11c86f11": [
        "C:\\Users\\wy\\Desktop\\rag\\dataset\\Rubic20221225\\0x3335A88bb18fD3b6824b59Af62b50CE494143333\\BridgeBase.sol",
        "BridgeBase",
        1
    ],
    "abaa7b8952c208d58b77455671572ce3": [
        "C:\\Users\\wy\\Desktop\\rag\\dataset\\Rubic20221225\\0x3335A88bb18fD3b6824b59Af62b50CE494143333\\draft-IERC20PermitUpgradeable.sol",
        "IERC20PermitUpgradeable",
        0
    ],
    "357d86867bcb5e898ef823b379affee2": [
        "C:\\Users\\wy\\Desktop\\rag\\dataset\\Rubic20221225\\0x3335A88bb18fD3b6824b59Af62b50CE494143333\\draft-IERC20PermitUpgradeable.sol",
        "IERC20PermitUpgradeable",
        0
    ],
    "0a5129288a98701e3042bb219b8117b2": [
        "C:\\Users\\wy\\Desktop\\rag\\dataset\\Rubic20221225\\0x3335A88bb18fD3b6824b59Af62b50CE494143333\\draft-IERC20PermitUpgradeable.sol",
        "IERC20PermitUpgradeable",
        0
    ],
    "ad2b7769dc9b89055623e5cf9cf8a379": [
        "C:\\Users\\wy\\Desktop\\rag\\dataset\\Rubic20221225\\0x3335A88bb18fD3b6824b59Af62b50CE494143333\\EnumerableSetUpgradeable.sol",
        "EnumerableSetUpgradeable",
        0
    ],
    "ddac9c7a3148d30ffed09d8ea154f93f": [
        "C:\\Users\\wy\\Desktop\\rag\\dataset\\Rubic20221225\\0x3335A88bb18fD3b6824b59Af62b50CE494143333\\EnumerableSetUpgradeable.sol",
        "EnumerableSetUpgradeable",
        0
    ],
    "1741e13e15ea9a9f210919d1c3788e12": [
        "C:\\Users\\wy\\Desktop\\rag\\dataset\\Rubic20221225\\0x3335A88bb18fD3b6824b59Af62b50CE494143333\\EnumerableSetUpgradeable.sol",
        "EnumerableSetUpgradeable",
        0
    ],
    "bc694b0bdf3b5a29dac66980d1d4182b": [
        "C:\\Users\\wy\\Desktop\\rag\\dataset\\Rubic20221225\\0x3335A88bb18fD3b6824b59Af62b50CE494143333\\EnumerableSetUpgradeable.sol",
        "EnumerableSetUpgradeable",
        0
    ],
    "461c15268fe4bf5a6a05da25411c7fc9": [
        "C:\\Users\\wy\\Desktop\\rag\\dataset\\Rubic20221225\\0x3335A88bb18fD3b6824b59Af62b50CE494143333\\EnumerableSetUpgradeable.sol",
        "EnumerableSetUpgradeable",
        0
    ],
    "8d5571846ffc4b7aea75563b407fd73b": [
        "C:\\Users\\wy\\Desktop\\rag\\dataset\\Rubic20221225\\0x3335A88bb18fD3b6824b59Af62b50CE494143333\\EnumerableSetUpgradeable.sol",
        "EnumerableSetUpgradeable",
        0
    ],
    "a781f1092de2c7ab7383feacecf54193": [
        "C:\\Users\\wy\\Desktop\\rag\\dataset\\Rubic20221225\\0x3335A88bb18fD3b6824b59Af62b50CE494143333\\EnumerableSetUpgradeable.sol",
        "EnumerableSetUpgradeable",
        0
    ],
    "3edf76a089a91822cd8846059713aba8": [
        "C:\\Users\\wy\\Desktop\\rag\\dataset\\Rubic20221225\\0x3335A88bb18fD3b6824b59Af62b50CE494143333\\EnumerableSetUpgradeable.sol",
        "EnumerableSetUpgradeable",
        0
    ],
    "852b0f9f2830320e0672bf0227599b4a": [
        "C:\\Users\\wy\\Desktop\\rag\\dataset\\Rubic20221225\\0x3335A88bb18fD3b6824b59Af62b50CE494143333\\EnumerableSetUpgradeable.sol",
        "EnumerableSetUpgradeable",
        0
    ],
    "86fffffe13bc5f2bc6250a9078d33ed1": [
        "C:\\Users\\wy\\Desktop\\rag\\dataset\\Rubic20221225\\0x3335A88bb18fD3b6824b59Af62b50CE494143333\\EnumerableSetUpgradeable.sol",
        "EnumerableSetUpgradeable",
        0
    ],
    "51efe515eaeadbd9b0605b0513ab73d0": [
        "C:\\Users\\wy\\Desktop\\rag\\dataset\\Rubic20221225\\0x3335A88bb18fD3b6824b59Af62b50CE494143333\\EnumerableSetUpgradeable.sol",
        "EnumerableSetUpgradeable",
        0
    ],
    "d4f789eb112120d7d4ed25cdb162a126": [
        "C:\\Users\\wy\\Desktop\\rag\\dataset\\Rubic20221225\\0x3335A88bb18fD3b6824b59Af62b50CE494143333\\EnumerableSetUpgradeable.sol",
        "EnumerableSetUpgradeable",
        0
    ],
    "ebf215d2fe5dbf37db4a675a5e81ca83": [
        "C:\\Users\\wy\\Desktop\\rag\\dataset\\Rubic20221225\\0x3335A88bb18fD3b6824b59Af62b50CE494143333\\EnumerableSetUpgradeable.sol",
        "EnumerableSetUpgradeable",
        0
    ],
    "17662067e0b322fd9c16ef50ecede785": [
        "C:\\Users\\wy\\Desktop\\rag\\dataset\\Rubic20221225\\0x3335A88bb18fD3b6824b59Af62b50CE494143333\\EnumerableSetUpgradeable.sol",
        "EnumerableSetUpgradeable",
        0
    ],
    "e69466d3da969494102a54751ab9f3a8": [
        "C:\\Users\\wy\\Desktop\\rag\\dataset\\Rubic20221225\\0x3335A88bb18fD3b6824b59Af62b50CE494143333\\EnumerableSetUpgradeable.sol",
        "EnumerableSetUpgradeable",
        0
    ],
    "cdddec0bf1b403598c3c0d896191f58b": [
        "C:\\Users\\wy\\Desktop\\rag\\dataset\\Rubic20221225\\0x3335A88bb18fD3b6824b59Af62b50CE494143333\\EnumerableSetUpgradeable.sol",
        "EnumerableSetUpgradeable",
        0
    ],
    "ecedb9e5fc6c79ed204867d3da23afe5": [
        "C:\\Users\\wy\\Desktop\\rag\\dataset\\Rubic20221225\\0x3335A88bb18fD3b6824b59Af62b50CE494143333\\EnumerableSetUpgradeable.sol",
        "EnumerableSetUpgradeable",
        0
    ],
    "cea2e30ad0bc0364c37de49fbeb20dc5": [
        "C:\\Users\\wy\\Desktop\\rag\\dataset\\Rubic20221225\\0x3335A88bb18fD3b6824b59Af62b50CE494143333\\EnumerableSetUpgradeable.sol",
        "EnumerableSetUpgradeable",
        0
    ],
    "af7c729aedc6ec7caf11fecc0c9b1432": [
        "C:\\Users\\wy\\Desktop\\rag\\dataset\\Rubic20221225\\0x3335A88bb18fD3b6824b59Af62b50CE494143333\\EnumerableSetUpgradeable.sol",
        "EnumerableSetUpgradeable",
        0
    ],
    "acdc34b74c96fe072d76d09948c8a7ca": [
        "C:\\Users\\wy\\Desktop\\rag\\dataset\\Rubic20221225\\0x3335A88bb18fD3b6824b59Af62b50CE494143333\\EnumerableSetUpgradeable.sol",
        "EnumerableSetUpgradeable",
        0
    ],
    "14de3a4f705bba70509f35b3dd44365f": [
        "C:\\Users\\wy\\Desktop\\rag\\dataset\\Rubic20221225\\0x3335A88bb18fD3b6824b59Af62b50CE494143333\\EnumerableSetUpgradeable.sol",
        "EnumerableSetUpgradeable",
        0
    ],
    "5905459e6d35821c06003f1a5fcca72e": [
        "C:\\Users\\wy\\Desktop\\rag\\dataset\\Rubic20221225\\0x3335A88bb18fD3b6824b59Af62b50CE494143333\\EnumerableSetUpgradeable.sol",
        "EnumerableSetUpgradeable",
        0
    ],
    "5165b34bf04d75dce671449cb352a978": [
        "C:\\Users\\wy\\Desktop\\rag\\dataset\\Rubic20221225\\0x3335A88bb18fD3b6824b59Af62b50CE494143333\\EnumerableSetUpgradeable.sol",
        "EnumerableSetUpgradeable",
        0
    ],
    "809aa0dad21796cd324172614a18dd47": [
        "C:\\Users\\wy\\Desktop\\rag\\dataset\\Rubic20221225\\0x3335A88bb18fD3b6824b59Af62b50CE494143333\\EnumerableSetUpgradeable.sol",
        "EnumerableSetUpgradeable",
        0
    ],
    "71f706b9d84598d25f61d644703e0636": [
        "C:\\Users\\wy\\Desktop\\rag\\dataset\\Rubic20221225\\0x3335A88bb18fD3b6824b59Af62b50CE494143333\\FullMath.sol",
        "FullMath",
        0
    ],
    "5e1d12e61f4bf4b37161d9b684742570": [
        "C:\\Users\\wy\\Desktop\\rag\\dataset\\Rubic20221225\\0x3335A88bb18fD3b6824b59Af62b50CE494143333\\IERC20Upgradeable.sol",
        "IERC20Upgradeable",
        0
    ],
    "3ac17e7782366957c960d337a4a648cd": [
        "C:\\Users\\wy\\Desktop\\rag\\dataset\\Rubic20221225\\0x3335A88bb18fD3b6824b59Af62b50CE494143333\\IERC20Upgradeable.sol",
        "IERC20Upgradeable",
        0
    ],
    "f4ffe0b79c8a4a1a9720675d3ac08278": [
        "C:\\Users\\wy\\Desktop\\rag\\dataset\\Rubic20221225\\0x3335A88bb18fD3b6824b59Af62b50CE494143333\\IERC20Upgradeable.sol",
        "IERC20Upgradeable",
        0
    ],
    "c93791d09d789aed33b9725d482af442": [
        "C:\\Users\\wy\\Desktop\\rag\\dataset\\Rubic20221225\\0x3335A88bb18fD3b6824b59Af62b50CE494143333\\IERC20Upgradeable.sol",
        "IERC20Upgradeable",
        0
    ],
    "7c80d707df648dc123a10c69a1150edc": [
        "C:\\Users\\wy\\Desktop\\rag\\dataset\\Rubic20221225\\0x3335A88bb18fD3b6824b59Af62b50CE494143333\\IERC20Upgradeable.sol",
        "IERC20Upgradeable",
        0
    ],
    "359ece5a67467cccf835eeb464b71fef": [
        "C:\\Users\\wy\\Desktop\\rag\\dataset\\Rubic20221225\\0x3335A88bb18fD3b6824b59Af62b50CE494143333\\IERC20Upgradeable.sol",
        "IERC20Upgradeable",
        0
    ],
    "fa278f1219ecc9c88f0c897e30022b35": [
        "C:\\Users\\wy\\Desktop\\rag\\dataset\\Rubic20221225\\0x3335A88bb18fD3b6824b59Af62b50CE494143333\\OnlySourceFunctionality.sol",
        "OnlySourceFunctionality",
        0
    ],
    "e230e3110aac281e793547ca169333d4": [
        "C:\\Users\\wy\\Desktop\\rag\\dataset\\Rubic20221225\\0x3335A88bb18fD3b6824b59Af62b50CE494143333\\OnlySourceFunctionality.sol",
        "OnlySourceFunctionality",
        1
    ],
    "1ed92d76f6ee6ccfcde78bbb01f27574": [
        "C:\\Users\\wy\\Desktop\\rag\\dataset\\Rubic20221225\\0x3335A88bb18fD3b6824b59Af62b50CE494143333\\PausableUpgradeable.sol",
        "PausableUpgradeable",
        0
    ],
    "9263fc41a213ad38863a51175dbcddfa": [
        "C:\\Users\\wy\\Desktop\\rag\\dataset\\Rubic20221225\\0x3335A88bb18fD3b6824b59Af62b50CE494143333\\PausableUpgradeable.sol",
        "PausableUpgradeable",
        0
    ],
    "2a45875f9a64209d907a8aed7b202937": [
        "C:\\Users\\wy\\Desktop\\rag\\dataset\\Rubic20221225\\0x3335A88bb18fD3b6824b59Af62b50CE494143333\\PausableUpgradeable.sol",
        "PausableUpgradeable",
        0
    ],
    "5fc561475859bb022d942661880774fd": [
        "C:\\Users\\wy\\Desktop\\rag\\dataset\\Rubic20221225\\0x3335A88bb18fD3b6824b59Af62b50CE494143333\\PausableUpgradeable.sol",
        "PausableUpgradeable",
        0
    ],
    "1bef451cd948246229255bd48e745331": [
        "C:\\Users\\wy\\Desktop\\rag\\dataset\\Rubic20221225\\0x3335A88bb18fD3b6824b59Af62b50CE494143333\\PausableUpgradeable.sol",
        "PausableUpgradeable",
        0
    ],
    "5f208620cb437050ec0355ecb0c3e32b": [
        "C:\\Users\\wy\\Desktop\\rag\\dataset\\Rubic20221225\\0x3335A88bb18fD3b6824b59Af62b50CE494143333\\PausableUpgradeable.sol",
        "PausableUpgradeable",
        0
    ],
    "07005ace67272c8e873543f86aa97854": [
        "C:\\Users\\wy\\Desktop\\rag\\dataset\\Rubic20221225\\0x3335A88bb18fD3b6824b59Af62b50CE494143333\\PausableUpgradeable.sol",
        "PausableUpgradeable",
        0
    ],
    "f322add002d88d5e6eab348a5974d98a": [
        "C:\\Users\\wy\\Desktop\\rag\\dataset\\Rubic20221225\\0x3335A88bb18fD3b6824b59Af62b50CE494143333\\PausableUpgradeable.sol",
        "PausableUpgradeable",
        1
    ],
    "8ac7350ab3f2e0cbce5664b915e40d83": [
        "C:\\Users\\wy\\Desktop\\rag\\dataset\\Rubic20221225\\0x3335A88bb18fD3b6824b59Af62b50CE494143333\\PausableUpgradeable.sol",
        "PausableUpgradeable",
        1
    ],
    "fdb427b7985133c60b2358311b26f832": [
        "C:\\Users\\wy\\Desktop\\rag\\dataset\\Rubic20221225\\0x3335A88bb18fD3b6824b59Af62b50CE494143333\\ReentrancyGuardUpgradeable.sol",
        "ReentrancyGuardUpgradeable",
        0
    ],
    "a4c1f8d704aaf3afdc555372d159b346": [
        "C:\\Users\\wy\\Desktop\\rag\\dataset\\Rubic20221225\\0x3335A88bb18fD3b6824b59Af62b50CE494143333\\ReentrancyGuardUpgradeable.sol",
        "ReentrancyGuardUpgradeable",
        0
    ],
    "bfd26885a528af04ff7161b74f7a2107": [
        "C:\\Users\\wy\\Desktop\\rag\\dataset\\Rubic20221225\\0x3335A88bb18fD3b6824b59Af62b50CE494143333\\ReentrancyGuardUpgradeable.sol",
        "ReentrancyGuardUpgradeable",
        1
    ],
    "511a2ef554b9ab29e0c1e128f410d0aa": [
        "C:\\Users\\wy\\Desktop\\rag\\dataset\\Rubic20221225\\0x3335A88bb18fD3b6824b59Af62b50CE494143333\\RubicProxy-label.sol",
        "RubicProxy",
        0
    ],
    "830dc96820dbc9cb25fc336c4e079d80": [
        "C:\\Users\\wy\\Desktop\\rag\\dataset\\Rubic20221225\\0x3335A88bb18fD3b6824b59Af62b50CE494143333\\RubicProxy-label.sol",
        "RubicProxy",
        0
    ],
    "3acb93ca78c44fcab6c62f042b02eaea": [
        "C:\\Users\\wy\\Desktop\\rag\\dataset\\Rubic20221225\\0x3335A88bb18fD3b6824b59Af62b50CE494143333\\RubicProxy-label.sol",
        "RubicProxy",
        0
    ],
    "9b843fb545aa2c2e0c12ccc914bac3ef": [
        "C:\\Users\\wy\\Desktop\\rag\\dataset\\Rubic20221225\\0x3335A88bb18fD3b6824b59Af62b50CE494143333\\RubicProxy-label.sol",
        "RubicProxy",
        0
    ],
    "32533e0475f224140f98e17834d0f5ad": [
        "C:\\Users\\wy\\Desktop\\rag\\dataset\\Rubic20221225\\0x3335A88bb18fD3b6824b59Af62b50CE494143333\\RubicProxy-label.sol",
        "RubicProxy",
        0
    ],
    "5d76fe8e5e00ef0c261ad9491ffe0d95": [
        "C:\\Users\\wy\\Desktop\\rag\\dataset\\Rubic20221225\\0x3335A88bb18fD3b6824b59Af62b50CE494143333\\SafeERC20Upgradeable.sol",
        "SafeERC20Upgradeable",
        0
    ],
    "57431b4278800caf3963f049925622b4": [
        "C:\\Users\\wy\\Desktop\\rag\\dataset\\Rubic20221225\\0x3335A88bb18fD3b6824b59Af62b50CE494143333\\SafeERC20Upgradeable.sol",
        "SafeERC20Upgradeable",
        0
    ],
    "a4d677c1263904c9bbd8a2f8ddda7782": [
        "C:\\Users\\wy\\Desktop\\rag\\dataset\\Rubic20221225\\0x3335A88bb18fD3b6824b59Af62b50CE494143333\\SafeERC20Upgradeable.sol",
        "SafeERC20Upgradeable",
        0
    ],
    "c9736b9825e336263b2b2397f6c8eb6f": [
        "C:\\Users\\wy\\Desktop\\rag\\dataset\\Rubic20221225\\0x3335A88bb18fD3b6824b59Af62b50CE494143333\\SafeERC20Upgradeable.sol",
        "SafeERC20Upgradeable",
        0
    ],
    "4d43e0ae869ff557caeaafa74f68c8d6": [
        "C:\\Users\\wy\\Desktop\\rag\\dataset\\Rubic20221225\\0x3335A88bb18fD3b6824b59Af62b50CE494143333\\SafeERC20Upgradeable.sol",
        "SafeERC20Upgradeable",
        0
    ],
    "dd4868c276e23b6cc309f8f62a399906": [
        "C:\\Users\\wy\\Desktop\\rag\\dataset\\Rubic20221225\\0x3335A88bb18fD3b6824b59Af62b50CE494143333\\SafeERC20Upgradeable.sol",
        "SafeERC20Upgradeable",
        0
    ],
    "a4e40b0775bd936809c8fa7e0e3433e8": [
        "C:\\Users\\wy\\Desktop\\rag\\dataset\\Rubic20221225\\0x3335A88bb18fD3b6824b59Af62b50CE494143333\\SafeERC20Upgradeable.sol",
        "SafeERC20Upgradeable",
        0
    ],
    "a2823594d91641f3e7409bd1bde585bc": [
        "C:\\Users\\wy\\Desktop\\rag\\dataset\\Rubic20221225\\0x3335A88bb18fD3b6824b59Af62b50CE494143333\\SmartApprove.sol",
        "SmartApprove",
        0
    ]
}