{
    "b946110d999861cda9a1e7e7629934c3": [
        "C:\\Users\\wy\\Desktop\\rag\\dataset\\Nerve20211115\\0xd0fBF0A224563D5fFc8A57e4fdA6Ae080EbCf3D3\\Address.sol",
        "Address",
        0
    ],
    "4213f1701c2999f67f11de98a51e01f6": [
        "C:\\Users\\wy\\Desktop\\rag\\dataset\\Nerve20211115\\0xd0fBF0A224563D5fFc8A57e4fdA6Ae080EbCf3D3\\Address.sol",
        "Address",
        0
    ],
    "9bd9227b4301edafa41944a5a4cc096d": [
        "C:\\Users\\wy\\Desktop\\rag\\dataset\\Nerve20211115\\0xd0fBF0A224563D5fFc8A57e4fdA6Ae080EbCf3D3\\Address.sol",
        "Address",
        0
    ],
    "735101b0fafaf16211fa1793190b6833": [
        "C:\\Users\\wy\\Desktop\\rag\\dataset\\Nerve20211115\\0xd0fBF0A224563D5fFc8A57e4fdA6Ae080EbCf3D3\\Address.sol",
        "Address",
        0
    ],
    "9587564662cef65eec554844bed6f202": [
        "C:\\Users\\wy\\Desktop\\rag\\dataset\\Nerve20211115\\0xd0fBF0A224563D5fFc8A57e4fdA6Ae080EbCf3D3\\Address.sol",
        "Address",
        0
    ],
    "0756338a698cf2353736421e83671b07": [
        "C:\\Users\\wy\\Desktop\\rag\\dataset\\Nerve20211115\\0xd0fBF0A224563D5fFc8A57e4fdA6Ae080EbCf3D3\\Address.sol",
        "Address",
        0
    ],
    "994685aae3cda8dbbf0ffec7f803d344": [
        "C:\\Users\\wy\\Desktop\\rag\\dataset\\Nerve20211115\\0xd0fBF0A224563D5fFc8A57e4fdA6Ae080EbCf3D3\\Address.sol",
        "Address",
        0
    ],
    "c48c18ad7c0451e22168da4792c23d4b": [
        "C:\\Users\\wy\\Desktop\\rag\\dataset\\Nerve20211115\\0xd0fBF0A224563D5fFc8A57e4fdA6Ae080EbCf3D3\\Address.sol",
        "Address",
        0
    ],
    "219660ec0d55ecb352a5cec40b996f90": [
        "C:\\Users\\wy\\Desktop\\rag\\dataset\\Nerve20211115\\0xd0fBF0A224563D5fFc8A57e4fdA6Ae080EbCf3D3\\Address.sol",
        "Address",
        0
    ],
    "a00c6b7016c29f7cdedc4619490947ed": [
        "C:\\Users\\wy\\Desktop\\rag\\dataset\\Nerve20211115\\0xd0fBF0A224563D5fFc8A57e4fdA6Ae080EbCf3D3\\Address.sol",
        "Address",
        0
    ],
    "e6d84fd002b4ef76a1834f09ca48b18b": [
        "C:\\Users\\wy\\Desktop\\rag\\dataset\\Nerve20211115\\0xd0fBF0A224563D5fFc8A57e4fdA6Ae080EbCf3D3\\Address.sol",
        "Address",
        0
    ],
    "5e1d12e61f4bf4b37161d9b684742570": [
        "C:\\Users\\wy\\Desktop\\rag\\dataset\\Nerve20211115\\0xd0fBF0A224563D5fFc8A57e4fdA6Ae080EbCf3D3\\IERC20.sol",
        "IERC20",
        0
    ],
    "3ac17e7782366957c960d337a4a648cd": [
        "C:\\Users\\wy\\Desktop\\rag\\dataset\\Nerve20211115\\0xd0fBF0A224563D5fFc8A57e4fdA6Ae080EbCf3D3\\IERC20.sol",
        "IERC20",
        0
    ],
    "98b540da9047ee99bce7fadde65d04b7": [
        "C:\\Users\\wy\\Desktop\\rag\\dataset\\Nerve20211115\\0xd0fBF0A224563D5fFc8A57e4fdA6Ae080EbCf3D3\\IERC20.sol",
        "IERC20",
        0
    ],
    "c93791d09d789aed33b9725d482af442": [
        "C:\\Users\\wy\\Desktop\\rag\\dataset\\Nerve20211115\\0xd0fBF0A224563D5fFc8A57e4fdA6Ae080EbCf3D3\\IERC20.sol",
        "IERC20",
        0
    ],
    "7c80d707df648dc123a10c69a1150edc": [
        "C:\\Users\\wy\\Desktop\\rag\\dataset\\Nerve20211115\\0xd0fBF0A224563D5fFc8A57e4fdA6Ae080EbCf3D3\\IERC20.sol",
        "IERC20",
        0
    ],
    "c134d67e13a988b449de71dd226682ab": [
        "C:\\Users\\wy\\Desktop\\rag\\dataset\\Nerve20211115\\0xd0fBF0A224563D5fFc8A57e4fdA6Ae080EbCf3D3\\IERC20.sol",
        "IERC20",
        0
    ],
    "46ce8334a4ead43a32dce5688a8a5d2b": [
        "C:\\Users\\wy\\Desktop\\rag\\dataset\\Nerve20211115\\0xd0fBF0A224563D5fFc8A57e4fdA6Ae080EbCf3D3\\SafeMath.sol",
        "SafeMath",
        0
    ],
    "1c1a32540e3a100292672418fcab8a72": [
        "C:\\Users\\wy\\Desktop\\rag\\dataset\\Nerve20211115\\0xd0fBF0A224563D5fFc8A57e4fdA6Ae080EbCf3D3\\SafeMath.sol",
        "SafeMath",
        0
    ],
    "700407387793583c2fe6c35cf9581e84": [
        "C:\\Users\\wy\\Desktop\\rag\\dataset\\Nerve20211115\\0xd0fBF0A224563D5fFc8A57e4fdA6Ae080EbCf3D3\\SafeMath.sol",
        "SafeMath",
        0
    ],
    "ecf8d5d646f961052d8509a2fe1c6222": [
        "C:\\Users\\wy\\Desktop\\rag\\dataset\\Nerve20211115\\0xd0fBF0A224563D5fFc8A57e4fdA6Ae080EbCf3D3\\SafeMath.sol",
        "SafeMath",
        0
    ],
    "67320fc63047d6ea1ea2f76cea3d1f40": [
        "C:\\Users\\wy\\Desktop\\rag\\dataset\\Nerve20211115\\0xd0fBF0A224563D5fFc8A57e4fdA6Ae080EbCf3D3\\SafeMath.sol",
        "SafeMath",
        0
    ],
    "b83a169007730f80a7fc79bee8748fff": [
        "C:\\Users\\wy\\Desktop\\rag\\dataset\\Nerve20211115\\0xd0fBF0A224563D5fFc8A57e4fdA6Ae080EbCf3D3\\SafeMath.sol",
        "SafeMath",
        0
    ],
    "aa6b5a83ac7caeaf81056eef5389fca5": [
        "C:\\Users\\wy\\Desktop\\rag\\dataset\\Nerve20211115\\0xd0fBF0A224563D5fFc8A57e4fdA6Ae080EbCf3D3\\SafeMath.sol",
        "SafeMath",
        0
    ],
    "bf37c866b6fedbd1f907bedc1db2ecf4": [
        "C:\\Users\\wy\\Desktop\\rag\\dataset\\Nerve20211115\\0xd0fBF0A224563D5fFc8A57e4fdA6Ae080EbCf3D3\\SafeMath.sol",
        "SafeMath",
        0
    ],
    "7c28c2dd07441fa54b1d03075792c91b": [
        "C:\\Users\\wy\\Desktop\\rag\\dataset\\Nerve20211115\\0xd0fBF0A224563D5fFc8A57e4fdA6Ae080EbCf3D3\\SafeMath.sol",
        "SafeMath",
        0
    ],
    "412fb6a70380571ecfde09f14e0cc060": [
        "C:\\Users\\wy\\Desktop\\rag\\dataset\\Nerve20211115\\0xd0fBF0A224563D5fFc8A57e4fdA6Ae080EbCf3D3\\SafeMath.sol",
        "SafeMath",
        0
    ],
    "13421747919eac13f5a8a59c89f33ea9": [
        "C:\\Users\\wy\\Desktop\\rag\\dataset\\Nerve20211115\\0xd0fBF0A224563D5fFc8A57e4fdA6Ae080EbCf3D3\\SafeMath.sol",
        "SafeMath",
        0
    ],
    "7c96bf46bac68fb10bb28ee253c94302": [
        "C:\\Users\\wy\\Desktop\\rag\\dataset\\Nerve20211115\\0xd0fBF0A224563D5fFc8A57e4fdA6Ae080EbCf3D3\\SafeMath.sol",
        "SafeMath",
        0
    ],
    "6355d2e145b4213072aa6bcb41536f79": [
        "C:\\Users\\wy\\Desktop\\rag\\dataset\\Nerve20211115\\0xd0fBF0A224563D5fFc8A57e4fdA6Ae080EbCf3D3\\SafeMath.sol",
        "SafeMath",
        0
    ],
    "eea4fa7146b01518dc938446227eee77": [
        "C:\\Users\\wy\\Desktop\\rag\\dataset\\Nerve20211115\\0xd0fBF0A224563D5fFc8A57e4fdA6Ae080EbCf3D3\\SafeERC20.sol",
        "SafeERC20",
        0
    ],
    "6d0886ab47ccffec354b109fb2e8de81": [
        "C:\\Users\\wy\\Desktop\\rag\\dataset\\Nerve20211115\\0xd0fBF0A224563D5fFc8A57e4fdA6Ae080EbCf3D3\\SafeERC20.sol",
        "SafeERC20",
        0
    ],
    "185df0fcc33639b458206937b625daee": [
        "C:\\Users\\wy\\Desktop\\rag\\dataset\\Nerve20211115\\0xd0fBF0A224563D5fFc8A57e4fdA6Ae080EbCf3D3\\SafeERC20.sol",
        "SafeERC20",
        0
    ],
    "7ec9c2fa883a691f577ada41e861f1dd": [
        "C:\\Users\\wy\\Desktop\\rag\\dataset\\Nerve20211115\\0xd0fBF0A224563D5fFc8A57e4fdA6Ae080EbCf3D3\\SafeERC20.sol",
        "SafeERC20",
        0
    ],
    "046342634ee770bd5ae8a38f96edb56e": [
        "C:\\Users\\wy\\Desktop\\rag\\dataset\\Nerve20211115\\0xd0fBF0A224563D5fFc8A57e4fdA6Ae080EbCf3D3\\SafeERC20.sol",
        "SafeERC20",
        0
    ],
    "3255af138c94ef435c7b1a72a5640b11": [
        "C:\\Users\\wy\\Desktop\\rag\\dataset\\Nerve20211115\\0xd0fBF0A224563D5fFc8A57e4fdA6Ae080EbCf3D3\\SafeERC20.sol",
        "SafeERC20",
        0
    ],
    "e01db225848eafd9e13219a3b4cddc57": [
        "C:\\Users\\wy\\Desktop\\rag\\dataset\\Nerve20211115\\0xd0fBF0A224563D5fFc8A57e4fdA6Ae080EbCf3D3\\AmplificationUtils.sol",
        "AmplificationUtils",
        0
    ],
    "1841c31028e5ff20105b364654e5ad84": [
        "C:\\Users\\wy\\Desktop\\rag\\dataset\\Nerve20211115\\0xd0fBF0A224563D5fFc8A57e4fdA6Ae080EbCf3D3\\AmplificationUtils.sol",
        "AmplificationUtils",
        0
    ],
    "00e29fff2bd07c51e23e94ddc6a504c4": [
        "C:\\Users\\wy\\Desktop\\rag\\dataset\\Nerve20211115\\0xd0fBF0A224563D5fFc8A57e4fdA6Ae080EbCf3D3\\Context.sol",
        "Context",
        0
    ],
    "85862d5484a7dade4fadbe2620ef8307": [
        "C:\\Users\\wy\\Desktop\\rag\\dataset\\Nerve20211115\\0xd0fBF0A224563D5fFc8A57e4fdA6Ae080EbCf3D3\\Context.sol",
        "Context",
        0
    ],
    "2df5a9c4c3f62b7f564f61d0928f903a": [
        "C:\\Users\\wy\\Desktop\\rag\\dataset\\Nerve20211115\\0xd0fBF0A224563D5fFc8A57e4fdA6Ae080EbCf3D3\\Initializable.sol",
        "Initializable",
        0
    ],
    "9a3941efe0712b157053363b75d3f33f": [
        "C:\\Users\\wy\\Desktop\\rag\\dataset\\Nerve20211115\\0xd0fBF0A224563D5fFc8A57e4fdA6Ae080EbCf3D3\\Initializable.sol",
        "Initializable",
        1
    ],
    "ac041e388216097d4a3bd5bb532a04c2": [
        "C:\\Users\\wy\\Desktop\\rag\\dataset\\Nerve20211115\\0xd0fBF0A224563D5fFc8A57e4fdA6Ae080EbCf3D3\\ContextUpgradeable.sol",
        "ContextUpgradeable",
        0
    ],
    "ff90e0cbb896d9c015a83bf8000be465": [
        "C:\\Users\\wy\\Desktop\\rag\\dataset\\Nerve20211115\\0xd0fBF0A224563D5fFc8A57e4fdA6Ae080EbCf3D3\\ContextUpgradeable.sol",
        "ContextUpgradeable",
        0
    ],
    "3a62379666f7028d769ab22cc39adec7": [
        "C:\\Users\\wy\\Desktop\\rag\\dataset\\Nerve20211115\\0xd0fBF0A224563D5fFc8A57e4fdA6Ae080EbCf3D3\\ERC20.sol",
        "ERC20",
        0
    ],
    "0033c399007643fc5848cdbcd89241ca": [
        "C:\\Users\\wy\\Desktop\\rag\\dataset\\Nerve20211115\\0xd0fBF0A224563D5fFc8A57e4fdA6Ae080EbCf3D3\\ERC20.sol",
        "ERC20",
        0
    ],
    "bf0c51dd93b1ed9776bae07f49802c59": [
        "C:\\Users\\wy\\Desktop\\rag\\dataset\\Nerve20211115\\0xd0fBF0A224563D5fFc8A57e4fdA6Ae080EbCf3D3\\ERC20.sol",
        "ERC20",
        0
    ],
    "3cb1f3cd1629ec5c3da0202aa05cce74": [
        "C:\\Users\\wy\\Desktop\\rag\\dataset\\Nerve20211115\\0xd0fBF0A224563D5fFc8A57e4fdA6Ae080EbCf3D3\\ERC20.sol",
        "ERC20",
        0
    ],
    "edb2b6e1669957d5cfae0073283d1f0a": [
        "C:\\Users\\wy\\Desktop\\rag\\dataset\\Nerve20211115\\0xd0fBF0A224563D5fFc8A57e4fdA6Ae080EbCf3D3\\ERC20.sol",
        "ERC20",
        0
    ],
    "55ed6875b4a2e03408080394832a7564": [
        "C:\\Users\\wy\\Desktop\\rag\\dataset\\Nerve20211115\\0xd0fBF0A224563D5fFc8A57e4fdA6Ae080EbCf3D3\\ERC20.sol",
        "ERC20",
        0
    ],
    "3ee0674f770c2fd01c8fe1a77d179a27": [
        "C:\\Users\\wy\\Desktop\\rag\\dataset\\Nerve20211115\\0xd0fBF0A224563D5fFc8A57e4fdA6Ae080EbCf3D3\\ERC20.sol",
        "ERC20",
        0
    ],
    "d7cbdea72a1a98a5910dc39323a9b2cc": [
        "C:\\Users\\wy\\Desktop\\rag\\dataset\\Nerve20211115\\0xd0fBF0A224563D5fFc8A57e4fdA6Ae080EbCf3D3\\ERC20.sol",
        "ERC20",
        0
    ],
    "6a2b69527387a6c654cc23d45f984ac2": [
        "C:\\Users\\wy\\Desktop\\rag\\dataset\\Nerve20211115\\0xd0fBF0A224563D5fFc8A57e4fdA6Ae080EbCf3D3\\ERC20.sol",
        "ERC20",
        0
    ],
    "2148a38f6e5adea8b372012c016d9070": [
        "C:\\Users\\wy\\Desktop\\rag\\dataset\\Nerve20211115\\0xd0fBF0A224563D5fFc8A57e4fdA6Ae080EbCf3D3\\ERC20.sol",
        "ERC20",
        0
    ],
    "e2420d124f948c49ec7763d058d15157": [
        "C:\\Users\\wy\\Desktop\\rag\\dataset\\Nerve20211115\\0xd0fBF0A224563D5fFc8A57e4fdA6Ae080EbCf3D3\\ERC20.sol",
        "ERC20",
        0
    ],
    "c9787278fddc63fad59c0d8d8adbcafe": [
        "C:\\Users\\wy\\Desktop\\rag\\dataset\\Nerve20211115\\0xd0fBF0A224563D5fFc8A57e4fdA6Ae080EbCf3D3\\ERC20.sol",
        "ERC20",
        0
    ],
    "fb62c220e2276721ee024f6b82f94489": [
        "C:\\Users\\wy\\Desktop\\rag\\dataset\\Nerve20211115\\0xd0fBF0A224563D5fFc8A57e4fdA6Ae080EbCf3D3\\ERC20.sol",
        "ERC20",
        0
    ],
    "096242128c682603db1a0b0d903136f5": [
        "C:\\Users\\wy\\Desktop\\rag\\dataset\\Nerve20211115\\0xd0fBF0A224563D5fFc8A57e4fdA6Ae080EbCf3D3\\ERC20.sol",
        "ERC20",
        0
    ],
    "5a2372c1fd2a727cf0935156c997d1f5": [
        "C:\\Users\\wy\\Desktop\\rag\\dataset\\Nerve20211115\\0xd0fBF0A224563D5fFc8A57e4fdA6Ae080EbCf3D3\\ERC20.sol",
        "ERC20",
        0
    ],
    "39fc3d2c59f8296512abc90ea29b08bf": [
        "C:\\Users\\wy\\Desktop\\rag\\dataset\\Nerve20211115\\0xd0fBF0A224563D5fFc8A57e4fdA6Ae080EbCf3D3\\ERC20.sol",
        "ERC20",
        0
    ],
    "5262dca7f23cd6c35cce3bfbdb3d28a0": [
        "C:\\Users\\wy\\Desktop\\rag\\dataset\\Nerve20211115\\0xd0fBF0A224563D5fFc8A57e4fdA6Ae080EbCf3D3\\ERC20.sol",
        "ERC20",
        0
    ],
    "ba41c5ef0cd7854682c8a8381eef9051": [
        "C:\\Users\\wy\\Desktop\\rag\\dataset\\Nerve20211115\\0xd0fBF0A224563D5fFc8A57e4fdA6Ae080EbCf3D3\\ERC20.sol",
        "ERC20",
        0
    ],
    "428cefcc6e4f5aace54672f0f6094c37": [
        "C:\\Users\\wy\\Desktop\\rag\\dataset\\Nerve20211115\\0xd0fBF0A224563D5fFc8A57e4fdA6Ae080EbCf3D3\\ERC20Burnable.sol",
        "ERC20Burnable",
        0
    ],
    "38ccb3d820bb411699d3ecfa4b23f070": [
        "C:\\Users\\wy\\Desktop\\rag\\dataset\\Nerve20211115\\0xd0fBF0A224563D5fFc8A57e4fdA6Ae080EbCf3D3\\ERC20Burnable.sol",
        "ERC20Burnable",
        0
    ],
    "6f9ecc1685eea861c4f78183210ff481": [
        "C:\\Users\\wy\\Desktop\\rag\\dataset\\Nerve20211115\\0xd0fBF0A224563D5fFc8A57e4fdA6Ae080EbCf3D3\\ISwap.sol",
        "ISwap",
        0
    ],
    "c96f4f082cf21763b9e2715375a539da": [
        "C:\\Users\\wy\\Desktop\\rag\\dataset\\Nerve20211115\\0xd0fBF0A224563D5fFc8A57e4fdA6Ae080EbCf3D3\\ISwap.sol",
        "ISwap",
        0
    ],
    "f39a6c73917936f9ffff548f7f7e746c": [
        "C:\\Users\\wy\\Desktop\\rag\\dataset\\Nerve20211115\\0xd0fBF0A224563D5fFc8A57e4fdA6Ae080EbCf3D3\\ISwap.sol",
        "ISwap",
        0
    ],
    "0f034604da7f9426d82ed853e6087fee": [
        "C:\\Users\\wy\\Desktop\\rag\\dataset\\Nerve20211115\\0xd0fBF0A224563D5fFc8A57e4fdA6Ae080EbCf3D3\\ISwap.sol",
        "ISwap",
        0
    ],
    "420465cbffe75165f8f0b239e1dab4d2": [
        "C:\\Users\\wy\\Desktop\\rag\\dataset\\Nerve20211115\\0xd0fBF0A224563D5fFc8A57e4fdA6Ae080EbCf3D3\\ISwap.sol",
        "ISwap",
        0
    ],
    "8e6675c69d2fcf6ed2cf5dc70aa00acf": [
        "C:\\Users\\wy\\Desktop\\rag\\dataset\\Nerve20211115\\0xd0fBF0A224563D5fFc8A57e4fdA6Ae080EbCf3D3\\ISwap.sol",
        "ISwap",
        0
    ],
    "498022abc7e9bb41375ce911f90e3d94": [
        "C:\\Users\\wy\\Desktop\\rag\\dataset\\Nerve20211115\\0xd0fBF0A224563D5fFc8A57e4fdA6Ae080EbCf3D3\\ISwap.sol",
        "ISwap",
        0
    ],
    "e9f9751e882169f6c8075faa06ca6f68": [
        "C:\\Users\\wy\\Desktop\\rag\\dataset\\Nerve20211115\\0xd0fBF0A224563D5fFc8A57e4fdA6Ae080EbCf3D3\\ISwap.sol",
        "ISwap",
        0
    ],
    "09c1749c055e003fda31998913ad390c": [
        "C:\\Users\\wy\\Desktop\\rag\\dataset\\Nerve20211115\\0xd0fBF0A224563D5fFc8A57e4fdA6Ae080EbCf3D3\\ISwap.sol",
        "ISwap",
        0
    ],
    "6e3a06475c2f017e160576505acf4004": [
        "C:\\Users\\wy\\Desktop\\rag\\dataset\\Nerve20211115\\0xd0fBF0A224563D5fFc8A57e4fdA6Ae080EbCf3D3\\ISwap.sol",
        "ISwap",
        0
    ],
    "cc6843b5761a9828699169b5b689065c": [
        "C:\\Users\\wy\\Desktop\\rag\\dataset\\Nerve20211115\\0xd0fBF0A224563D5fFc8A57e4fdA6Ae080EbCf3D3\\ISwap.sol",
        "ISwap",
        0
    ],
    "e512f8b789ff711c6eeb88f11bdf4237": [
        "C:\\Users\\wy\\Desktop\\rag\\dataset\\Nerve20211115\\0xd0fBF0A224563D5fFc8A57e4fdA6Ae080EbCf3D3\\ISwap.sol",
        "ISwap",
        0
    ],
    "935674da2d6c924d392ef59cc6c46245": [
        "C:\\Users\\wy\\Desktop\\rag\\dataset\\Nerve20211115\\0xd0fBF0A224563D5fFc8A57e4fdA6Ae080EbCf3D3\\ISwap.sol",
        "ISwap",
        0
    ],
    "1b411730afd04d364d9751572359335d": [
        "C:\\Users\\wy\\Desktop\\rag\\dataset\\Nerve20211115\\0xd0fBF0A224563D5fFc8A57e4fdA6Ae080EbCf3D3\\ISwap.sol",
        "ISwap",
        0
    ],
    "5e49a70dcc57413dffe4b970b8794f4f": [
        "C:\\Users\\wy\\Desktop\\rag\\dataset\\Nerve20211115\\0xd0fBF0A224563D5fFc8A57e4fdA6Ae080EbCf3D3\\ISwap.sol",
        "ISwap",
        0
    ],
    "97329c83d79cc78ba6164fbad1043ec6": [
        "C:\\Users\\wy\\Desktop\\rag\\dataset\\Nerve20211115\\0xd0fBF0A224563D5fFc8A57e4fdA6Ae080EbCf3D3\\ISwap.sol",
        "ISwap",
        0
    ],
    "0bccf07d36d4bad76be5c4148e55c230": [
        "C:\\Users\\wy\\Desktop\\rag\\dataset\\Nerve20211115\\0xd0fBF0A224563D5fFc8A57e4fdA6Ae080EbCf3D3\\Ownable.sol",
        "Ownable",
        0
    ],
    "c000c329207e63e4293ec575de9eb28a": [
        "C:\\Users\\wy\\Desktop\\rag\\dataset\\Nerve20211115\\0xd0fBF0A224563D5fFc8A57e4fdA6Ae080EbCf3D3\\Ownable.sol",
        "Ownable",
        0
    ],
    "6bc3f7799b940307f12357aad7c15fa2": [
        "C:\\Users\\wy\\Desktop\\rag\\dataset\\Nerve20211115\\0xd0fBF0A224563D5fFc8A57e4fdA6Ae080EbCf3D3\\Ownable.sol",
        "Ownable",
        0
    ],
    "4f1a2d71c9d0856b2600a43004342a3c": [
        "C:\\Users\\wy\\Desktop\\rag\\dataset\\Nerve20211115\\0xd0fBF0A224563D5fFc8A57e4fdA6Ae080EbCf3D3\\Ownable.sol",
        "Ownable",
        0
    ],
    "b92099c80fb280641bb32ab9f3280aeb": [
        "C:\\Users\\wy\\Desktop\\rag\\dataset\\Nerve20211115\\0xd0fBF0A224563D5fFc8A57e4fdA6Ae080EbCf3D3\\Ownable.sol",
        "Ownable",
        1
    ],
    "e7c98824c5fdd819e1373554272f9555": [
        "C:\\Users\\wy\\Desktop\\rag\\dataset\\Nerve20211115\\0xd0fBF0A224563D5fFc8A57e4fdA6Ae080EbCf3D3\\LPToken.sol",
        "LPToken",
        0
    ],
    "e117b57276712bc24650cbbc536ebf24": [
        "C:\\Users\\wy\\Desktop\\rag\\dataset\\Nerve20211115\\0xd0fBF0A224563D5fFc8A57e4fdA6Ae080EbCf3D3\\LPToken.sol",
        "LPToken",
        0
    ],
    "be3149e3238c37182209071d4f650ddc": [
        "C:\\Users\\wy\\Desktop\\rag\\dataset\\Nerve20211115\\0xd0fBF0A224563D5fFc8A57e4fdA6Ae080EbCf3D3\\LPToken.sol",
        "LPToken",
        0
    ],
    "7347ff93e1c4eedc754d94213f5aaa64": [
        "C:\\Users\\wy\\Desktop\\rag\\dataset\\Nerve20211115\\0xd0fBF0A224563D5fFc8A57e4fdA6Ae080EbCf3D3\\MathUtils.sol",
        "MathUtils",
        0
    ],
    "379d4a4aea3f56fd35fd419182293efc": [
        "C:\\Users\\wy\\Desktop\\rag\\dataset\\Nerve20211115\\0xd0fBF0A224563D5fFc8A57e4fdA6Ae080EbCf3D3\\MathUtils.sol",
        "MathUtils",
        0
    ],
    "34e915771b02ecc04f1b85ddf681a95a": [
        "C:\\Users\\wy\\Desktop\\rag\\dataset\\Nerve20211115\\0xd0fBF0A224563D5fFc8A57e4fdA6Ae080EbCf3D3\\ReentrancyGuardUpgradeable.sol",
        "ReentrancyGuardUpgradeable",
        0
    ],
    "41b48effa684a086fddea82adbb579c1": [
        "C:\\Users\\wy\\Desktop\\rag\\dataset\\Nerve20211115\\0xd0fBF0A224563D5fFc8A57e4fdA6Ae080EbCf3D3\\ReentrancyGuardUpgradeable.sol",
        "ReentrancyGuardUpgradeable",
        0
    ],
    "bfd26885a528af04ff7161b74f7a2107": [
        "C:\\Users\\wy\\Desktop\\rag\\dataset\\Nerve20211115\\0xd0fBF0A224563D5fFc8A57e4fdA6Ae080EbCf3D3\\ReentrancyGuardUpgradeable.sol",
        "ReentrancyGuardUpgradeable",
        1
    ],
    "f7820e4676d5bcf96dd81f938b91f4f1": [
        "C:\\Users\\wy\\Desktop\\rag\\dataset\\Nerve20211115\\0xd0fBF0A224563D5fFc8A57e4fdA6Ae080EbCf3D3\\OwnableUpgradeable.sol",
        "OwnableUpgradeable",
        0
    ],
    "f3e7ad499953e1b52c55f3c5bb3e4ddb": [
        "C:\\Users\\wy\\Desktop\\rag\\dataset\\Nerve20211115\\0xd0fBF0A224563D5fFc8A57e4fdA6Ae080EbCf3D3\\OwnableUpgradeable.sol",
        "OwnableUpgradeable",
        0
    ],
    "7c41b57e09342b4d366309be795c10c8": [
        "C:\\Users\\wy\\Desktop\\rag\\dataset\\Nerve20211115\\0xd0fBF0A224563D5fFc8A57e4fdA6Ae080EbCf3D3\\PausableUpgradeable.sol",
        "PausableUpgradeable",
        0
    ],
    "25b2fe227ac597a7fef321ac1b6b8dc9": [
        "C:\\Users\\wy\\Desktop\\rag\\dataset\\Nerve20211115\\0xd0fBF0A224563D5fFc8A57e4fdA6Ae080EbCf3D3\\PausableUpgradeable.sol",
        "PausableUpgradeable",
        0
    ],
    "2a45875f9a64209d907a8aed7b202937": [
        "C:\\Users\\wy\\Desktop\\rag\\dataset\\Nerve20211115\\0xd0fBF0A224563D5fFc8A57e4fdA6Ae080EbCf3D3\\PausableUpgradeable.sol",
        "PausableUpgradeable",
        0
    ],
    "5f208620cb437050ec0355ecb0c3e32b": [
        "C:\\Users\\wy\\Desktop\\rag\\dataset\\Nerve20211115\\0xd0fBF0A224563D5fFc8A57e4fdA6Ae080EbCf3D3\\PausableUpgradeable.sol",
        "PausableUpgradeable",
        0
    ],
    "07005ace67272c8e873543f86aa97854": [
        "C:\\Users\\wy\\Desktop\\rag\\dataset\\Nerve20211115\\0xd0fBF0A224563D5fFc8A57e4fdA6Ae080EbCf3D3\\PausableUpgradeable.sol",
        "PausableUpgradeable",
        0
    ],
    "0a79ab276c635152a0108994ab10f414": [
        "C:\\Users\\wy\\Desktop\\rag\\dataset\\Nerve20211115\\0xd0fBF0A224563D5fFc8A57e4fdA6Ae080EbCf3D3\\PausableUpgradeable.sol",
        "PausableUpgradeable",
        1
    ],
    "fc6a6fa2dbd6f2d1c659e95867da2c1f": [
        "C:\\Users\\wy\\Desktop\\rag\\dataset\\Nerve20211115\\0xd0fBF0A224563D5fFc8A57e4fdA6Ae080EbCf3D3\\PausableUpgradeable.sol",
        "PausableUpgradeable",
        1
    ],
    "d4e465b854afd264c6ca118b0729d1b0": [
        "C:\\Users\\wy\\Desktop\\rag\\dataset\\Nerve20211115\\0xd0fBF0A224563D5fFc8A57e4fdA6Ae080EbCf3D3\\OwnerPausableUpgradeable.sol",
        "OwnerPausableUpgradeable",
        0
    ],
    "b804e5c6aee052656f61d7ad9aae4c62": [
        "C:\\Users\\wy\\Desktop\\rag\\dataset\\Nerve20211115\\0xd0fBF0A224563D5fFc8A57e4fdA6Ae080EbCf3D3\\OwnerPausableUpgradeable.sol",
        "OwnerPausableUpgradeable",
        0
    ],
    "2f4cbfd9ac2ef266828d40cf114e86d5": [
        "C:\\Users\\wy\\Desktop\\rag\\dataset\\Nerve20211115\\0xd0fBF0A224563D5fFc8A57e4fdA6Ae080EbCf3D3\\OwnerPausableUpgradeable.sol",
        "OwnerPausableUpgradeable",
        0
    ],
    "8014884dadae1a6e1a298537092aeee6": [
        "C:\\Users\\wy\\Desktop\\rag\\dataset\\Nerve20211115\\0xd0fBF0A224563D5fFc8A57e4fdA6Ae080EbCf3D3\\Swap.sol",
        "Swap",
        0
    ],
    "30de50ec4d52512c7461f1ca055fb9e3": [
        "C:\\Users\\wy\\Desktop\\rag\\dataset\\Nerve20211115\\0xd0fBF0A224563D5fFc8A57e4fdA6Ae080EbCf3D3\\Swap.sol",
        "Swap",
        0
    ],
    "63bded69da7ae3de6c37a01ec3574618": [
        "C:\\Users\\wy\\Desktop\\rag\\dataset\\Nerve20211115\\0xd0fBF0A224563D5fFc8A57e4fdA6Ae080EbCf3D3\\Swap.sol",
        "Swap",
        0
    ],
    "12d8f6060eff82ab6851567e45aa1016": [
        "C:\\Users\\wy\\Desktop\\rag\\dataset\\Nerve20211115\\0xd0fBF0A224563D5fFc8A57e4fdA6Ae080EbCf3D3\\Swap.sol",
        "Swap",
        0
    ],
    "40ace606154171355eef88166e72c095": [
        "C:\\Users\\wy\\Desktop\\rag\\dataset\\Nerve20211115\\0xd0fBF0A224563D5fFc8A57e4fdA6Ae080EbCf3D3\\Swap.sol",
        "Swap",
        0
    ],
    "b4aed25227832ccabcfefd01fb99c321": [
        "C:\\Users\\wy\\Desktop\\rag\\dataset\\Nerve20211115\\0xd0fBF0A224563D5fFc8A57e4fdA6Ae080EbCf3D3\\Swap.sol",
        "Swap",
        0
    ],
    "b3ddb58901469bc0042429a5383cc696": [
        "C:\\Users\\wy\\Desktop\\rag\\dataset\\Nerve20211115\\0xd0fBF0A224563D5fFc8A57e4fdA6Ae080EbCf3D3\\Swap.sol",
        "Swap",
        0
    ],
    "874a3051fca7a6916cc8be9ef0fec3bf": [
        "C:\\Users\\wy\\Desktop\\rag\\dataset\\Nerve20211115\\0xd0fBF0A224563D5fFc8A57e4fdA6Ae080EbCf3D3\\Swap.sol",
        "Swap",
        0
    ],
    "b457a914884e851571b1d89ee4f92132": [
        "C:\\Users\\wy\\Desktop\\rag\\dataset\\Nerve20211115\\0xd0fBF0A224563D5fFc8A57e4fdA6Ae080EbCf3D3\\Swap.sol",
        "Swap",
        0
    ],
    "4e2b274857468d5018e0852a020460fc": [
        "C:\\Users\\wy\\Desktop\\rag\\dataset\\Nerve20211115\\0xd0fBF0A224563D5fFc8A57e4fdA6Ae080EbCf3D3\\Swap.sol",
        "Swap",
        0
    ],
    "9dd1b0baaa79e559487197c158da8fef": [
        "C:\\Users\\wy\\Desktop\\rag\\dataset\\Nerve20211115\\0xd0fBF0A224563D5fFc8A57e4fdA6Ae080EbCf3D3\\Swap.sol",
        "Swap",
        0
    ],
    "c9b55e378cab80d4cf39b55d2e6f5595": [
        "C:\\Users\\wy\\Desktop\\rag\\dataset\\Nerve20211115\\0xd0fBF0A224563D5fFc8A57e4fdA6Ae080EbCf3D3\\Swap.sol",
        "Swap",
        0
    ],
    "4a8840ceaaad749fa4539b11abc94e0e": [
        "C:\\Users\\wy\\Desktop\\rag\\dataset\\Nerve20211115\\0xd0fBF0A224563D5fFc8A57e4fdA6Ae080EbCf3D3\\Swap.sol",
        "Swap",
        0
    ],
    "03e3550591b427c0c24b3e8d7668423d": [
        "C:\\Users\\wy\\Desktop\\rag\\dataset\\Nerve20211115\\0xd0fBF0A224563D5fFc8A57e4fdA6Ae080EbCf3D3\\Swap.sol",
        "Swap",
        0
    ],
    "8f777b067ca04208fd6d027ad5939836": [
        "C:\\Users\\wy\\Desktop\\rag\\dataset\\Nerve20211115\\0xd0fBF0A224563D5fFc8A57e4fdA6Ae080EbCf3D3\\Swap.sol",
        "Swap",
        0
    ],
    "a12e88e548999c6761caec48ec2b556a": [
        "C:\\Users\\wy\\Desktop\\rag\\dataset\\Nerve20211115\\0xd0fBF0A224563D5fFc8A57e4fdA6Ae080EbCf3D3\\Swap.sol",
        "Swap",
        0
    ],
    "35f2a78850ec17fd8eeedd136939fc65": [
        "C:\\Users\\wy\\Desktop\\rag\\dataset\\Nerve20211115\\0xd0fBF0A224563D5fFc8A57e4fdA6Ae080EbCf3D3\\Swap.sol",
        "Swap",
        0
    ],
    "4da9141e1596cfe6f4e21c16cbc3ec5d": [
        "C:\\Users\\wy\\Desktop\\rag\\dataset\\Nerve20211115\\0xd0fBF0A224563D5fFc8A57e4fdA6Ae080EbCf3D3\\Swap.sol",
        "Swap",
        0
    ],
    "9b5b3f785d3cf195d97892954ed54a2b": [
        "C:\\Users\\wy\\Desktop\\rag\\dataset\\Nerve20211115\\0xd0fBF0A224563D5fFc8A57e4fdA6Ae080EbCf3D3\\Swap.sol",
        "Swap",
        0
    ],
    "ed65e9a2a92860cf7e62b13fa600dd1b": [
        "C:\\Users\\wy\\Desktop\\rag\\dataset\\Nerve20211115\\0xd0fBF0A224563D5fFc8A57e4fdA6Ae080EbCf3D3\\Swap.sol",
        "Swap",
        0
    ],
    "67b077a9c69e96c0108123efd75beac4": [
        "C:\\Users\\wy\\Desktop\\rag\\dataset\\Nerve20211115\\0xd0fBF0A224563D5fFc8A57e4fdA6Ae080EbCf3D3\\Swap.sol",
        "Swap",
        0
    ],
    "8f72f8acd0cce8407f7cdd4d4a2b0d63": [
        "C:\\Users\\wy\\Desktop\\rag\\dataset\\Nerve20211115\\0xd0fBF0A224563D5fFc8A57e4fdA6Ae080EbCf3D3\\Swap.sol",
        "Swap",
        0
    ],
    "156cedbcc542b23f8bc848e8339c8dd8": [
        "C:\\Users\\wy\\Desktop\\rag\\dataset\\Nerve20211115\\0xd0fBF0A224563D5fFc8A57e4fdA6Ae080EbCf3D3\\Swap.sol",
        "Swap",
        0
    ],
    "2b2f01db30bf13ba70b06d9082b1553c": [
        "C:\\Users\\wy\\Desktop\\rag\\dataset\\Nerve20211115\\0xd0fBF0A224563D5fFc8A57e4fdA6Ae080EbCf3D3\\Swap.sol",
        "Swap",
        0
    ],
    "c42cce82cc76766d65ad98b3c56d0ec1": [
        "C:\\Users\\wy\\Desktop\\rag\\dataset\\Nerve20211115\\0xd0fBF0A224563D5fFc8A57e4fdA6Ae080EbCf3D3\\Swap.sol",
        "Swap",
        0
    ],
    "cb4616c57dc264f52d37fae6b4766817": [
        "C:\\Users\\wy\\Desktop\\rag\\dataset\\Nerve20211115\\0xd0fBF0A224563D5fFc8A57e4fdA6Ae080EbCf3D3\\Swap.sol",
        "Swap",
        0
    ],
    "2bf62b84a39f78095acf516f9bbb3364": [
        "C:\\Users\\wy\\Desktop\\rag\\dataset\\Nerve20211115\\0xd0fBF0A224563D5fFc8A57e4fdA6Ae080EbCf3D3\\Swap.sol",
        "Swap",
        0
    ],
    "220242300c503b8f832e823ed6ca3bcc": [
        "C:\\Users\\wy\\Desktop\\rag\\dataset\\Nerve20211115\\0xd0fBF0A224563D5fFc8A57e4fdA6Ae080EbCf3D3\\Swap.sol",
        "Swap",
        0
    ],
    "741af853d02dfd98a7ae70fabe4f9e28": [
        "C:\\Users\\wy\\Desktop\\rag\\dataset\\Nerve20211115\\0xd0fBF0A224563D5fFc8A57e4fdA6Ae080EbCf3D3\\Swap.sol",
        "Swap",
        1
    ],
    "5d88ed712e0e801a164221342a63875c": [
        "C:\\Users\\wy\\Desktop\\rag\\dataset\\Nerve20211115\\0xd0fBF0A224563D5fFc8A57e4fdA6Ae080EbCf3D3\\MetaSwap.sol",
        "MetaSwap",
        0
    ],
    "3c4c74b9d392116d97ffc29829a1d642": [
        "C:\\Users\\wy\\Desktop\\rag\\dataset\\Nerve20211115\\0xd0fBF0A224563D5fFc8A57e4fdA6Ae080EbCf3D3\\MetaSwap.sol",
        "MetaSwap",
        0
    ],
    "b18088266effd823474c0729185005b5": [
        "C:\\Users\\wy\\Desktop\\rag\\dataset\\Nerve20211115\\0xd0fBF0A224563D5fFc8A57e4fdA6Ae080EbCf3D3\\MetaSwap.sol",
        "MetaSwap",
        0
    ],
    "540e1d3661ea8ab4fd98f74e6e4b414e": [
        "C:\\Users\\wy\\Desktop\\rag\\dataset\\Nerve20211115\\0xd0fBF0A224563D5fFc8A57e4fdA6Ae080EbCf3D3\\MetaSwap.sol",
        "MetaSwap",
        0
    ],
    "8144c764f4ed6812754fb55def3fbcde": [
        "C:\\Users\\wy\\Desktop\\rag\\dataset\\Nerve20211115\\0xd0fBF0A224563D5fFc8A57e4fdA6Ae080EbCf3D3\\MetaSwap.sol",
        "MetaSwap",
        0
    ],
    "84dbe116bd921f95882d4a925a3656b0": [
        "C:\\Users\\wy\\Desktop\\rag\\dataset\\Nerve20211115\\0xd0fBF0A224563D5fFc8A57e4fdA6Ae080EbCf3D3\\MetaSwap.sol",
        "MetaSwap",
        0
    ],
    "0c2fbc9dddcdbc4878eba3b4e3eeb788": [
        "C:\\Users\\wy\\Desktop\\rag\\dataset\\Nerve20211115\\0xd0fBF0A224563D5fFc8A57e4fdA6Ae080EbCf3D3\\MetaSwap.sol",
        "MetaSwap",
        0
    ],
    "e293519c67cc506bd880d686f030fa0c": [
        "C:\\Users\\wy\\Desktop\\rag\\dataset\\Nerve20211115\\0xd0fBF0A224563D5fFc8A57e4fdA6Ae080EbCf3D3\\MetaSwap.sol",
        "MetaSwap",
        0
    ],
    "02f1935daca78872dc7d6f2eccf91cb2": [
        "C:\\Users\\wy\\Desktop\\rag\\dataset\\Nerve20211115\\0xd0fBF0A224563D5fFc8A57e4fdA6Ae080EbCf3D3\\MetaSwap.sol",
        "MetaSwap",
        0
    ],
    "fe4c82ccf854c8d6a30b3983a6ae3831": [
        "C:\\Users\\wy\\Desktop\\rag\\dataset\\Nerve20211115\\0xd0fBF0A224563D5fFc8A57e4fdA6Ae080EbCf3D3\\MetaSwap.sol",
        "MetaSwap",
        0
    ],
    "cbeed2c597aa28364a71e557627acd7b": [
        "C:\\Users\\wy\\Desktop\\rag\\dataset\\Nerve20211115\\0xd0fBF0A224563D5fFc8A57e4fdA6Ae080EbCf3D3\\MetaSwap.sol",
        "MetaSwap",
        0
    ],
    "689d75a062ad737bbd038ddd3d0e8b9a": [
        "C:\\Users\\wy\\Desktop\\rag\\dataset\\Nerve20211115\\0xd0fBF0A224563D5fFc8A57e4fdA6Ae080EbCf3D3\\MetaSwapUtils-label.sol",
        "MetaSwapUtils",
        0
    ],
    "84ce26c0ad5beedac2cd8c06b941bf3d": [
        "C:\\Users\\wy\\Desktop\\rag\\dataset\\Nerve20211115\\0xd0fBF0A224563D5fFc8A57e4fdA6Ae080EbCf3D3\\MetaSwapUtils-label.sol",
        "MetaSwapUtils",
        0
    ],
    "45c3de6c15e028092afb6cbb63a3a0b0": [
        "C:\\Users\\wy\\Desktop\\rag\\dataset\\Nerve20211115\\0xd0fBF0A224563D5fFc8A57e4fdA6Ae080EbCf3D3\\MetaSwapUtils-label.sol",
        "MetaSwapUtils",
        0
    ],
    "c16d995023b9b5e179940672b3c26bba": [
        "C:\\Users\\wy\\Desktop\\rag\\dataset\\Nerve20211115\\0xd0fBF0A224563D5fFc8A57e4fdA6Ae080EbCf3D3\\MetaSwapUtils-label.sol",
        "MetaSwapUtils",
        0
    ],
    "363301ef9c2c99d87f16968e989a665f": [
        "C:\\Users\\wy\\Desktop\\rag\\dataset\\Nerve20211115\\0xd0fBF0A224563D5fFc8A57e4fdA6Ae080EbCf3D3\\MetaSwapUtils-label.sol",
        "MetaSwapUtils",
        0
    ],
    "047fcf1b356a05036e38f5e42249a8c6": [
        "C:\\Users\\wy\\Desktop\\rag\\dataset\\Nerve20211115\\0xd0fBF0A224563D5fFc8A57e4fdA6Ae080EbCf3D3\\MetaSwapUtils-label.sol",
        "MetaSwapUtils",
        0
    ],
    "339f95904c56358ad6c6a1354682bc7f": [
        "C:\\Users\\wy\\Desktop\\rag\\dataset\\Nerve20211115\\0xd0fBF0A224563D5fFc8A57e4fdA6Ae080EbCf3D3\\MetaSwapUtils-label.sol",
        "MetaSwapUtils",
        0
    ],
    "391f919f8c5503dfa26223653348be17": [
        "C:\\Users\\wy\\Desktop\\rag\\dataset\\Nerve20211115\\0xd0fBF0A224563D5fFc8A57e4fdA6Ae080EbCf3D3\\MetaSwapUtils-label.sol",
        "MetaSwapUtils",
        0
    ],
    "2a886d329fa638d6c2597924d5fa93d9": [
        "C:\\Users\\wy\\Desktop\\rag\\dataset\\Nerve20211115\\0xd0fBF0A224563D5fFc8A57e4fdA6Ae080EbCf3D3\\MetaSwapUtils-label.sol",
        "MetaSwapUtils",
        0
    ],
    "163aa449554589da7b832291e399b3c2": [
        "C:\\Users\\wy\\Desktop\\rag\\dataset\\Nerve20211115\\0xd0fBF0A224563D5fFc8A57e4fdA6Ae080EbCf3D3\\MetaSwapUtils-label.sol",
        "MetaSwapUtils",
        0
    ],
    "1ec3c5d4ff168de5bdb006d52b7cca0a": [
        "C:\\Users\\wy\\Desktop\\rag\\dataset\\Nerve20211115\\0xd0fBF0A224563D5fFc8A57e4fdA6Ae080EbCf3D3\\MetaSwapUtils-label.sol",
        "MetaSwapUtils",
        0
    ],
    "a23b167be4a3f6a01f12dec6d6e427f6": [
        "C:\\Users\\wy\\Desktop\\rag\\dataset\\Nerve20211115\\0xd0fBF0A224563D5fFc8A57e4fdA6Ae080EbCf3D3\\MetaSwapUtils-label.sol",
        "MetaSwapUtils",
        0
    ],
    "09c8ad631895401bd01101f390da7e49": [
        "C:\\Users\\wy\\Desktop\\rag\\dataset\\Nerve20211115\\0xd0fBF0A224563D5fFc8A57e4fdA6Ae080EbCf3D3\\MetaSwapUtils-label.sol",
        "MetaSwapUtils",
        0
    ],
    "acb4396a521091825528e45b8248c135": [
        "C:\\Users\\wy\\Desktop\\rag\\dataset\\Nerve20211115\\0xd0fBF0A224563D5fFc8A57e4fdA6Ae080EbCf3D3\\MetaSwapUtils-label.sol",
        "MetaSwapUtils",
        0
    ],
    "f6c73c0ddc82997c642e91165c7bfa7e": [
        "C:\\Users\\wy\\Desktop\\rag\\dataset\\Nerve20211115\\0xd0fBF0A224563D5fFc8A57e4fdA6Ae080EbCf3D3\\MetaSwapUtils-label.sol",
        "MetaSwapUtils",
        0
    ],
    "c167618b8c770f017f954fe2f0774732": [
        "C:\\Users\\wy\\Desktop\\rag\\dataset\\Nerve20211115\\0xd0fBF0A224563D5fFc8A57e4fdA6Ae080EbCf3D3\\MetaSwapUtils-label.sol",
        "MetaSwapUtils",
        0
    ],
    "5d75917c465009ec82b70f44d6778591": [
        "C:\\Users\\wy\\Desktop\\rag\\dataset\\Nerve20211115\\0xd0fBF0A224563D5fFc8A57e4fdA6Ae080EbCf3D3\\MetaSwapUtils-label.sol",
        "MetaSwapUtils",
        0
    ],
    "f70c2a706eda9bd89afa675df2988b29": [
        "C:\\Users\\wy\\Desktop\\rag\\dataset\\Nerve20211115\\0xd0fBF0A224563D5fFc8A57e4fdA6Ae080EbCf3D3\\MetaSwapUtils-label.sol",
        "MetaSwapUtils",
        0
    ],
    "861c873158978447f25728efdd4aab10": [
        "C:\\Users\\wy\\Desktop\\rag\\dataset\\Nerve20211115\\0xd0fBF0A224563D5fFc8A57e4fdA6Ae080EbCf3D3\\MetaSwapUtils-label.sol",
        "MetaSwapUtils",
        0
    ],
    "aa4fc9ff27740b70d9a2fea57c6aab96": [
        "C:\\Users\\wy\\Desktop\\rag\\dataset\\Nerve20211115\\0xd0fBF0A224563D5fFc8A57e4fdA6Ae080EbCf3D3\\MetaSwapUtils-label.sol",
        "MetaSwapUtils",
        0
    ],
    "d8175de025e7988cfb6a88ba3a6e351b": [
        "C:\\Users\\wy\\Desktop\\rag\\dataset\\Nerve20211115\\0xd0fBF0A224563D5fFc8A57e4fdA6Ae080EbCf3D3\\MetaSwapUtils-label.sol",
        "MetaSwapUtils",
        0
    ],
    "07cc9cafa755b2418f5eefa9dabca670": [
        "C:\\Users\\wy\\Desktop\\rag\\dataset\\Nerve20211115\\0xd0fBF0A224563D5fFc8A57e4fdA6Ae080EbCf3D3\\MetaSwapUtils-label.sol",
        "MetaSwapUtils",
        0
    ],
    "035180f29293c7f221ded26ddaf4c58d": [
        "C:\\Users\\wy\\Desktop\\rag\\dataset\\Nerve20211115\\0xd0fBF0A224563D5fFc8A57e4fdA6Ae080EbCf3D3\\MetaSwapUtils-label.sol",
        "MetaSwapUtils",
        0
    ],
    "e6f54357b156c5819426097cb2cb9a9c": [
        "C:\\Users\\wy\\Desktop\\rag\\dataset\\Nerve20211115\\0xd0fBF0A224563D5fFc8A57e4fdA6Ae080EbCf3D3\\MetaSwapUtils-label.sol",
        "MetaSwapUtils",
        0
    ],
    "f6cbd02357664decaa0e0af8b4886333": [
        "C:\\Users\\wy\\Desktop\\rag\\dataset\\Nerve20211115\\0xd0fBF0A224563D5fFc8A57e4fdA6Ae080EbCf3D3\\MetaSwapUtils-label.sol",
        "MetaSwapUtils",
        0
    ]
}