{
    "eae461b6d0ef6d1c8bb92d34e74a880d": [
        "C:\\Users\\wy\\Desktop\\rag\\dataset\\ChainSwap20210711\\AnyswapV4Router.sol",
        "ISushiswapV2Pair",
        0
    ],
    "6dbeae51296a5fa298e59b6ce26a07ef": [
        "C:\\Users\\wy\\Desktop\\rag\\dataset\\ChainSwap20210711\\AnyswapV4Router.sol",
        "ISushiswapV2Pair",
        0
    ],
    "19164606c7e09dcc0de5c859221b6cf5": [
        "C:\\Users\\wy\\Desktop\\rag\\dataset\\ChainSwap20210711\\AnyswapV4Router.sol",
        "ISushiswapV2Pair",
        0
    ],
    "a8ad5739cac88103083915986561f88c": [
        "C:\\Users\\wy\\Desktop\\rag\\dataset\\ChainSwap20210711\\AnyswapV4Router.sol",
        "ISushiswapV2Pair",
        0
    ],
    "2a7b7c36bbb6565de0e79bffef9b920f": [
        "C:\\Users\\wy\\Desktop\\rag\\dataset\\ChainSwap20210711\\AnyswapV4Router.sol",
        "ISushiswapV2Pair",
        0
    ],
    "e076653475ff64c2999d30ec870291e4": [
        "C:\\Users\\wy\\Desktop\\rag\\dataset\\ChainSwap20210711\\AnyswapV4Router.sol",
        "SafeMathSushiswap",
        0
    ],
    "50fc788cc62b3aabc5d934ec2ad1c67f": [
        "C:\\Users\\wy\\Desktop\\rag\\dataset\\ChainSwap20210711\\AnyswapV4Router.sol",
        "SafeMathSushiswap",
        0
    ],
    "17723186ccd020779d6c078c1da61e4b": [
        "C:\\Users\\wy\\Desktop\\rag\\dataset\\ChainSwap20210711\\AnyswapV4Router.sol",
        "SafeMathSushiswap",
        0
    ],
    "53553004d7c40a8043fec91809e5eb82": [
        "C:\\Users\\wy\\Desktop\\rag\\dataset\\ChainSwap20210711\\AnyswapV4Router.sol",
        "SushiswapV2Library",
        0
    ],
    "0966039bc6d80270f06e5d9760ee5973": [
        "C:\\Users\\wy\\Desktop\\rag\\dataset\\ChainSwap20210711\\AnyswapV4Router.sol",
        "SushiswapV2Library",
        0
    ],
    "e12c8e854eb992f08c30e88b3e078522": [
        "C:\\Users\\wy\\Desktop\\rag\\dataset\\ChainSwap20210711\\AnyswapV4Router.sol",
        "SushiswapV2Library",
        0
    ],
    "814d0103910bb8adeb7a6e1b665e2d9a": [
        "C:\\Users\\wy\\Desktop\\rag\\dataset\\ChainSwap20210711\\AnyswapV4Router.sol",
        "SushiswapV2Library",
        0
    ],
    "de9a0b4fe347557aa85f1beddb841fcb": [
        "C:\\Users\\wy\\Desktop\\rag\\dataset\\ChainSwap20210711\\AnyswapV4Router.sol",
        "SushiswapV2Library",
        0
    ],
    "719310c4a8954494b502bb60f325d986": [
        "C:\\Users\\wy\\Desktop\\rag\\dataset\\ChainSwap20210711\\AnyswapV4Router.sol",
        "SushiswapV2Library",
        0
    ],
    "fd145cd614d3cfb20b6182a54e4853a0": [
        "C:\\Users\\wy\\Desktop\\rag\\dataset\\ChainSwap20210711\\AnyswapV4Router.sol",
        "SushiswapV2Library",
        0
    ],
    "6409030ef935ed2148ebd6f3a0220b44": [
        "C:\\Users\\wy\\Desktop\\rag\\dataset\\ChainSwap20210711\\AnyswapV4Router.sol",
        "SushiswapV2Library",
        0
    ],
    "d9c6640cfca902b76e445a1510fab047": [
        "C:\\Users\\wy\\Desktop\\rag\\dataset\\ChainSwap20210711\\AnyswapV4Router.sol",
        "TransferHelper",
        0
    ],
    "3f5488f5b132ce36f3d9090a02d85295": [
        "C:\\Users\\wy\\Desktop\\rag\\dataset\\ChainSwap20210711\\AnyswapV4Router.sol",
        "TransferHelper",
        0
    ],
    "cb78f5eeced7c4ba60c419cbe210487c": [
        "C:\\Users\\wy\\Desktop\\rag\\dataset\\ChainSwap20210711\\AnyswapV4Router.sol",
        "TransferHelper",
        0
    ],
    "a335433fd57a5f0afeeef0aefa9cdf29": [
        "C:\\Users\\wy\\Desktop\\rag\\dataset\\ChainSwap20210711\\AnyswapV4Router.sol",
        "TransferHelper",
        0
    ],
    "4f2eec90abd519258d97a4283a54e2f1": [
        "C:\\Users\\wy\\Desktop\\rag\\dataset\\ChainSwap20210711\\AnyswapV4Router.sol",
        "IwNATIVE",
        0
    ],
    "0587b6354cf0d3773c8593eb4103d819": [
        "C:\\Users\\wy\\Desktop\\rag\\dataset\\ChainSwap20210711\\AnyswapV4Router.sol",
        "IwNATIVE",
        0
    ],
    "b3e698980247640e9fe99c060e4921fc": [
        "C:\\Users\\wy\\Desktop\\rag\\dataset\\ChainSwap20210711\\AnyswapV4Router.sol",
        "IwNATIVE",
        0
    ],
    "54fcc18fc5af6f55053554dd926d02c5": [
        "C:\\Users\\wy\\Desktop\\rag\\dataset\\ChainSwap20210711\\AnyswapV4Router.sol",
        "AnyswapV1ERC20",
        0
    ],
    "3b8d1a75aa40d4fec00a0d273d36f6da": [
        "C:\\Users\\wy\\Desktop\\rag\\dataset\\ChainSwap20210711\\AnyswapV4Router.sol",
        "AnyswapV1ERC20",
        0
    ],
    "6bc2dba1a1fe83dd749a9b3e6aefb013": [
        "C:\\Users\\wy\\Desktop\\rag\\dataset\\ChainSwap20210711\\AnyswapV4Router.sol",
        "AnyswapV1ERC20",
        0
    ],
    "c36ee7b9d27c9a670490ec8a73ff7fc6": [
        "C:\\Users\\wy\\Desktop\\rag\\dataset\\ChainSwap20210711\\AnyswapV4Router.sol",
        "AnyswapV1ERC20",
        0
    ],
    "d7e3a13249332b58de63af9851184b51": [
        "C:\\Users\\wy\\Desktop\\rag\\dataset\\ChainSwap20210711\\AnyswapV4Router.sol",
        "AnyswapV1ERC20",
        0
    ],
    "79a36cf7455e5210675c01a0880c01eb": [
        "C:\\Users\\wy\\Desktop\\rag\\dataset\\ChainSwap20210711\\AnyswapV4Router.sol",
        "AnyswapV1ERC20",
        0
    ],
    "5e1d12e61f4bf4b37161d9b684742570": [
        "C:\\Users\\wy\\Desktop\\rag\\dataset\\ChainSwap20210711\\AnyswapV4Router.sol",
        "IERC20",
        0
    ],
    "3ac17e7782366957c960d337a4a648cd": [
        "C:\\Users\\wy\\Desktop\\rag\\dataset\\ChainSwap20210711\\AnyswapV4Router.sol",
        "IERC20",
        0
    ],
    "98b540da9047ee99bce7fadde65d04b7": [
        "C:\\Users\\wy\\Desktop\\rag\\dataset\\ChainSwap20210711\\AnyswapV4Router.sol",
        "IERC20",
        0
    ],
    "c93791d09d789aed33b9725d482af442": [
        "C:\\Users\\wy\\Desktop\\rag\\dataset\\ChainSwap20210711\\AnyswapV4Router.sol",
        "IERC20",
        0
    ],
    "7c80d707df648dc123a10c69a1150edc": [
        "C:\\Users\\wy\\Desktop\\rag\\dataset\\ChainSwap20210711\\AnyswapV4Router.sol",
        "IERC20",
        0
    ],
    "865781e39f9ebb7f41df993418bdaa02": [
        "C:\\Users\\wy\\Desktop\\rag\\dataset\\ChainSwap20210711\\AnyswapV4Router.sol",
        "IERC20",
        0
    ],
    "c134d67e13a988b449de71dd226682ab": [
        "C:\\Users\\wy\\Desktop\\rag\\dataset\\ChainSwap20210711\\AnyswapV4Router.sol",
        "IERC20",
        0
    ],
    "936174799796d3ebd0f9d8d968cbd4d0": [
        "C:\\Users\\wy\\Desktop\\rag\\dataset\\ChainSwap20210711\\AnyswapV4Router.sol",
        "IERC20",
        0
    ],
    "50810f50f1d3cb83b51dd3d92b0428cd": [
        "C:\\Users\\wy\\Desktop\\rag\\dataset\\ChainSwap20210711\\AnyswapV4Router.sol",
        "AnyswapV4Router",
        0
    ],
    "cdfc83ed07486e348642e29a0b3c6348": [
        "C:\\Users\\wy\\Desktop\\rag\\dataset\\ChainSwap20210711\\AnyswapV4Router.sol",
        "AnyswapV4Router",
        0
    ],
    "3b476bdf3c0c6f59c7a2679df1573c5e": [
        "C:\\Users\\wy\\Desktop\\rag\\dataset\\ChainSwap20210711\\AnyswapV4Router.sol",
        "AnyswapV4Router",
        0
    ],
    "d51677553259dd3a2561dc5c5d57f506": [
        "C:\\Users\\wy\\Desktop\\rag\\dataset\\ChainSwap20210711\\AnyswapV4Router.sol",
        "AnyswapV4Router",
        0
    ],
    "356a220d78d853c93d9bc1ec5c4f108a": [
        "C:\\Users\\wy\\Desktop\\rag\\dataset\\ChainSwap20210711\\AnyswapV4Router.sol",
        "AnyswapV4Router",
        0
    ],
    "e4e8e12324334ff907b0cb998e752f67": [
        "C:\\Users\\wy\\Desktop\\rag\\dataset\\ChainSwap20210711\\AnyswapV4Router.sol",
        "AnyswapV4Router",
        0
    ],
    "1c1f7304aae24ab7052fcf4a7a3dee45": [
        "C:\\Users\\wy\\Desktop\\rag\\dataset\\ChainSwap20210711\\AnyswapV4Router.sol",
        "AnyswapV4Router",
        0
    ],
    "b94570b7ffc9f68a1ca18d6beb98e8dd": [
        "C:\\Users\\wy\\Desktop\\rag\\dataset\\ChainSwap20210711\\AnyswapV4Router.sol",
        "AnyswapV4Router",
        0
    ],
    "09724419b7849f1ff0347ad0f6f2b3c4": [
        "C:\\Users\\wy\\Desktop\\rag\\dataset\\ChainSwap20210711\\AnyswapV4Router.sol",
        "AnyswapV4Router",
        0
    ],
    "4331909528b573d1475d67d7e21cfe8b": [
        "C:\\Users\\wy\\Desktop\\rag\\dataset\\ChainSwap20210711\\AnyswapV4Router.sol",
        "AnyswapV4Router",
        0
    ],
    "e56da9218dd31aa549ffe99616e51080": [
        "C:\\Users\\wy\\Desktop\\rag\\dataset\\ChainSwap20210711\\AnyswapV4Router.sol",
        "AnyswapV4Router",
        0
    ],
    "4bbfd89bd4ff065fd57f8ec4b230f2ab": [
        "C:\\Users\\wy\\Desktop\\rag\\dataset\\ChainSwap20210711\\AnyswapV4Router.sol",
        "AnyswapV4Router",
        0
    ],
    "1cc907ea76af4a1e9ea921a12c0096b8": [
        "C:\\Users\\wy\\Desktop\\rag\\dataset\\ChainSwap20210711\\AnyswapV4Router.sol",
        "AnyswapV4Router",
        0
    ],
    "97daf37082120bc93fcc46ceddfed7ef": [
        "C:\\Users\\wy\\Desktop\\rag\\dataset\\ChainSwap20210711\\AnyswapV4Router.sol",
        "AnyswapV4Router",
        0
    ],
    "358fc23ced8480bb80ca2f8cdf8209a5": [
        "C:\\Users\\wy\\Desktop\\rag\\dataset\\ChainSwap20210711\\AnyswapV4Router.sol",
        "AnyswapV4Router",
        0
    ],
    "7e80a081d66b6b44fb0a19c21ee49d8d": [
        "C:\\Users\\wy\\Desktop\\rag\\dataset\\ChainSwap20210711\\AnyswapV4Router.sol",
        "AnyswapV4Router",
        0
    ],
    "65827b8e3e4d02e36245848cdf9830a8": [
        "C:\\Users\\wy\\Desktop\\rag\\dataset\\ChainSwap20210711\\AnyswapV4Router.sol",
        "AnyswapV4Router",
        0
    ],
    "e52d6f74aab575776fd40f2a8fec3ab3": [
        "C:\\Users\\wy\\Desktop\\rag\\dataset\\ChainSwap20210711\\AnyswapV4Router.sol",
        "AnyswapV4Router",
        0
    ],
    "0c6a5c06fb574ae7d2cebfc6380d53e3": [
        "C:\\Users\\wy\\Desktop\\rag\\dataset\\ChainSwap20210711\\AnyswapV4Router.sol",
        "AnyswapV4Router",
        0
    ],
    "239acd3dca7d4675a518132b1f27a9ce": [
        "C:\\Users\\wy\\Desktop\\rag\\dataset\\ChainSwap20210711\\AnyswapV4Router.sol",
        "AnyswapV4Router",
        0
    ],
    "2143b6387f72af4b4ef0b88533eff01b": [
        "C:\\Users\\wy\\Desktop\\rag\\dataset\\ChainSwap20210711\\AnyswapV4Router.sol",
        "AnyswapV4Router",
        0
    ],
    "1f6f063b82dddd8f853f73ba33e4c08f": [
        "C:\\Users\\wy\\Desktop\\rag\\dataset\\ChainSwap20210711\\AnyswapV4Router.sol",
        "AnyswapV4Router",
        0
    ],
    "6afac8a8f520c5a56949a003c089b542": [
        "C:\\Users\\wy\\Desktop\\rag\\dataset\\ChainSwap20210711\\AnyswapV4Router.sol",
        "AnyswapV4Router",
        0
    ],
    "8b2fac81138ef1fdd5628a6ff4b99cde": [
        "C:\\Users\\wy\\Desktop\\rag\\dataset\\ChainSwap20210711\\AnyswapV4Router.sol",
        "AnyswapV4Router",
        0
    ],
    "ffe85e61d04944b785bea5476e7c8c5a": [
        "C:\\Users\\wy\\Desktop\\rag\\dataset\\ChainSwap20210711\\AnyswapV4Router.sol",
        "AnyswapV4Router",
        0
    ],
    "47d04f6c1c7681c44c388551996c8638": [
        "C:\\Users\\wy\\Desktop\\rag\\dataset\\ChainSwap20210711\\AnyswapV4Router.sol",
        "AnyswapV4Router",
        0
    ],
    "56b87d801027f384e07699b5e2e055e0": [
        "C:\\Users\\wy\\Desktop\\rag\\dataset\\ChainSwap20210711\\AnyswapV4Router.sol",
        "AnyswapV4Router",
        0
    ],
    "c6c66a39f8c7bac5734b719b3461127c": [
        "C:\\Users\\wy\\Desktop\\rag\\dataset\\ChainSwap20210711\\AnyswapV4Router.sol",
        "AnyswapV4Router",
        0
    ],
    "f5c694a9d663caca8bb3243f52b730fb": [
        "C:\\Users\\wy\\Desktop\\rag\\dataset\\ChainSwap20210711\\AnyswapV4Router.sol",
        "AnyswapV4Router",
        0
    ],
    "95db587290ccd5acf1faaed7e76ae45a": [
        "C:\\Users\\wy\\Desktop\\rag\\dataset\\ChainSwap20210711\\AnyswapV4Router.sol",
        "AnyswapV4Router",
        0
    ],
    "c1822bcc0b1d1c63b5b30e19b7d3df6a": [
        "C:\\Users\\wy\\Desktop\\rag\\dataset\\ChainSwap20210711\\AnyswapV4Router.sol",
        "AnyswapV4Router",
        0
    ],
    "63a1ef2cc53b6abf15a234b4d326849f": [
        "C:\\Users\\wy\\Desktop\\rag\\dataset\\ChainSwap20210711\\AnyswapV4Router.sol",
        "AnyswapV4Router",
        0
    ],
    "8ec022812beaa2bed86c98abceaa515f": [
        "C:\\Users\\wy\\Desktop\\rag\\dataset\\ChainSwap20210711\\AnyswapV4Router.sol",
        "AnyswapV4Router",
        0
    ],
    "c90cb781f5a6e1f1d99699b253c3fca0": [
        "C:\\Users\\wy\\Desktop\\rag\\dataset\\ChainSwap20210711\\AnyswapV4Router.sol",
        "AnyswapV4Router",
        1
    ],
    "a75c2415279a7702a610088c11b61697": [
        "C:\\Users\\wy\\Desktop\\rag\\dataset\\ChainSwap20210711\\AnyswapV4Router.sol",
        "AnyswapV4Router",
        1
    ],
    "f7d38ff9dad447b230596b4a7c78398e": [
        "C:\\Users\\wy\\Desktop\\rag\\dataset\\ChainSwap20210711\\InitializableProductProxy.sol",
        "Proxy",
        0
    ],
    "4f00cc7001758c49683101c33594a955": [
        "C:\\Users\\wy\\Desktop\\rag\\dataset\\ChainSwap20210711\\InitializableProductProxy.sol",
        "Proxy",
        0
    ],
    "0b37c62659e04339b90f1648b110f56f": [
        "C:\\Users\\wy\\Desktop\\rag\\dataset\\ChainSwap20210711\\InitializableProductProxy.sol",
        "Proxy",
        0
    ],
    "db5aa6efeb9afe8b9bb2504b3b017b39": [
        "C:\\Users\\wy\\Desktop\\rag\\dataset\\ChainSwap20210711\\InitializableProductProxy.sol",
        "Proxy",
        0
    ],
    "27e7f0e1443598d9e2ba9b36c230b5bf": [
        "C:\\Users\\wy\\Desktop\\rag\\dataset\\ChainSwap20210711\\InitializableProductProxy.sol",
        "BaseUpgradeabilityProxy",
        0
    ],
    "020862c1db68690b6fc90d8d79d6ca80": [
        "C:\\Users\\wy\\Desktop\\rag\\dataset\\ChainSwap20210711\\InitializableProductProxy.sol",
        "BaseUpgradeabilityProxy",
        0
    ],
    "66d788827a154d30ec1cba061e5570c1": [
        "C:\\Users\\wy\\Desktop\\rag\\dataset\\ChainSwap20210711\\InitializableProductProxy.sol",
        "BaseUpgradeabilityProxy",
        0
    ],
    "cdc14cca6446dbb9cc647e143856164b": [
        "C:\\Users\\wy\\Desktop\\rag\\dataset\\ChainSwap20210711\\InitializableProductProxy.sol",
        "BaseAdminUpgradeabilityProxy",
        0
    ],
    "a6f40d09c7371e6b0896c07377eb85b4": [
        "C:\\Users\\wy\\Desktop\\rag\\dataset\\ChainSwap20210711\\InitializableProductProxy.sol",
        "BaseAdminUpgradeabilityProxy",
        0
    ],
    "b4040c59ba3d8354007961691262cf5c": [
        "C:\\Users\\wy\\Desktop\\rag\\dataset\\ChainSwap20210711\\InitializableProductProxy.sol",
        "BaseAdminUpgradeabilityProxy",
        0
    ],
    "47918e9a3247983179f2b3b934ba09f0": [
        "C:\\Users\\wy\\Desktop\\rag\\dataset\\ChainSwap20210711\\InitializableProductProxy.sol",
        "BaseAdminUpgradeabilityProxy",
        0
    ],
    "0e77ced44741fee3d45dc85840cc9854": [
        "C:\\Users\\wy\\Desktop\\rag\\dataset\\ChainSwap20210711\\InitializableProductProxy.sol",
        "BaseAdminUpgradeabilityProxy",
        0
    ],
    "17e46214f004668ef94fe9a71e3bb84b": [
        "C:\\Users\\wy\\Desktop\\rag\\dataset\\ChainSwap20210711\\InitializableProductProxy.sol",
        "BaseAdminUpgradeabilityProxy",
        0
    ],
    "d378f93e9cbc24d40089de88de2c89ab": [
        "C:\\Users\\wy\\Desktop\\rag\\dataset\\ChainSwap20210711\\InitializableProductProxy.sol",
        "BaseAdminUpgradeabilityProxy",
        0
    ],
    "04921f4c8334fc5ec441dd6d56a5ad5e": [
        "C:\\Users\\wy\\Desktop\\rag\\dataset\\ChainSwap20210711\\InitializableProductProxy.sol",
        "BaseAdminUpgradeabilityProxy",
        0
    ],
    "675de24a29fdb1f5fa1e718dd12beb3d": [
        "C:\\Users\\wy\\Desktop\\rag\\dataset\\ChainSwap20210711\\InitializableProductProxy.sol",
        "BaseAdminUpgradeabilityProxy",
        1
    ],
    "6f7a48a275de56b77ab6a3da2cd62fa2": [
        "C:\\Users\\wy\\Desktop\\rag\\dataset\\ChainSwap20210711\\InitializableProductProxy.sol",
        "IAdminUpgradeabilityProxyView",
        0
    ],
    "52664394d4458bcb36eed8fcd1391db7": [
        "C:\\Users\\wy\\Desktop\\rag\\dataset\\ChainSwap20210711\\InitializableProductProxy.sol",
        "IAdminUpgradeabilityProxyView",
        0
    ],
    "665d0556394d96121afe241c0dde1353": [
        "C:\\Users\\wy\\Desktop\\rag\\dataset\\ChainSwap20210711\\InitializableProductProxy.sol",
        "UpgradeabilityProxy",
        0
    ],
    "59707d0e59b3c592a3cfa277681f855e": [
        "C:\\Users\\wy\\Desktop\\rag\\dataset\\ChainSwap20210711\\InitializableProductProxy.sol",
        "AdminUpgradeabilityProxy",
        0
    ],
    "d4e2305d69d155d325353d2af5f08aa6": [
        "C:\\Users\\wy\\Desktop\\rag\\dataset\\ChainSwap20210711\\InitializableProductProxy.sol",
        "AdminUpgradeabilityProxy",
        0
    ],
    "8dba270c57b64a077cb92cf964a18ab6": [
        "C:\\Users\\wy\\Desktop\\rag\\dataset\\ChainSwap20210711\\InitializableProductProxy.sol",
        "InitializableUpgradeabilityProxy",
        0
    ],
    "d8a8286e37fb2949714df210c60a345e": [
        "C:\\Users\\wy\\Desktop\\rag\\dataset\\ChainSwap20210711\\InitializableProductProxy.sol",
        "InitializableAdminUpgradeabilityProxy",
        0
    ],
    "14c37193c5188251536d403bf053fbd3": [
        "C:\\Users\\wy\\Desktop\\rag\\dataset\\ChainSwap20210711\\InitializableProductProxy.sol",
        "IProxyFactory",
        0
    ],
    "12e3aad9b315ac7f6cd8f77c1cf5b77b": [
        "C:\\Users\\wy\\Desktop\\rag\\dataset\\ChainSwap20210711\\InitializableProductProxy.sol",
        "IProxyFactory",
        0
    ],
    "6c574140b5764bd09d3e060ee34818a5": [
        "C:\\Users\\wy\\Desktop\\rag\\dataset\\ChainSwap20210711\\InitializableProductProxy.sol",
        "ProductProxy",
        0
    ],
    "46067bbc65ad5d5938375eb7162698bd": [
        "C:\\Users\\wy\\Desktop\\rag\\dataset\\ChainSwap20210711\\InitializableProductProxy.sol",
        "ProductProxy",
        0
    ],
    "ae1fc6ea2e422ce638be61b36214dfff": [
        "C:\\Users\\wy\\Desktop\\rag\\dataset\\ChainSwap20210711\\InitializableProductProxy.sol",
        "ProductProxy",
        0
    ],
    "1042a80fca8e6a4788c06b0ef65c3d83": [
        "C:\\Users\\wy\\Desktop\\rag\\dataset\\ChainSwap20210711\\InitializableProductProxy.sol",
        "ProductProxy",
        0
    ],
    "8467fa706ee94e13246b8d1d31340514": [
        "C:\\Users\\wy\\Desktop\\rag\\dataset\\ChainSwap20210711\\InitializableProductProxy.sol",
        "ProductProxy",
        0
    ],
    "498736a6f9917bebbd748907c1b98066": [
        "C:\\Users\\wy\\Desktop\\rag\\dataset\\ChainSwap20210711\\InitializableProductProxy.sol",
        "InitializableProductProxy",
        0
    ],
    "e986e1314e3f92c6e8231c87020f5190": [
        "C:\\Users\\wy\\Desktop\\rag\\dataset\\ChainSwap20210711\\InitializableProductProxy.sol",
        "Initializable",
        0
    ],
    "7f75415da7e980a2aa80eef6534a10e9": [
        "C:\\Users\\wy\\Desktop\\rag\\dataset\\ChainSwap20210711\\InitializableProductProxy.sol",
        "Initializable",
        1
    ],
    "ac041e388216097d4a3bd5bb532a04c2": [
        "C:\\Users\\wy\\Desktop\\rag\\dataset\\ChainSwap20210711\\InitializableProductProxy.sol",
        "ContextUpgradeSafe",
        0
    ],
    "ff90e0cbb896d9c015a83bf8000be465": [
        "C:\\Users\\wy\\Desktop\\rag\\dataset\\ChainSwap20210711\\InitializableProductProxy.sol",
        "ContextUpgradeSafe",
        0
    ],
    "00e29fff2bd07c51e23e94ddc6a504c4": [
        "C:\\Users\\wy\\Desktop\\rag\\dataset\\ChainSwap20210711\\InitializableProductProxy.sol",
        "ContextUpgradeSafe",
        0
    ],
    "85862d5484a7dade4fadbe2620ef8307": [
        "C:\\Users\\wy\\Desktop\\rag\\dataset\\ChainSwap20210711\\InitializableProductProxy.sol",
        "ContextUpgradeSafe",
        0
    ],
    "34e915771b02ecc04f1b85ddf681a95a": [
        "C:\\Users\\wy\\Desktop\\rag\\dataset\\ChainSwap20210711\\InitializableProductProxy.sol",
        "ReentrancyGuardUpgradeSafe",
        0
    ],
    "8637bad20979541eac50c401114bee2d": [
        "C:\\Users\\wy\\Desktop\\rag\\dataset\\ChainSwap20210711\\InitializableProductProxy.sol",
        "ReentrancyGuardUpgradeSafe",
        0
    ],
    "cc2bc7a15485c438a15c09f84d12d03d": [
        "C:\\Users\\wy\\Desktop\\rag\\dataset\\ChainSwap20210711\\InitializableProductProxy.sol",
        "ReentrancyGuardUpgradeSafe",
        1
    ],
    "b584abd0b7f50934d10d32072fbe1a94": [
        "C:\\Users\\wy\\Desktop\\rag\\dataset\\ChainSwap20210711\\InitializableProductProxy.sol",
        "Math",
        0
    ],
    "97ac6427d500c267e7e4b602d5f627f9": [
        "C:\\Users\\wy\\Desktop\\rag\\dataset\\ChainSwap20210711\\InitializableProductProxy.sol",
        "Math",
        0
    ],
    "8321921b9cc42a318ef30b31ce528b02": [
        "C:\\Users\\wy\\Desktop\\rag\\dataset\\ChainSwap20210711\\InitializableProductProxy.sol",
        "Math",
        0
    ],
    "b83a169007730f80a7fc79bee8748fff": [
        "C:\\Users\\wy\\Desktop\\rag\\dataset\\ChainSwap20210711\\InitializableProductProxy.sol",
        "SafeMath",
        0
    ],
    "972c2868144778b0617e55a6f97163a0": [
        "C:\\Users\\wy\\Desktop\\rag\\dataset\\ChainSwap20210711\\InitializableProductProxy.sol",
        "SafeMath",
        0
    ],
    "5005b7d925d95cb4c4c0f092235e9f5d": [
        "C:\\Users\\wy\\Desktop\\rag\\dataset\\ChainSwap20210711\\InitializableProductProxy.sol",
        "SafeMath",
        0
    ],
    "be75c80bd9faa3a5143bdadcf9c00a6e": [
        "C:\\Users\\wy\\Desktop\\rag\\dataset\\ChainSwap20210711\\InitializableProductProxy.sol",
        "SafeMath",
        0
    ],
    "5622448ca508810ce734d0cb10517566": [
        "C:\\Users\\wy\\Desktop\\rag\\dataset\\ChainSwap20210711\\InitializableProductProxy.sol",
        "SafeMath",
        0
    ],
    "371f945bc2211ac7c63e7277fb7222a7": [
        "C:\\Users\\wy\\Desktop\\rag\\dataset\\ChainSwap20210711\\InitializableProductProxy.sol",
        "SafeMath",
        0
    ],
    "bff731811ec791ca1a5d6bc88d8d75a5": [
        "C:\\Users\\wy\\Desktop\\rag\\dataset\\ChainSwap20210711\\InitializableProductProxy.sol",
        "SafeMath",
        0
    ],
    "50a3733021c21a71491ee85ffb90a2a4": [
        "C:\\Users\\wy\\Desktop\\rag\\dataset\\ChainSwap20210711\\InitializableProductProxy.sol",
        "SafeMath",
        0
    ],
    "8ec02abe488c084092f946ae1c4a8ccd": [
        "C:\\Users\\wy\\Desktop\\rag\\dataset\\ChainSwap20210711\\InitializableProductProxy.sol",
        "SafeMath",
        0
    ],
    "b946110d999861cda9a1e7e7629934c3": [
        "C:\\Users\\wy\\Desktop\\rag\\dataset\\ChainSwap20210711\\InitializableProductProxy.sol",
        "OpenZeppelinUpgradesAddress",
        0
    ],
    "0bfe93cb7ea36f0ded62a360862b840e": [
        "C:\\Users\\wy\\Desktop\\rag\\dataset\\ChainSwap20210711\\InitializableProductProxy.sol",
        "Address",
        0
    ],
    "4213f1701c2999f67f11de98a51e01f6": [
        "C:\\Users\\wy\\Desktop\\rag\\dataset\\ChainSwap20210711\\InitializableProductProxy.sol",
        "Address",
        0
    ],
    "c985715ed47563562f96eb11a2b37b23": [
        "C:\\Users\\wy\\Desktop\\rag\\dataset\\ChainSwap20210711\\InitializableProductProxy.sol",
        "ERC20UpgradeSafe",
        0
    ],
    "4c386946c4a912edf1422ab9ac62bfe5": [
        "C:\\Users\\wy\\Desktop\\rag\\dataset\\ChainSwap20210711\\InitializableProductProxy.sol",
        "ERC20UpgradeSafe",
        0
    ],
    "8572f20ecd43eb9f02a2efc81fdc4578": [
        "C:\\Users\\wy\\Desktop\\rag\\dataset\\ChainSwap20210711\\InitializableProductProxy.sol",
        "ERC20UpgradeSafe",
        0
    ],
    "b002d129ce65d0f4df01da6ede3b5e4d": [
        "C:\\Users\\wy\\Desktop\\rag\\dataset\\ChainSwap20210711\\InitializableProductProxy.sol",
        "ERC20UpgradeSafe",
        0
    ],
    "c396c5ca1d21fa7e84c10681e8d59b07": [
        "C:\\Users\\wy\\Desktop\\rag\\dataset\\ChainSwap20210711\\InitializableProductProxy.sol",
        "ERC20UpgradeSafe",
        0
    ],
    "bb4ad2b782229755936696d1b68b36a4": [
        "C:\\Users\\wy\\Desktop\\rag\\dataset\\ChainSwap20210711\\InitializableProductProxy.sol",
        "ERC20UpgradeSafe",
        0
    ],
    "c3e34cfaf7176fb234da98e9806cd30c": [
        "C:\\Users\\wy\\Desktop\\rag\\dataset\\ChainSwap20210711\\InitializableProductProxy.sol",
        "ERC20UpgradeSafe",
        0
    ],
    "3ee0674f770c2fd01c8fe1a77d179a27": [
        "C:\\Users\\wy\\Desktop\\rag\\dataset\\ChainSwap20210711\\InitializableProductProxy.sol",
        "ERC20UpgradeSafe",
        0
    ],
    "d7cbdea72a1a98a5910dc39323a9b2cc": [
        "C:\\Users\\wy\\Desktop\\rag\\dataset\\ChainSwap20210711\\InitializableProductProxy.sol",
        "ERC20UpgradeSafe",
        0
    ],
    "6a2b69527387a6c654cc23d45f984ac2": [
        "C:\\Users\\wy\\Desktop\\rag\\dataset\\ChainSwap20210711\\InitializableProductProxy.sol",
        "ERC20UpgradeSafe",
        0
    ],
    "5f7816850ef65d6d4f3d364dd10f5b85": [
        "C:\\Users\\wy\\Desktop\\rag\\dataset\\ChainSwap20210711\\InitializableProductProxy.sol",
        "ERC20UpgradeSafe",
        0
    ],
    "e2420d124f948c49ec7763d058d15157": [
        "C:\\Users\\wy\\Desktop\\rag\\dataset\\ChainSwap20210711\\InitializableProductProxy.sol",
        "ERC20UpgradeSafe",
        0
    ],
    "c9787278fddc63fad59c0d8d8adbcafe": [
        "C:\\Users\\wy\\Desktop\\rag\\dataset\\ChainSwap20210711\\InitializableProductProxy.sol",
        "ERC20UpgradeSafe",
        0
    ],
    "fb62c220e2276721ee024f6b82f94489": [
        "C:\\Users\\wy\\Desktop\\rag\\dataset\\ChainSwap20210711\\InitializableProductProxy.sol",
        "ERC20UpgradeSafe",
        0
    ],
    "096242128c682603db1a0b0d903136f5": [
        "C:\\Users\\wy\\Desktop\\rag\\dataset\\ChainSwap20210711\\InitializableProductProxy.sol",
        "ERC20UpgradeSafe",
        0
    ],
    "5a2372c1fd2a727cf0935156c997d1f5": [
        "C:\\Users\\wy\\Desktop\\rag\\dataset\\ChainSwap20210711\\InitializableProductProxy.sol",
        "ERC20UpgradeSafe",
        0
    ],
    "39fc3d2c59f8296512abc90ea29b08bf": [
        "C:\\Users\\wy\\Desktop\\rag\\dataset\\ChainSwap20210711\\InitializableProductProxy.sol",
        "ERC20UpgradeSafe",
        0
    ],
    "f7745f15903633a0ae970d1ffac10a13": [
        "C:\\Users\\wy\\Desktop\\rag\\dataset\\ChainSwap20210711\\InitializableProductProxy.sol",
        "ERC20UpgradeSafe",
        0
    ],
    "ba41c5ef0cd7854682c8a8381eef9051": [
        "C:\\Users\\wy\\Desktop\\rag\\dataset\\ChainSwap20210711\\InitializableProductProxy.sol",
        "ERC20UpgradeSafe",
        0
    ],
    "c5c104b6c9b2bed323041e0e6a46c9ff": [
        "C:\\Users\\wy\\Desktop\\rag\\dataset\\ChainSwap20210711\\InitializableProductProxy.sol",
        "ERC20CappedUpgradeSafe",
        0
    ],
    "f007047ea0c607931a54933ec74ed8df": [
        "C:\\Users\\wy\\Desktop\\rag\\dataset\\ChainSwap20210711\\InitializableProductProxy.sol",
        "ERC20CappedUpgradeSafe",
        0
    ],
    "e1f94bf4c7a12221e3c4286a5a734e0c": [
        "C:\\Users\\wy\\Desktop\\rag\\dataset\\ChainSwap20210711\\InitializableProductProxy.sol",
        "ERC20CappedUpgradeSafe",
        0
    ],
    "d2b90cd730eff07c85c6009cc5dfafb0": [
        "C:\\Users\\wy\\Desktop\\rag\\dataset\\ChainSwap20210711\\InitializableProductProxy.sol",
        "ERC20CappedUpgradeSafe",
        0
    ],
    "eea4fa7146b01518dc938446227eee77": [
        "C:\\Users\\wy\\Desktop\\rag\\dataset\\ChainSwap20210711\\InitializableProductProxy.sol",
        "SafeERC20",
        0
    ],
    "6d0886ab47ccffec354b109fb2e8de81": [
        "C:\\Users\\wy\\Desktop\\rag\\dataset\\ChainSwap20210711\\InitializableProductProxy.sol",
        "SafeERC20",
        0
    ],
    "185df0fcc33639b458206937b625daee": [
        "C:\\Users\\wy\\Desktop\\rag\\dataset\\ChainSwap20210711\\InitializableProductProxy.sol",
        "SafeERC20",
        0
    ],
    "7ec9c2fa883a691f577ada41e861f1dd": [
        "C:\\Users\\wy\\Desktop\\rag\\dataset\\ChainSwap20210711\\InitializableProductProxy.sol",
        "SafeERC20",
        0
    ],
    "046342634ee770bd5ae8a38f96edb56e": [
        "C:\\Users\\wy\\Desktop\\rag\\dataset\\ChainSwap20210711\\InitializableProductProxy.sol",
        "SafeERC20",
        0
    ],
    "e930f8d48927a8c8eb5f50424b168514": [
        "C:\\Users\\wy\\Desktop\\rag\\dataset\\ChainSwap20210711\\InitializableProductProxy.sol",
        "SafeERC20",
        0
    ],
    "0cd2ccf709d3e5b6966311eb28a70fe1": [
        "C:\\Users\\wy\\Desktop\\rag\\dataset\\ChainSwap20210711\\InitializableProductProxy.sol",
        "RLPReader",
        0
    ],
    "05bb0d8cabbae2c6a52a2c16ee5f4899": [
        "C:\\Users\\wy\\Desktop\\rag\\dataset\\ChainSwap20210711\\InitializableProductProxy.sol",
        "RLPReader",
        0
    ],
    "17f28a428ca899679f8b6cc87963d554": [
        "C:\\Users\\wy\\Desktop\\rag\\dataset\\ChainSwap20210711\\InitializableProductProxy.sol",
        "RLPReader",
        0
    ],
    "9b67b1f81a735023dbc9c029df861741": [
        "C:\\Users\\wy\\Desktop\\rag\\dataset\\ChainSwap20210711\\InitializableProductProxy.sol",
        "RLPReader",
        0
    ],
    "b17d35244884742e20e3d0541c8675bb": [
        "C:\\Users\\wy\\Desktop\\rag\\dataset\\ChainSwap20210711\\InitializableProductProxy.sol",
        "RLPReader",
        0
    ],
    "d639de7573161b3c3574cc3445512e55": [
        "C:\\Users\\wy\\Desktop\\rag\\dataset\\ChainSwap20210711\\InitializableProductProxy.sol",
        "RLPReader",
        0
    ],
    "fde7cb04579b5f53f083342b91214b5a": [
        "C:\\Users\\wy\\Desktop\\rag\\dataset\\ChainSwap20210711\\InitializableProductProxy.sol",
        "RLPReader",
        0
    ],
    "8a188b3867c04f23d4c9b8112bf8c03b": [
        "C:\\Users\\wy\\Desktop\\rag\\dataset\\ChainSwap20210711\\InitializableProductProxy.sol",
        "RLPReader",
        0
    ],
    "35e529f08dc67aabd1a1ec497eb85a80": [
        "C:\\Users\\wy\\Desktop\\rag\\dataset\\ChainSwap20210711\\InitializableProductProxy.sol",
        "RLPReader",
        0
    ],
    "dd14effb92d13bc360fb2cf561f17ced": [
        "C:\\Users\\wy\\Desktop\\rag\\dataset\\ChainSwap20210711\\InitializableProductProxy.sol",
        "RLPReader",
        0
    ],
    "7c77fc8d9b879c182e9650afe8fa97de": [
        "C:\\Users\\wy\\Desktop\\rag\\dataset\\ChainSwap20210711\\InitializableProductProxy.sol",
        "RLPReader",
        0
    ],
    "1ddc9f63ccd515b3217cc5b42e5496ce": [
        "C:\\Users\\wy\\Desktop\\rag\\dataset\\ChainSwap20210711\\InitializableProductProxy.sol",
        "RLPReader",
        0
    ],
    "6740fcfa59485c7be737510c171f29f7": [
        "C:\\Users\\wy\\Desktop\\rag\\dataset\\ChainSwap20210711\\InitializableProductProxy.sol",
        "RLPReader",
        0
    ],
    "6e63d8038e225008c3cc709e15a660d9": [
        "C:\\Users\\wy\\Desktop\\rag\\dataset\\ChainSwap20210711\\InitializableProductProxy.sol",
        "RLPReader",
        0
    ],
    "b3f1b7f6f3856d252499589e3e4b55df": [
        "C:\\Users\\wy\\Desktop\\rag\\dataset\\ChainSwap20210711\\InitializableProductProxy.sol",
        "RLPReader",
        0
    ],
    "3dbe3c85759ec3bd3a43e3ba1467e858": [
        "C:\\Users\\wy\\Desktop\\rag\\dataset\\ChainSwap20210711\\InitializableProductProxy.sol",
        "RLPReader",
        0
    ],
    "767f1e9fa633d5eb06f318b667b5bddb": [
        "C:\\Users\\wy\\Desktop\\rag\\dataset\\ChainSwap20210711\\InitializableProductProxy.sol",
        "RLPReader",
        0
    ],
    "ed7189b1ba2ee973c12c92eba833eee3": [
        "C:\\Users\\wy\\Desktop\\rag\\dataset\\ChainSwap20210711\\InitializableProductProxy.sol",
        "RLPReader",
        0
    ],
    "a9f35bd77083134c0ce9b0ad6f759227": [
        "C:\\Users\\wy\\Desktop\\rag\\dataset\\ChainSwap20210711\\InitializableProductProxy.sol",
        "RLPReader",
        0
    ],
    "84b3a85ebde6f91e8282f9061a2e4f91": [
        "C:\\Users\\wy\\Desktop\\rag\\dataset\\ChainSwap20210711\\InitializableProductProxy.sol",
        "RLPReader",
        0
    ],
    "a28ddae60877b8f1c962f0ca2ecc0f88": [
        "C:\\Users\\wy\\Desktop\\rag\\dataset\\ChainSwap20210711\\InitializableProductProxy.sol",
        "RLPReader",
        0
    ],
    "3f74892f609a8ec67c2e27260b621f1c": [
        "C:\\Users\\wy\\Desktop\\rag\\dataset\\ChainSwap20210711\\InitializableProductProxy.sol",
        "RLPEncode",
        0
    ],
    "8604051ae427fa331e1df4f77a2d3640": [
        "C:\\Users\\wy\\Desktop\\rag\\dataset\\ChainSwap20210711\\InitializableProductProxy.sol",
        "RLPEncode",
        0
    ],
    "a8b509d82d445621c950fb3fc94549fb": [
        "C:\\Users\\wy\\Desktop\\rag\\dataset\\ChainSwap20210711\\InitializableProductProxy.sol",
        "RLPEncode",
        0
    ],
    "c78d23cf3ed4ca27a94c55c1470e2657": [
        "C:\\Users\\wy\\Desktop\\rag\\dataset\\ChainSwap20210711\\InitializableProductProxy.sol",
        "RLPEncode",
        0
    ],
    "d5d7174cd65d33f039b3b5b5185edacf": [
        "C:\\Users\\wy\\Desktop\\rag\\dataset\\ChainSwap20210711\\InitializableProductProxy.sol",
        "RLPEncode",
        0
    ],
    "e903dbcc7d3a9b7e7cd581f6d20abfe0": [
        "C:\\Users\\wy\\Desktop\\rag\\dataset\\ChainSwap20210711\\InitializableProductProxy.sol",
        "RLPEncode",
        0
    ],
    "6acbba4803164d13aa8caddfd1a4843b": [
        "C:\\Users\\wy\\Desktop\\rag\\dataset\\ChainSwap20210711\\InitializableProductProxy.sol",
        "RLPEncode",
        0
    ],
    "ae112f709d4d6c2aacbc3a2e45951461": [
        "C:\\Users\\wy\\Desktop\\rag\\dataset\\ChainSwap20210711\\InitializableProductProxy.sol",
        "RLPEncode",
        0
    ],
    "8c255e74fbba360c6313266cadabb377": [
        "C:\\Users\\wy\\Desktop\\rag\\dataset\\ChainSwap20210711\\InitializableProductProxy.sol",
        "RLPEncode",
        0
    ],
    "58e71428e550677ad57964a9e15f8227": [
        "C:\\Users\\wy\\Desktop\\rag\\dataset\\ChainSwap20210711\\InitializableProductProxy.sol",
        "RLPEncode",
        0
    ],
    "cc5ca5191fdedcf583a600fa6d5adbce": [
        "C:\\Users\\wy\\Desktop\\rag\\dataset\\ChainSwap20210711\\InitializableProductProxy.sol",
        "RLPEncode",
        0
    ],
    "16c1baa24d9acf34dcdb3aa620084cb3": [
        "C:\\Users\\wy\\Desktop\\rag\\dataset\\ChainSwap20210711\\InitializableProductProxy.sol",
        "RLPEncode",
        0
    ],
    "879e78bb24227dfc5946689574a8695d": [
        "C:\\Users\\wy\\Desktop\\rag\\dataset\\ChainSwap20210711\\InitializableProductProxy.sol",
        "Governable",
        0
    ],
    "85995a4f6e671f962964ce56c0e4f39d": [
        "C:\\Users\\wy\\Desktop\\rag\\dataset\\ChainSwap20210711\\InitializableProductProxy.sol",
        "Governable",
        0
    ],
    "f35de59609cbb43697a4e6ea559553ed": [
        "C:\\Users\\wy\\Desktop\\rag\\dataset\\ChainSwap20210711\\InitializableProductProxy.sol",
        "Governable",
        0
    ],
    "5f2f869aa0fe9b3b1ab23dca54c99e1a": [
        "C:\\Users\\wy\\Desktop\\rag\\dataset\\ChainSwap20210711\\InitializableProductProxy.sol",
        "Governable",
        0
    ],
    "466feca3fa64bec1953ca5acea66852b": [
        "C:\\Users\\wy\\Desktop\\rag\\dataset\\ChainSwap20210711\\InitializableProductProxy.sol",
        "Governable",
        1
    ],
    "40f88d5700cf179f4872aa3d2301d263": [
        "C:\\Users\\wy\\Desktop\\rag\\dataset\\ChainSwap20210711\\InitializableProductProxy.sol",
        "ConfigurableBase",
        0
    ],
    "e063cd4a8e1681363946663dc7172e78": [
        "C:\\Users\\wy\\Desktop\\rag\\dataset\\ChainSwap20210711\\InitializableProductProxy.sol",
        "ConfigurableBase",
        0
    ],
    "809324351135af8af5948dc3228256ed": [
        "C:\\Users\\wy\\Desktop\\rag\\dataset\\ChainSwap20210711\\InitializableProductProxy.sol",
        "ConfigurableBase",
        0
    ],
    "e510d365c28cd5c45c8698c4a8da66fa": [
        "C:\\Users\\wy\\Desktop\\rag\\dataset\\ChainSwap20210711\\InitializableProductProxy.sol",
        "ConfigurableBase",
        0
    ],
    "6810b47bb8b9bdf484824c10ace6c87f": [
        "C:\\Users\\wy\\Desktop\\rag\\dataset\\ChainSwap20210711\\InitializableProductProxy.sol",
        "ConfigurableBase",
        0
    ],
    "d98c2c5fa5fdcf03cfaca62076e32368": [
        "C:\\Users\\wy\\Desktop\\rag\\dataset\\ChainSwap20210711\\InitializableProductProxy.sol",
        "ConfigurableBase",
        0
    ],
    "cc5d3b27153d0d72e7f3a2e16067a3a6": [
        "C:\\Users\\wy\\Desktop\\rag\\dataset\\ChainSwap20210711\\InitializableProductProxy.sol",
        "Configurable",
        0
    ],
    "33aa67f9b2a49a4f0a03c03216e769e2": [
        "C:\\Users\\wy\\Desktop\\rag\\dataset\\ChainSwap20210711\\InitializableProductProxy.sol",
        "Configurable",
        0
    ],
    "f1230849b5677ee398a77ab0a48c1dc3": [
        "C:\\Users\\wy\\Desktop\\rag\\dataset\\ChainSwap20210711\\InitializableProductProxy.sol",
        "Configurable",
        0
    ],
    "4a13ec0cb3ad1dc7fd0c1e7b4b6f5bea": [
        "C:\\Users\\wy\\Desktop\\rag\\dataset\\ChainSwap20210711\\InitializableProductProxy.sol",
        "IStakingRewards",
        0
    ],
    "ccac81abe8a4cf4b9b9ff72330b606e9": [
        "C:\\Users\\wy\\Desktop\\rag\\dataset\\ChainSwap20210711\\InitializableProductProxy.sol",
        "IStakingRewards",
        0
    ],
    "a3b57afb1690ec14b79ecf5653646715": [
        "C:\\Users\\wy\\Desktop\\rag\\dataset\\ChainSwap20210711\\InitializableProductProxy.sol",
        "IStakingRewards",
        0
    ],
    "c7e69e2286badc01bcf7ee324fe57986": [
        "C:\\Users\\wy\\Desktop\\rag\\dataset\\ChainSwap20210711\\InitializableProductProxy.sol",
        "IStakingRewards",
        0
    ],
    "ce5073ae61fb42cfa6a06d60ebacd643": [
        "C:\\Users\\wy\\Desktop\\rag\\dataset\\ChainSwap20210711\\InitializableProductProxy.sol",
        "IStakingRewards",
        0
    ],
    "552bfebb807bae557094fd257d5c6bb1": [
        "C:\\Users\\wy\\Desktop\\rag\\dataset\\ChainSwap20210711\\InitializableProductProxy.sol",
        "IStakingRewards",
        0
    ],
    "e9eaa0dbb699e0eaab238dc03d38321d": [
        "C:\\Users\\wy\\Desktop\\rag\\dataset\\ChainSwap20210711\\InitializableProductProxy.sol",
        "IStakingRewards",
        0
    ],
    "c0a81b800afdec75e93adf269b2c84e2": [
        "C:\\Users\\wy\\Desktop\\rag\\dataset\\ChainSwap20210711\\InitializableProductProxy.sol",
        "IStakingRewards",
        0
    ],
    "ac8cfbcd0e0a0212d24e3b4086ea23b0": [
        "C:\\Users\\wy\\Desktop\\rag\\dataset\\ChainSwap20210711\\InitializableProductProxy.sol",
        "IStakingRewards",
        0
    ],
    "272c9155fea21cd829658deb9498b8eb": [
        "C:\\Users\\wy\\Desktop\\rag\\dataset\\ChainSwap20210711\\InitializableProductProxy.sol",
        "RewardsDistributionRecipient",
        0
    ],
    "5d46d3f1a339e73c31ebec70f7b19c1e": [
        "C:\\Users\\wy\\Desktop\\rag\\dataset\\ChainSwap20210711\\InitializableProductProxy.sol",
        "RewardsDistributionRecipient",
        1
    ],
    "599c21a8a6fba694102ec58729c67517": [
        "C:\\Users\\wy\\Desktop\\rag\\dataset\\ChainSwap20210711\\InitializableProductProxy.sol",
        "StakingRewards",
        0
    ],
    "8c886bbd27a590a6c61619160bd12d7e": [
        "C:\\Users\\wy\\Desktop\\rag\\dataset\\ChainSwap20210711\\InitializableProductProxy.sol",
        "StakingRewards",
        0
    ],
    "9998ce51b4e1b9129e57ce503161957a": [
        "C:\\Users\\wy\\Desktop\\rag\\dataset\\ChainSwap20210711\\InitializableProductProxy.sol",
        "StakingRewards",
        0
    ],
    "15de4dec80e87e8f8a6e349c1791713e": [
        "C:\\Users\\wy\\Desktop\\rag\\dataset\\ChainSwap20210711\\InitializableProductProxy.sol",
        "StakingRewards",
        0
    ],
    "c8082bd0a9b6ee9a0b3e4ac25deb3be8": [
        "C:\\Users\\wy\\Desktop\\rag\\dataset\\ChainSwap20210711\\InitializableProductProxy.sol",
        "StakingRewards",
        0
    ],
    "1c60dc1d798e1fc7b3ed49e66e3a0037": [
        "C:\\Users\\wy\\Desktop\\rag\\dataset\\ChainSwap20210711\\InitializableProductProxy.sol",
        "StakingRewards",
        0
    ],
    "e1151f785bfaca18e89000d1040ed9fc": [
        "C:\\Users\\wy\\Desktop\\rag\\dataset\\ChainSwap20210711\\InitializableProductProxy.sol",
        "StakingRewards",
        0
    ],
    "3d9d757690a11d371292fae3b7076a6a": [
        "C:\\Users\\wy\\Desktop\\rag\\dataset\\ChainSwap20210711\\InitializableProductProxy.sol",
        "StakingRewards",
        0
    ],
    "97b18396e7d124ee1f3046b66fa2446c": [
        "C:\\Users\\wy\\Desktop\\rag\\dataset\\ChainSwap20210711\\InitializableProductProxy.sol",
        "StakingRewards",
        0
    ],
    "2b4d1b3c4a668e83a1472e43c667cc62": [
        "C:\\Users\\wy\\Desktop\\rag\\dataset\\ChainSwap20210711\\InitializableProductProxy.sol",
        "StakingRewards",
        0
    ],
    "10e3bd65e5bcc385c5bea945bf6f7495": [
        "C:\\Users\\wy\\Desktop\\rag\\dataset\\ChainSwap20210711\\InitializableProductProxy.sol",
        "StakingRewards",
        0
    ],
    "cf0c60a6ceac6e707b93737837cfee47": [
        "C:\\Users\\wy\\Desktop\\rag\\dataset\\ChainSwap20210711\\InitializableProductProxy.sol",
        "StakingRewards",
        0
    ],
    "4cea3f93e03fafd625d5ee2af4cd92f7": [
        "C:\\Users\\wy\\Desktop\\rag\\dataset\\ChainSwap20210711\\InitializableProductProxy.sol",
        "StakingRewards",
        0
    ],
    "bb763114652f7d5c52a26069f435d450": [
        "C:\\Users\\wy\\Desktop\\rag\\dataset\\ChainSwap20210711\\InitializableProductProxy.sol",
        "StakingRewards",
        0
    ],
    "7ede2a94200b87247125ca42cb6f4ee5": [
        "C:\\Users\\wy\\Desktop\\rag\\dataset\\ChainSwap20210711\\InitializableProductProxy.sol",
        "StakingRewards",
        1
    ],
    "7164681d17fe17aed21b5519967b69f8": [
        "C:\\Users\\wy\\Desktop\\rag\\dataset\\ChainSwap20210711\\InitializableProductProxy.sol",
        "IPermit",
        0
    ],
    "6825c4086b2f9aed3889e1daa87eae69": [
        "C:\\Users\\wy\\Desktop\\rag\\dataset\\ChainSwap20210711\\InitializableProductProxy.sol",
        "Constants",
        0
    ],
    "05815736d7928b6d89b76ea3ab39c703": [
        "C:\\Users\\wy\\Desktop\\rag\\dataset\\ChainSwap20210711\\InitializableProductProxy.sol",
        "MappingBase",
        0
    ],
    "79673d591562825640f4121189d81b02": [
        "C:\\Users\\wy\\Desktop\\rag\\dataset\\ChainSwap20210711\\InitializableProductProxy.sol",
        "MappingBase",
        0
    ],
    "ff516623fa8a60f4100693310b4ba61b": [
        "C:\\Users\\wy\\Desktop\\rag\\dataset\\ChainSwap20210711\\InitializableProductProxy.sol",
        "MappingBase",
        0
    ],
    "34ec82a51c1dce9927f99000e6589126": [
        "C:\\Users\\wy\\Desktop\\rag\\dataset\\ChainSwap20210711\\InitializableProductProxy.sol",
        "MappingBase",
        0
    ],
    "144ffdd11711d68e13a7ca12508f247e": [
        "C:\\Users\\wy\\Desktop\\rag\\dataset\\ChainSwap20210711\\InitializableProductProxy.sol",
        "MappingBase",
        0
    ],
    "ac113e3b7fe95605d0b40d39e0608f2f": [
        "C:\\Users\\wy\\Desktop\\rag\\dataset\\ChainSwap20210711\\InitializableProductProxy.sol",
        "MappingBase",
        0
    ],
    "49e4fd89b6b25f48efe82d67eb7087d0": [
        "C:\\Users\\wy\\Desktop\\rag\\dataset\\ChainSwap20210711\\InitializableProductProxy.sol",
        "MappingBase",
        0
    ],
    "561882f05046839a56634741c5309b0f": [
        "C:\\Users\\wy\\Desktop\\rag\\dataset\\ChainSwap20210711\\InitializableProductProxy.sol",
        "MappingBase",
        0
    ],
    "6136c98cbcc71ad0992a735c3c40b88f": [
        "C:\\Users\\wy\\Desktop\\rag\\dataset\\ChainSwap20210711\\InitializableProductProxy.sol",
        "MappingBase",
        0
    ],
    "86922428d8452388913efe588a4b8ce2": [
        "C:\\Users\\wy\\Desktop\\rag\\dataset\\ChainSwap20210711\\InitializableProductProxy.sol",
        "MappingBase",
        0
    ],
    "d61d5ce36aab8ff7dad1bd609b17ac72": [
        "C:\\Users\\wy\\Desktop\\rag\\dataset\\ChainSwap20210711\\InitializableProductProxy.sol",
        "MappingBase",
        0
    ],
    "e63f12fbc98db3cf71a25552c9a39c4d": [
        "C:\\Users\\wy\\Desktop\\rag\\dataset\\ChainSwap20210711\\InitializableProductProxy.sol",
        "MappingBase",
        0
    ],
    "6c24ca907828d42b3310a141e8c7f849": [
        "C:\\Users\\wy\\Desktop\\rag\\dataset\\ChainSwap20210711\\InitializableProductProxy.sol",
        "MappingBase",
        0
    ],
    "216ea009622fb7039aaedaf6f177ac20": [
        "C:\\Users\\wy\\Desktop\\rag\\dataset\\ChainSwap20210711\\InitializableProductProxy.sol",
        "MappingBase",
        0
    ],
    "8e41fe4e1716a1f2300afb8990bd3424": [
        "C:\\Users\\wy\\Desktop\\rag\\dataset\\ChainSwap20210711\\InitializableProductProxy.sol",
        "MappingBase",
        0
    ],
    "32c18416db20b37b649c2d92110fddec": [
        "C:\\Users\\wy\\Desktop\\rag\\dataset\\ChainSwap20210711\\InitializableProductProxy.sol",
        "MappingBase",
        0
    ],
    "28323e3f6201dca2a4f63ab5c97a37e3": [
        "C:\\Users\\wy\\Desktop\\rag\\dataset\\ChainSwap20210711\\InitializableProductProxy.sol",
        "MappingBase",
        1
    ],
    "5fb87c3de2be864fd9c3931e1d82a33d": [
        "C:\\Users\\wy\\Desktop\\rag\\dataset\\ChainSwap20210711\\InitializableProductProxy.sol",
        "TokenMapped",
        0
    ],
    "8c2bce4c179598901337a222feb5b31d": [
        "C:\\Users\\wy\\Desktop\\rag\\dataset\\ChainSwap20210711\\InitializableProductProxy.sol",
        "TokenMapped",
        0
    ],
    "45564361f73a1fffe1f8362ee20b0c87": [
        "C:\\Users\\wy\\Desktop\\rag\\dataset\\ChainSwap20210711\\InitializableProductProxy.sol",
        "TokenMapped",
        0
    ],
    "2c95c2632569b241a81417c214ad2624": [
        "C:\\Users\\wy\\Desktop\\rag\\dataset\\ChainSwap20210711\\InitializableProductProxy.sol",
        "TokenMapped",
        0
    ],
    "0be4ebdd58ca66c94625f5ab7b4b9cdc": [
        "C:\\Users\\wy\\Desktop\\rag\\dataset\\ChainSwap20210711\\InitializableProductProxy.sol",
        "TokenMapped",
        0
    ],
    "bf15ef5e8cd5a8fed62fd91684daada9": [
        "C:\\Users\\wy\\Desktop\\rag\\dataset\\ChainSwap20210711\\InitializableProductProxy.sol",
        "TokenMapped",
        0
    ],
    "465375fba32b24d2f5a6f4aaf4cdd644": [
        "C:\\Users\\wy\\Desktop\\rag\\dataset\\ChainSwap20210711\\InitializableProductProxy.sol",
        "TokenMapped",
        0
    ],
    "2ad13f2c1ff06f2215a947a59288ab55": [
        "C:\\Users\\wy\\Desktop\\rag\\dataset\\ChainSwap20210711\\InitializableProductProxy.sol",
        "Permit",
        0
    ],
    "83eb448c410a04a26542faebce5d9451": [
        "C:\\Users\\wy\\Desktop\\rag\\dataset\\ChainSwap20210711\\InitializableProductProxy.sol",
        "Permit",
        0
    ],
    "1fe0143db486b52d2b460a438477c91f": [
        "C:\\Users\\wy\\Desktop\\rag\\dataset\\ChainSwap20210711\\InitializableProductProxy.sol",
        "Permit",
        0
    ],
    "ba860f4e076e19159a0332a151115787": [
        "C:\\Users\\wy\\Desktop\\rag\\dataset\\ChainSwap20210711\\InitializableProductProxy.sol",
        "MappableToken",
        0
    ],
    "a5dd0f66bd60bf7d1284b201f972829a": [
        "C:\\Users\\wy\\Desktop\\rag\\dataset\\ChainSwap20210711\\InitializableProductProxy.sol",
        "MappableToken",
        0
    ],
    "02d43c192507532d93faa5c5e17ad699": [
        "C:\\Users\\wy\\Desktop\\rag\\dataset\\ChainSwap20210711\\InitializableProductProxy.sol",
        "MappableToken",
        0
    ],
    "0bd9801781b87b79768a71c5928e345d": [
        "C:\\Users\\wy\\Desktop\\rag\\dataset\\ChainSwap20210711\\InitializableProductProxy.sol",
        "MappableToken",
        0
    ],
    "ed34d5293f99543d4785937f7543a409": [
        "C:\\Users\\wy\\Desktop\\rag\\dataset\\ChainSwap20210711\\InitializableProductProxy.sol",
        "MappableToken",
        0
    ],
    "2f1bd32cae6680c5d92cf2a50f19d914": [
        "C:\\Users\\wy\\Desktop\\rag\\dataset\\ChainSwap20210711\\InitializableProductProxy.sol",
        "MappableToken",
        0
    ],
    "14277201f359d85a373f42198d3d66da": [
        "C:\\Users\\wy\\Desktop\\rag\\dataset\\ChainSwap20210711\\InitializableProductProxy.sol",
        "MappableToken",
        0
    ],
    "2a71f1565478a06a6636ec300118e99d": [
        "C:\\Users\\wy\\Desktop\\rag\\dataset\\ChainSwap20210711\\InitializableProductProxy.sol",
        "MappableToken",
        0
    ],
    "dafb64a463d4e480cceb073318f43e84": [
        "C:\\Users\\wy\\Desktop\\rag\\dataset\\ChainSwap20210711\\InitializableProductProxy.sol",
        "MappableToken",
        0
    ],
    "db857a6cf2e05adbd3d68b5e38d6f303": [
        "C:\\Users\\wy\\Desktop\\rag\\dataset\\ChainSwap20210711\\InitializableProductProxy.sol",
        "MappingToken",
        0
    ],
    "80fb68a7c6cb54839aa2fc9134b8620d": [
        "C:\\Users\\wy\\Desktop\\rag\\dataset\\ChainSwap20210711\\InitializableProductProxy.sol",
        "MappingToken",
        0
    ],
    "42bec4f17d5c412e25f980721d013ab9": [
        "C:\\Users\\wy\\Desktop\\rag\\dataset\\ChainSwap20210711\\InitializableProductProxy.sol",
        "MappingToken",
        0
    ],
    "672db7875d20c75ed9aeb84a1c9e0f38": [
        "C:\\Users\\wy\\Desktop\\rag\\dataset\\ChainSwap20210711\\InitializableProductProxy.sol",
        "MappingToken",
        0
    ],
    "de12a753e820af72755a75e812cc8172": [
        "C:\\Users\\wy\\Desktop\\rag\\dataset\\ChainSwap20210711\\InitializableProductProxy.sol",
        "MappingToken",
        0
    ],
    "6e1574fc066f159bafc294a9754c3ed8": [
        "C:\\Users\\wy\\Desktop\\rag\\dataset\\ChainSwap20210711\\InitializableProductProxy.sol",
        "MappingTokenProxy",
        0
    ],
    "34a06579c1a518bc1adbecc49c4a22d2": [
        "C:\\Users\\wy\\Desktop\\rag\\dataset\\ChainSwap20210711\\InitializableProductProxy.sol",
        "Factory",
        0
    ],
    "9146e6431ded603e0cfdc645febbd8af": [
        "C:\\Users\\wy\\Desktop\\rag\\dataset\\ChainSwap20210711\\InitializableProductProxy.sol",
        "Factory",
        0
    ],
    "9f9979de012e5bc2fbe9b35aa7dc071b": [
        "C:\\Users\\wy\\Desktop\\rag\\dataset\\ChainSwap20210711\\InitializableProductProxy.sol",
        "Factory",
        0
    ],
    "8fabd3868f8765847194be654bcde354": [
        "C:\\Users\\wy\\Desktop\\rag\\dataset\\ChainSwap20210711\\InitializableProductProxy.sol",
        "Factory",
        0
    ],
    "cafe54e13f9bcc022209d2eb0f2c814c": [
        "C:\\Users\\wy\\Desktop\\rag\\dataset\\ChainSwap20210711\\InitializableProductProxy.sol",
        "Factory",
        0
    ],
    "daefd1ea4a70745cb38ea06a5dcdfc05": [
        "C:\\Users\\wy\\Desktop\\rag\\dataset\\ChainSwap20210711\\InitializableProductProxy.sol",
        "Factory",
        0
    ],
    "d82795965168b5c3e635f7bab9e58e78": [
        "C:\\Users\\wy\\Desktop\\rag\\dataset\\ChainSwap20210711\\InitializableProductProxy.sol",
        "Factory",
        0
    ],
    "a12da5294bdc24f1810427fc18023481": [
        "C:\\Users\\wy\\Desktop\\rag\\dataset\\ChainSwap20210711\\InitializableProductProxy.sol",
        "Factory",
        0
    ],
    "315a30d60a72509c0376e97427018a01": [
        "C:\\Users\\wy\\Desktop\\rag\\dataset\\ChainSwap20210711\\InitializableProductProxy.sol",
        "Factory",
        0
    ],
    "9d7e0c2f5056e085a75937ad1ce66f63": [
        "C:\\Users\\wy\\Desktop\\rag\\dataset\\ChainSwap20210711\\InitializableProductProxy.sol",
        "Factory",
        0
    ],
    "f9730ad716dc75111c05e0b4e0291501": [
        "C:\\Users\\wy\\Desktop\\rag\\dataset\\ChainSwap20210711\\InitializableProductProxy.sol",
        "Factory",
        0
    ],
    "f71f58882a95a8d3add42fa5badcc3fa": [
        "C:\\Users\\wy\\Desktop\\rag\\dataset\\ChainSwap20210711\\InitializableProductProxy.sol",
        "Factory",
        0
    ],
    "d28c0b9784ea939e38fd5b2b99ea6c64": [
        "C:\\Users\\wy\\Desktop\\rag\\dataset\\ChainSwap20210711\\InitializableProductProxy.sol",
        "Factory",
        0
    ],
    "90e764dab316e90112523146d366a682": [
        "C:\\Users\\wy\\Desktop\\rag\\dataset\\ChainSwap20210711\\InitializableProductProxy.sol",
        "Factory",
        0
    ],
    "4c84e7d2ead6cad5cfb1ce2a63254932": [
        "C:\\Users\\wy\\Desktop\\rag\\dataset\\ChainSwap20210711\\InitializableProductProxy.sol",
        "Factory",
        0
    ],
    "56f3c2f9628dc92897fef99af379d4a8": [
        "C:\\Users\\wy\\Desktop\\rag\\dataset\\ChainSwap20210711\\InitializableProductProxy.sol",
        "Factory",
        0
    ],
    "ccdcfbfff15b280819f6ddd956c6f6a1": [
        "C:\\Users\\wy\\Desktop\\rag\\dataset\\ChainSwap20210711\\InitializableProductProxy.sol",
        "Factory",
        0
    ],
    "675f19b1ed1ac6fb8aa932cb150b66fa": [
        "C:\\Users\\wy\\Desktop\\rag\\dataset\\ChainSwap20210711\\InitializableProductProxy.sol",
        "Factory",
        0
    ],
    "81237327833ec3fafceefb06d46be031": [
        "C:\\Users\\wy\\Desktop\\rag\\dataset\\ChainSwap20210711\\InitializableProductProxy.sol",
        "Factory",
        0
    ],
    "94959713ac981c62fb3e74fc61b462d7": [
        "C:\\Users\\wy\\Desktop\\rag\\dataset\\ChainSwap20210711\\InitializableProductProxy.sol",
        "Factory",
        0
    ],
    "4748e1fbb8c8d892694d247da8de27c3": [
        "C:\\Users\\wy\\Desktop\\rag\\dataset\\ChainSwap20210711\\InitializableProductProxy.sol",
        "Factory",
        0
    ],
    "613a93c0f39f8c4d6d1000fb9e99cbb9": [
        "C:\\Users\\wy\\Desktop\\rag\\dataset\\ChainSwap20210711\\InitializableProductProxy.sol",
        "Factory",
        0
    ],
    "37ce87bf0975b25e0b22f4663f8f32cd": [
        "C:\\Users\\wy\\Desktop\\rag\\dataset\\ChainSwap20210711\\InitializableProductProxy.sol",
        "Factory",
        0
    ],
    "753850fbd63b510dd17f499b7e05df4f": [
        "C:\\Users\\wy\\Desktop\\rag\\dataset\\ChainSwap20210711\\InitializableProductProxy.sol",
        "Factory",
        0
    ],
    "6424da85b167141a86db3a23452eadda": [
        "C:\\Users\\wy\\Desktop\\rag\\dataset\\ChainSwap20210711\\InitializableProductProxy.sol",
        "Factory",
        0
    ],
    "033b05ffe0c43ee91111e85aa5a2580e": [
        "C:\\Users\\wy\\Desktop\\rag\\dataset\\ChainSwap20210711\\InitializableProductProxy.sol",
        "Factory",
        0
    ],
    "1eeb30d7dcd99cc68202aa9bd6c63ccb": [
        "C:\\Users\\wy\\Desktop\\rag\\dataset\\ChainSwap20210711\\InitializableProductProxy.sol",
        "Factory",
        0
    ],
    "04f8b3b84cae6c452c3e9aa4d0d23400": [
        "C:\\Users\\wy\\Desktop\\rag\\dataset\\ChainSwap20210711\\InitializableProductProxy.sol",
        "Factory",
        0
    ],
    "df95a3b890ac4fd21f2207b65aadc901": [
        "C:\\Users\\wy\\Desktop\\rag\\dataset\\ChainSwap20210711\\InitializableProductProxy.sol",
        "Factory",
        0
    ],
    "79aa471e9571edf96ea564c3ae90e5ca": [
        "C:\\Users\\wy\\Desktop\\rag\\dataset\\ChainSwap20210711\\InitializableProductProxy.sol",
        "Factory",
        0
    ],
    "b5bd6f1730e7bda104e28bf71b4bcb7c": [
        "C:\\Users\\wy\\Desktop\\rag\\dataset\\ChainSwap20210711\\InitializableProductProxy.sol",
        "Factory",
        0
    ],
    "f7bad47ce14de8656f1ab001aae0980a": [
        "C:\\Users\\wy\\Desktop\\rag\\dataset\\ChainSwap20210711\\InitializableProductProxy.sol",
        "Factory",
        0
    ],
    "f00ef9337c15026aba19b6cc4896e877": [
        "C:\\Users\\wy\\Desktop\\rag\\dataset\\ChainSwap20210711\\InitializableProductProxy.sol",
        "Factory",
        0
    ],
    "10e37a74085e6f1f988ae252ef75ef38": [
        "C:\\Users\\wy\\Desktop\\rag\\dataset\\ChainSwap20210711\\InitializableProductProxy.sol",
        "Factory",
        0
    ],
    "da414b99b3f74843b05ff95595bf5daf": [
        "C:\\Users\\wy\\Desktop\\rag\\dataset\\ChainSwap20210711\\InitializableProductProxy.sol",
        "Factory",
        0
    ],
    "786b6ee26f30f4fc45bfe1b7650b55fe": [
        "C:\\Users\\wy\\Desktop\\rag\\dataset\\ChainSwap20210711\\InitializableProductProxy.sol",
        "Factory",
        0
    ],
    "8fcec7f013a33e4c49cbca75d9e2f899": [
        "C:\\Users\\wy\\Desktop\\rag\\dataset\\ChainSwap20210711\\InitializableProductProxy.sol",
        "Factory",
        0
    ],
    "d00b334bc40cdc167c3ca368bd8805f3": [
        "C:\\Users\\wy\\Desktop\\rag\\dataset\\ChainSwap20210711\\InitializableProductProxy.sol",
        "Factory",
        0
    ],
    "f35a79fede15fd7a22a13e66fcf4aabe": [
        "C:\\Users\\wy\\Desktop\\rag\\dataset\\ChainSwap20210711\\InitializableProductProxy.sol",
        "Factory",
        0
    ],
    "1723d591c0c1ba7d6f14365e35981848": [
        "C:\\Users\\wy\\Desktop\\rag\\dataset\\ChainSwap20210711\\InitializableProductProxy.sol",
        "Factory",
        0
    ],
    "2acb0983ea6d76d9633fc8c9874d85ad": [
        "C:\\Users\\wy\\Desktop\\rag\\dataset\\ChainSwap20210711\\InitializableProductProxy.sol",
        "Factory",
        0
    ]
}