{
    "b946110d999861cda9a1e7e7629934c3": [
        "C:\\Users\\wy\\Desktop\\rag\\dataset\\Synapse20211106\\0x88E7af57270F70BCF32CD61fff0Ff635775C8f7c\\Address.sol",
        "Address",
        0
    ],
    "4213f1701c2999f67f11de98a51e01f6": [
        "C:\\Users\\wy\\Desktop\\rag\\dataset\\Synapse20211106\\0x88E7af57270F70BCF32CD61fff0Ff635775C8f7c\\Address.sol",
        "Address",
        0
    ],
    "9bd9227b4301edafa41944a5a4cc096d": [
        "C:\\Users\\wy\\Desktop\\rag\\dataset\\Synapse20211106\\0x88E7af57270F70BCF32CD61fff0Ff635775C8f7c\\Address.sol",
        "Address",
        0
    ],
    "735101b0fafaf16211fa1793190b6833": [
        "C:\\Users\\wy\\Desktop\\rag\\dataset\\Synapse20211106\\0x88E7af57270F70BCF32CD61fff0Ff635775C8f7c\\Address.sol",
        "Address",
        0
    ],
    "9587564662cef65eec554844bed6f202": [
        "C:\\Users\\wy\\Desktop\\rag\\dataset\\Synapse20211106\\0x88E7af57270F70BCF32CD61fff0Ff635775C8f7c\\Address.sol",
        "Address",
        0
    ],
    "0756338a698cf2353736421e83671b07": [
        "C:\\Users\\wy\\Desktop\\rag\\dataset\\Synapse20211106\\0x88E7af57270F70BCF32CD61fff0Ff635775C8f7c\\Address.sol",
        "Address",
        0
    ],
    "994685aae3cda8dbbf0ffec7f803d344": [
        "C:\\Users\\wy\\Desktop\\rag\\dataset\\Synapse20211106\\0x88E7af57270F70BCF32CD61fff0Ff635775C8f7c\\Address.sol",
        "Address",
        0
    ],
    "c48c18ad7c0451e22168da4792c23d4b": [
        "C:\\Users\\wy\\Desktop\\rag\\dataset\\Synapse20211106\\0x88E7af57270F70BCF32CD61fff0Ff635775C8f7c\\Address.sol",
        "Address",
        0
    ],
    "219660ec0d55ecb352a5cec40b996f90": [
        "C:\\Users\\wy\\Desktop\\rag\\dataset\\Synapse20211106\\0x88E7af57270F70BCF32CD61fff0Ff635775C8f7c\\Address.sol",
        "Address",
        0
    ],
    "a00c6b7016c29f7cdedc4619490947ed": [
        "C:\\Users\\wy\\Desktop\\rag\\dataset\\Synapse20211106\\0x88E7af57270F70BCF32CD61fff0Ff635775C8f7c\\Address.sol",
        "Address",
        0
    ],
    "e6d84fd002b4ef76a1834f09ca48b18b": [
        "C:\\Users\\wy\\Desktop\\rag\\dataset\\Synapse20211106\\0x88E7af57270F70BCF32CD61fff0Ff635775C8f7c\\Address.sol",
        "Address",
        0
    ],
    "5e1d12e61f4bf4b37161d9b684742570": [
        "C:\\Users\\wy\\Desktop\\rag\\dataset\\Synapse20211106\\0x88E7af57270F70BCF32CD61fff0Ff635775C8f7c\\IERC20.sol",
        "IERC20",
        0
    ],
    "3ac17e7782366957c960d337a4a648cd": [
        "C:\\Users\\wy\\Desktop\\rag\\dataset\\Synapse20211106\\0x88E7af57270F70BCF32CD61fff0Ff635775C8f7c\\IERC20.sol",
        "IERC20",
        0
    ],
    "98b540da9047ee99bce7fadde65d04b7": [
        "C:\\Users\\wy\\Desktop\\rag\\dataset\\Synapse20211106\\0x88E7af57270F70BCF32CD61fff0Ff635775C8f7c\\IERC20.sol",
        "IERC20",
        0
    ],
    "c93791d09d789aed33b9725d482af442": [
        "C:\\Users\\wy\\Desktop\\rag\\dataset\\Synapse20211106\\0x88E7af57270F70BCF32CD61fff0Ff635775C8f7c\\IERC20.sol",
        "IERC20",
        0
    ],
    "7c80d707df648dc123a10c69a1150edc": [
        "C:\\Users\\wy\\Desktop\\rag\\dataset\\Synapse20211106\\0x88E7af57270F70BCF32CD61fff0Ff635775C8f7c\\IERC20.sol",
        "IERC20",
        0
    ],
    "c134d67e13a988b449de71dd226682ab": [
        "C:\\Users\\wy\\Desktop\\rag\\dataset\\Synapse20211106\\0x88E7af57270F70BCF32CD61fff0Ff635775C8f7c\\IERC20.sol",
        "IERC20",
        0
    ],
    "46ce8334a4ead43a32dce5688a8a5d2b": [
        "C:\\Users\\wy\\Desktop\\rag\\dataset\\Synapse20211106\\0x88E7af57270F70BCF32CD61fff0Ff635775C8f7c\\SafeMath.sol",
        "SafeMath",
        0
    ],
    "1c1a32540e3a100292672418fcab8a72": [
        "C:\\Users\\wy\\Desktop\\rag\\dataset\\Synapse20211106\\0x88E7af57270F70BCF32CD61fff0Ff635775C8f7c\\SafeMath.sol",
        "SafeMath",
        0
    ],
    "700407387793583c2fe6c35cf9581e84": [
        "C:\\Users\\wy\\Desktop\\rag\\dataset\\Synapse20211106\\0x88E7af57270F70BCF32CD61fff0Ff635775C8f7c\\SafeMath.sol",
        "SafeMath",
        0
    ],
    "ecf8d5d646f961052d8509a2fe1c6222": [
        "C:\\Users\\wy\\Desktop\\rag\\dataset\\Synapse20211106\\0x88E7af57270F70BCF32CD61fff0Ff635775C8f7c\\SafeMath.sol",
        "SafeMath",
        0
    ],
    "67320fc63047d6ea1ea2f76cea3d1f40": [
        "C:\\Users\\wy\\Desktop\\rag\\dataset\\Synapse20211106\\0x88E7af57270F70BCF32CD61fff0Ff635775C8f7c\\SafeMath.sol",
        "SafeMath",
        0
    ],
    "b83a169007730f80a7fc79bee8748fff": [
        "C:\\Users\\wy\\Desktop\\rag\\dataset\\Synapse20211106\\0x88E7af57270F70BCF32CD61fff0Ff635775C8f7c\\SafeMath.sol",
        "SafeMath",
        0
    ],
    "aa6b5a83ac7caeaf81056eef5389fca5": [
        "C:\\Users\\wy\\Desktop\\rag\\dataset\\Synapse20211106\\0x88E7af57270F70BCF32CD61fff0Ff635775C8f7c\\SafeMath.sol",
        "SafeMath",
        0
    ],
    "bf37c866b6fedbd1f907bedc1db2ecf4": [
        "C:\\Users\\wy\\Desktop\\rag\\dataset\\Synapse20211106\\0x88E7af57270F70BCF32CD61fff0Ff635775C8f7c\\SafeMath.sol",
        "SafeMath",
        0
    ],
    "7c28c2dd07441fa54b1d03075792c91b": [
        "C:\\Users\\wy\\Desktop\\rag\\dataset\\Synapse20211106\\0x88E7af57270F70BCF32CD61fff0Ff635775C8f7c\\SafeMath.sol",
        "SafeMath",
        0
    ],
    "412fb6a70380571ecfde09f14e0cc060": [
        "C:\\Users\\wy\\Desktop\\rag\\dataset\\Synapse20211106\\0x88E7af57270F70BCF32CD61fff0Ff635775C8f7c\\SafeMath.sol",
        "SafeMath",
        0
    ],
    "13421747919eac13f5a8a59c89f33ea9": [
        "C:\\Users\\wy\\Desktop\\rag\\dataset\\Synapse20211106\\0x88E7af57270F70BCF32CD61fff0Ff635775C8f7c\\SafeMath.sol",
        "SafeMath",
        0
    ],
    "7c96bf46bac68fb10bb28ee253c94302": [
        "C:\\Users\\wy\\Desktop\\rag\\dataset\\Synapse20211106\\0x88E7af57270F70BCF32CD61fff0Ff635775C8f7c\\SafeMath.sol",
        "SafeMath",
        0
    ],
    "6355d2e145b4213072aa6bcb41536f79": [
        "C:\\Users\\wy\\Desktop\\rag\\dataset\\Synapse20211106\\0x88E7af57270F70BCF32CD61fff0Ff635775C8f7c\\SafeMath.sol",
        "SafeMath",
        0
    ],
    "eea4fa7146b01518dc938446227eee77": [
        "C:\\Users\\wy\\Desktop\\rag\\dataset\\Synapse20211106\\0x88E7af57270F70BCF32CD61fff0Ff635775C8f7c\\SafeERC20.sol",
        "SafeERC20",
        0
    ],
    "6d0886ab47ccffec354b109fb2e8de81": [
        "C:\\Users\\wy\\Desktop\\rag\\dataset\\Synapse20211106\\0x88E7af57270F70BCF32CD61fff0Ff635775C8f7c\\SafeERC20.sol",
        "SafeERC20",
        0
    ],
    "185df0fcc33639b458206937b625daee": [
        "C:\\Users\\wy\\Desktop\\rag\\dataset\\Synapse20211106\\0x88E7af57270F70BCF32CD61fff0Ff635775C8f7c\\SafeERC20.sol",
        "SafeERC20",
        0
    ],
    "7ec9c2fa883a691f577ada41e861f1dd": [
        "C:\\Users\\wy\\Desktop\\rag\\dataset\\Synapse20211106\\0x88E7af57270F70BCF32CD61fff0Ff635775C8f7c\\SafeERC20.sol",
        "SafeERC20",
        0
    ],
    "046342634ee770bd5ae8a38f96edb56e": [
        "C:\\Users\\wy\\Desktop\\rag\\dataset\\Synapse20211106\\0x88E7af57270F70BCF32CD61fff0Ff635775C8f7c\\SafeERC20.sol",
        "SafeERC20",
        0
    ],
    "3255af138c94ef435c7b1a72a5640b11": [
        "C:\\Users\\wy\\Desktop\\rag\\dataset\\Synapse20211106\\0x88E7af57270F70BCF32CD61fff0Ff635775C8f7c\\SafeERC20.sol",
        "SafeERC20",
        0
    ],
    "0c005dd893cbb26bd2e02a4e956e1653": [
        "C:\\Users\\wy\\Desktop\\rag\\dataset\\Synapse20211106\\0x88E7af57270F70BCF32CD61fff0Ff635775C8f7c\\AmplificationUtils.sol",
        "AmplificationUtils",
        0
    ],
    "9c98aa36df345337bdf2821bdae25fbb": [
        "C:\\Users\\wy\\Desktop\\rag\\dataset\\Synapse20211106\\0x88E7af57270F70BCF32CD61fff0Ff635775C8f7c\\AmplificationUtils.sol",
        "AmplificationUtils",
        0
    ],
    "a75e5842f480839e89e26ec37aa903ce": [
        "C:\\Users\\wy\\Desktop\\rag\\dataset\\Synapse20211106\\0x88E7af57270F70BCF32CD61fff0Ff635775C8f7c\\AmplificationUtils.sol",
        "AmplificationUtils",
        0
    ],
    "551d787d995a0d8733953b17409618b5": [
        "C:\\Users\\wy\\Desktop\\rag\\dataset\\Synapse20211106\\0x88E7af57270F70BCF32CD61fff0Ff635775C8f7c\\AmplificationUtils.sol",
        "AmplificationUtils",
        0
    ],
    "2eeabd56e48a1b29c86cc7f46f816f43": [
        "C:\\Users\\wy\\Desktop\\rag\\dataset\\Synapse20211106\\0x88E7af57270F70BCF32CD61fff0Ff635775C8f7c\\AmplificationUtils.sol",
        "AmplificationUtils",
        0
    ],
    "00e29fff2bd07c51e23e94ddc6a504c4": [
        "C:\\Users\\wy\\Desktop\\rag\\dataset\\Synapse20211106\\0x88E7af57270F70BCF32CD61fff0Ff635775C8f7c\\Context.sol",
        "Context",
        0
    ],
    "85862d5484a7dade4fadbe2620ef8307": [
        "C:\\Users\\wy\\Desktop\\rag\\dataset\\Synapse20211106\\0x88E7af57270F70BCF32CD61fff0Ff635775C8f7c\\Context.sol",
        "Context",
        0
    ],
    "2df5a9c4c3f62b7f564f61d0928f903a": [
        "C:\\Users\\wy\\Desktop\\rag\\dataset\\Synapse20211106\\0x88E7af57270F70BCF32CD61fff0Ff635775C8f7c\\Initializable.sol",
        "Initializable",
        0
    ],
    "9a3941efe0712b157053363b75d3f33f": [
        "C:\\Users\\wy\\Desktop\\rag\\dataset\\Synapse20211106\\0x88E7af57270F70BCF32CD61fff0Ff635775C8f7c\\Initializable.sol",
        "Initializable",
        1
    ],
    "ac041e388216097d4a3bd5bb532a04c2": [
        "C:\\Users\\wy\\Desktop\\rag\\dataset\\Synapse20211106\\0x88E7af57270F70BCF32CD61fff0Ff635775C8f7c\\ContextUpgradeable.sol",
        "ContextUpgradeable",
        0
    ],
    "ff90e0cbb896d9c015a83bf8000be465": [
        "C:\\Users\\wy\\Desktop\\rag\\dataset\\Synapse20211106\\0x88E7af57270F70BCF32CD61fff0Ff635775C8f7c\\ContextUpgradeable.sol",
        "ContextUpgradeable",
        0
    ],
    "3a62379666f7028d769ab22cc39adec7": [
        "C:\\Users\\wy\\Desktop\\rag\\dataset\\Synapse20211106\\0x88E7af57270F70BCF32CD61fff0Ff635775C8f7c\\ERC20.sol",
        "ERC20",
        0
    ],
    "0033c399007643fc5848cdbcd89241ca": [
        "C:\\Users\\wy\\Desktop\\rag\\dataset\\Synapse20211106\\0x88E7af57270F70BCF32CD61fff0Ff635775C8f7c\\ERC20.sol",
        "ERC20",
        0
    ],
    "bf0c51dd93b1ed9776bae07f49802c59": [
        "C:\\Users\\wy\\Desktop\\rag\\dataset\\Synapse20211106\\0x88E7af57270F70BCF32CD61fff0Ff635775C8f7c\\ERC20.sol",
        "ERC20",
        0
    ],
    "3cb1f3cd1629ec5c3da0202aa05cce74": [
        "C:\\Users\\wy\\Desktop\\rag\\dataset\\Synapse20211106\\0x88E7af57270F70BCF32CD61fff0Ff635775C8f7c\\ERC20.sol",
        "ERC20",
        0
    ],
    "edb2b6e1669957d5cfae0073283d1f0a": [
        "C:\\Users\\wy\\Desktop\\rag\\dataset\\Synapse20211106\\0x88E7af57270F70BCF32CD61fff0Ff635775C8f7c\\ERC20.sol",
        "ERC20",
        0
    ],
    "55ed6875b4a2e03408080394832a7564": [
        "C:\\Users\\wy\\Desktop\\rag\\dataset\\Synapse20211106\\0x88E7af57270F70BCF32CD61fff0Ff635775C8f7c\\ERC20.sol",
        "ERC20",
        0
    ],
    "3ee0674f770c2fd01c8fe1a77d179a27": [
        "C:\\Users\\wy\\Desktop\\rag\\dataset\\Synapse20211106\\0x88E7af57270F70BCF32CD61fff0Ff635775C8f7c\\ERC20.sol",
        "ERC20",
        0
    ],
    "d7cbdea72a1a98a5910dc39323a9b2cc": [
        "C:\\Users\\wy\\Desktop\\rag\\dataset\\Synapse20211106\\0x88E7af57270F70BCF32CD61fff0Ff635775C8f7c\\ERC20.sol",
        "ERC20",
        0
    ],
    "6a2b69527387a6c654cc23d45f984ac2": [
        "C:\\Users\\wy\\Desktop\\rag\\dataset\\Synapse20211106\\0x88E7af57270F70BCF32CD61fff0Ff635775C8f7c\\ERC20.sol",
        "ERC20",
        0
    ],
    "2148a38f6e5adea8b372012c016d9070": [
        "C:\\Users\\wy\\Desktop\\rag\\dataset\\Synapse20211106\\0x88E7af57270F70BCF32CD61fff0Ff635775C8f7c\\ERC20.sol",
        "ERC20",
        0
    ],
    "e2420d124f948c49ec7763d058d15157": [
        "C:\\Users\\wy\\Desktop\\rag\\dataset\\Synapse20211106\\0x88E7af57270F70BCF32CD61fff0Ff635775C8f7c\\ERC20.sol",
        "ERC20",
        0
    ],
    "c9787278fddc63fad59c0d8d8adbcafe": [
        "C:\\Users\\wy\\Desktop\\rag\\dataset\\Synapse20211106\\0x88E7af57270F70BCF32CD61fff0Ff635775C8f7c\\ERC20.sol",
        "ERC20",
        0
    ],
    "fb62c220e2276721ee024f6b82f94489": [
        "C:\\Users\\wy\\Desktop\\rag\\dataset\\Synapse20211106\\0x88E7af57270F70BCF32CD61fff0Ff635775C8f7c\\ERC20.sol",
        "ERC20",
        0
    ],
    "096242128c682603db1a0b0d903136f5": [
        "C:\\Users\\wy\\Desktop\\rag\\dataset\\Synapse20211106\\0x88E7af57270F70BCF32CD61fff0Ff635775C8f7c\\ERC20.sol",
        "ERC20",
        0
    ],
    "5a2372c1fd2a727cf0935156c997d1f5": [
        "C:\\Users\\wy\\Desktop\\rag\\dataset\\Synapse20211106\\0x88E7af57270F70BCF32CD61fff0Ff635775C8f7c\\ERC20.sol",
        "ERC20",
        0
    ],
    "39fc3d2c59f8296512abc90ea29b08bf": [
        "C:\\Users\\wy\\Desktop\\rag\\dataset\\Synapse20211106\\0x88E7af57270F70BCF32CD61fff0Ff635775C8f7c\\ERC20.sol",
        "ERC20",
        0
    ],
    "5262dca7f23cd6c35cce3bfbdb3d28a0": [
        "C:\\Users\\wy\\Desktop\\rag\\dataset\\Synapse20211106\\0x88E7af57270F70BCF32CD61fff0Ff635775C8f7c\\ERC20.sol",
        "ERC20",
        0
    ],
    "ba41c5ef0cd7854682c8a8381eef9051": [
        "C:\\Users\\wy\\Desktop\\rag\\dataset\\Synapse20211106\\0x88E7af57270F70BCF32CD61fff0Ff635775C8f7c\\ERC20.sol",
        "ERC20",
        0
    ],
    "743cce69264313fde2a928dd034b6f19": [
        "C:\\Users\\wy\\Desktop\\rag\\dataset\\Synapse20211106\\0x88E7af57270F70BCF32CD61fff0Ff635775C8f7c\\ERC20Upgradeable.sol",
        "ERC20Upgradeable",
        0
    ],
    "ec3b10ecc7a03f0f77551805ef3d79eb": [
        "C:\\Users\\wy\\Desktop\\rag\\dataset\\Synapse20211106\\0x88E7af57270F70BCF32CD61fff0Ff635775C8f7c\\ERC20Upgradeable.sol",
        "ERC20Upgradeable",
        0
    ],
    "df5d76c300afbb12f5700070d2d34f74": [
        "C:\\Users\\wy\\Desktop\\rag\\dataset\\Synapse20211106\\0x88E7af57270F70BCF32CD61fff0Ff635775C8f7c\\ERC20BurnableUpgradeable.sol",
        "ERC20BurnableUpgradeable",
        0
    ],
    "5d57a35fe2355ca212694d82e87c886b": [
        "C:\\Users\\wy\\Desktop\\rag\\dataset\\Synapse20211106\\0x88E7af57270F70BCF32CD61fff0Ff635775C8f7c\\ERC20BurnableUpgradeable.sol",
        "ERC20BurnableUpgradeable",
        0
    ],
    "428cefcc6e4f5aace54672f0f6094c37": [
        "C:\\Users\\wy\\Desktop\\rag\\dataset\\Synapse20211106\\0x88E7af57270F70BCF32CD61fff0Ff635775C8f7c\\ERC20BurnableUpgradeable.sol",
        "ERC20BurnableUpgradeable",
        0
    ],
    "38ccb3d820bb411699d3ecfa4b23f070": [
        "C:\\Users\\wy\\Desktop\\rag\\dataset\\Synapse20211106\\0x88E7af57270F70BCF32CD61fff0Ff635775C8f7c\\ERC20BurnableUpgradeable.sol",
        "ERC20BurnableUpgradeable",
        0
    ],
    "6f9ecc1685eea861c4f78183210ff481": [
        "C:\\Users\\wy\\Desktop\\rag\\dataset\\Synapse20211106\\0x88E7af57270F70BCF32CD61fff0Ff635775C8f7c\\ISwap.sol",
        "ISwap",
        0
    ],
    "c96f4f082cf21763b9e2715375a539da": [
        "C:\\Users\\wy\\Desktop\\rag\\dataset\\Synapse20211106\\0x88E7af57270F70BCF32CD61fff0Ff635775C8f7c\\ISwap.sol",
        "ISwap",
        0
    ],
    "f39a6c73917936f9ffff548f7f7e746c": [
        "C:\\Users\\wy\\Desktop\\rag\\dataset\\Synapse20211106\\0x88E7af57270F70BCF32CD61fff0Ff635775C8f7c\\ISwap.sol",
        "ISwap",
        0
    ],
    "0f034604da7f9426d82ed853e6087fee": [
        "C:\\Users\\wy\\Desktop\\rag\\dataset\\Synapse20211106\\0x88E7af57270F70BCF32CD61fff0Ff635775C8f7c\\ISwap.sol",
        "ISwap",
        0
    ],
    "420465cbffe75165f8f0b239e1dab4d2": [
        "C:\\Users\\wy\\Desktop\\rag\\dataset\\Synapse20211106\\0x88E7af57270F70BCF32CD61fff0Ff635775C8f7c\\ISwap.sol",
        "ISwap",
        0
    ],
    "8e6675c69d2fcf6ed2cf5dc70aa00acf": [
        "C:\\Users\\wy\\Desktop\\rag\\dataset\\Synapse20211106\\0x88E7af57270F70BCF32CD61fff0Ff635775C8f7c\\ISwap.sol",
        "ISwap",
        0
    ],
    "8b272ebb2a7479b82d06d6b887ebd54b": [
        "C:\\Users\\wy\\Desktop\\rag\\dataset\\Synapse20211106\\0x88E7af57270F70BCF32CD61fff0Ff635775C8f7c\\ISwap.sol",
        "ISwap",
        0
    ],
    "11710661aa72d3ff2dcd2d2f9de42ce7": [
        "C:\\Users\\wy\\Desktop\\rag\\dataset\\Synapse20211106\\0x88E7af57270F70BCF32CD61fff0Ff635775C8f7c\\ISwap.sol",
        "ISwap",
        0
    ],
    "ea21d1f566c95fa4e4c807297eb32545": [
        "C:\\Users\\wy\\Desktop\\rag\\dataset\\Synapse20211106\\0x88E7af57270F70BCF32CD61fff0Ff635775C8f7c\\ISwap.sol",
        "ISwap",
        0
    ],
    "70622d29ef4d88fa1fc93178f637056c": [
        "C:\\Users\\wy\\Desktop\\rag\\dataset\\Synapse20211106\\0x88E7af57270F70BCF32CD61fff0Ff635775C8f7c\\ISwap.sol",
        "ISwap",
        0
    ],
    "cc6843b5761a9828699169b5b689065c": [
        "C:\\Users\\wy\\Desktop\\rag\\dataset\\Synapse20211106\\0x88E7af57270F70BCF32CD61fff0Ff635775C8f7c\\ISwap.sol",
        "ISwap",
        0
    ],
    "e512f8b789ff711c6eeb88f11bdf4237": [
        "C:\\Users\\wy\\Desktop\\rag\\dataset\\Synapse20211106\\0x88E7af57270F70BCF32CD61fff0Ff635775C8f7c\\ISwap.sol",
        "ISwap",
        0
    ],
    "935674da2d6c924d392ef59cc6c46245": [
        "C:\\Users\\wy\\Desktop\\rag\\dataset\\Synapse20211106\\0x88E7af57270F70BCF32CD61fff0Ff635775C8f7c\\ISwap.sol",
        "ISwap",
        0
    ],
    "1b411730afd04d364d9751572359335d": [
        "C:\\Users\\wy\\Desktop\\rag\\dataset\\Synapse20211106\\0x88E7af57270F70BCF32CD61fff0Ff635775C8f7c\\ISwap.sol",
        "ISwap",
        0
    ],
    "5e49a70dcc57413dffe4b970b8794f4f": [
        "C:\\Users\\wy\\Desktop\\rag\\dataset\\Synapse20211106\\0x88E7af57270F70BCF32CD61fff0Ff635775C8f7c\\ISwap.sol",
        "ISwap",
        0
    ],
    "f7820e4676d5bcf96dd81f938b91f4f1": [
        "C:\\Users\\wy\\Desktop\\rag\\dataset\\Synapse20211106\\0x88E7af57270F70BCF32CD61fff0Ff635775C8f7c\\OwnableUpgradeable.sol",
        "OwnableUpgradeable",
        0
    ],
    "f3e7ad499953e1b52c55f3c5bb3e4ddb": [
        "C:\\Users\\wy\\Desktop\\rag\\dataset\\Synapse20211106\\0x88E7af57270F70BCF32CD61fff0Ff635775C8f7c\\OwnableUpgradeable.sol",
        "OwnableUpgradeable",
        0
    ],
    "c000c329207e63e4293ec575de9eb28a": [
        "C:\\Users\\wy\\Desktop\\rag\\dataset\\Synapse20211106\\0x88E7af57270F70BCF32CD61fff0Ff635775C8f7c\\OwnableUpgradeable.sol",
        "OwnableUpgradeable",
        0
    ],
    "6bc3f7799b940307f12357aad7c15fa2": [
        "C:\\Users\\wy\\Desktop\\rag\\dataset\\Synapse20211106\\0x88E7af57270F70BCF32CD61fff0Ff635775C8f7c\\OwnableUpgradeable.sol",
        "OwnableUpgradeable",
        0
    ],
    "4f1a2d71c9d0856b2600a43004342a3c": [
        "C:\\Users\\wy\\Desktop\\rag\\dataset\\Synapse20211106\\0x88E7af57270F70BCF32CD61fff0Ff635775C8f7c\\OwnableUpgradeable.sol",
        "OwnableUpgradeable",
        0
    ],
    "b92099c80fb280641bb32ab9f3280aeb": [
        "C:\\Users\\wy\\Desktop\\rag\\dataset\\Synapse20211106\\0x88E7af57270F70BCF32CD61fff0Ff635775C8f7c\\OwnableUpgradeable.sol",
        "OwnableUpgradeable",
        1
    ],
    "e31fddd4468b84f17e6c64e662f5f8eb": [
        "C:\\Users\\wy\\Desktop\\rag\\dataset\\Synapse20211106\\0x88E7af57270F70BCF32CD61fff0Ff635775C8f7c\\LPToken.sol",
        "LPToken",
        0
    ],
    "0fbc1bbf5969f1d3b278ecb6b27179a4": [
        "C:\\Users\\wy\\Desktop\\rag\\dataset\\Synapse20211106\\0x88E7af57270F70BCF32CD61fff0Ff635775C8f7c\\LPToken.sol",
        "LPToken",
        0
    ],
    "99c2773cde08aecc986672ff8f84e30c": [
        "C:\\Users\\wy\\Desktop\\rag\\dataset\\Synapse20211106\\0x88E7af57270F70BCF32CD61fff0Ff635775C8f7c\\LPToken.sol",
        "LPToken",
        0
    ],
    "7347ff93e1c4eedc754d94213f5aaa64": [
        "C:\\Users\\wy\\Desktop\\rag\\dataset\\Synapse20211106\\0x88E7af57270F70BCF32CD61fff0Ff635775C8f7c\\MathUtils.sol",
        "MathUtils",
        0
    ],
    "379d4a4aea3f56fd35fd419182293efc": [
        "C:\\Users\\wy\\Desktop\\rag\\dataset\\Synapse20211106\\0x88E7af57270F70BCF32CD61fff0Ff635775C8f7c\\MathUtils.sol",
        "MathUtils",
        0
    ],
    "043835d1939edd9c188ab0d3591ffded": [
        "C:\\Users\\wy\\Desktop\\rag\\dataset\\Synapse20211106\\0x88E7af57270F70BCF32CD61fff0Ff635775C8f7c\\SwapUtils.sol",
        "SwapUtils",
        0
    ],
    "e042870c50e6ed1e49f1b55a338042b9": [
        "C:\\Users\\wy\\Desktop\\rag\\dataset\\Synapse20211106\\0x88E7af57270F70BCF32CD61fff0Ff635775C8f7c\\SwapUtils.sol",
        "SwapUtils",
        0
    ],
    "9d907bff6f5c0878a278fd3a6d95a1fa": [
        "C:\\Users\\wy\\Desktop\\rag\\dataset\\Synapse20211106\\0x88E7af57270F70BCF32CD61fff0Ff635775C8f7c\\SwapUtils.sol",
        "SwapUtils",
        0
    ],
    "6b176d69efdccd0d312e1d23ca3e978b": [
        "C:\\Users\\wy\\Desktop\\rag\\dataset\\Synapse20211106\\0x88E7af57270F70BCF32CD61fff0Ff635775C8f7c\\SwapUtils.sol",
        "SwapUtils",
        0
    ],
    "daf62fa0b3964177716535b4eb030f4e": [
        "C:\\Users\\wy\\Desktop\\rag\\dataset\\Synapse20211106\\0x88E7af57270F70BCF32CD61fff0Ff635775C8f7c\\SwapUtils.sol",
        "SwapUtils",
        0
    ],
    "8b0f9f1b6fdcbebc9bf5a81e1d5137a3": [
        "C:\\Users\\wy\\Desktop\\rag\\dataset\\Synapse20211106\\0x88E7af57270F70BCF32CD61fff0Ff635775C8f7c\\SwapUtils.sol",
        "SwapUtils",
        0
    ],
    "b8a77fe5ebc75e204836e8a95991ddb3": [
        "C:\\Users\\wy\\Desktop\\rag\\dataset\\Synapse20211106\\0x88E7af57270F70BCF32CD61fff0Ff635775C8f7c\\SwapUtils.sol",
        "SwapUtils",
        0
    ],
    "1e206c68e4e15ab686e46bc88e8ffe8a": [
        "C:\\Users\\wy\\Desktop\\rag\\dataset\\Synapse20211106\\0x88E7af57270F70BCF32CD61fff0Ff635775C8f7c\\SwapUtils.sol",
        "SwapUtils",
        0
    ],
    "0339005b140896bea40982ce57734661": [
        "C:\\Users\\wy\\Desktop\\rag\\dataset\\Synapse20211106\\0x88E7af57270F70BCF32CD61fff0Ff635775C8f7c\\SwapUtils.sol",
        "SwapUtils",
        0
    ],
    "8289db3be449ead7a37a998e1ad4bd12": [
        "C:\\Users\\wy\\Desktop\\rag\\dataset\\Synapse20211106\\0x88E7af57270F70BCF32CD61fff0Ff635775C8f7c\\SwapUtils.sol",
        "SwapUtils",
        0
    ],
    "f33df710e4a0e6d097697a4e685e96b6": [
        "C:\\Users\\wy\\Desktop\\rag\\dataset\\Synapse20211106\\0x88E7af57270F70BCF32CD61fff0Ff635775C8f7c\\SwapUtils.sol",
        "SwapUtils",
        0
    ],
    "d7cb21aa5d807df2c8453c084607a6f7": [
        "C:\\Users\\wy\\Desktop\\rag\\dataset\\Synapse20211106\\0x88E7af57270F70BCF32CD61fff0Ff635775C8f7c\\SwapUtils.sol",
        "SwapUtils",
        0
    ],
    "b4598d17508e93a9d2cdf48b218fe031": [
        "C:\\Users\\wy\\Desktop\\rag\\dataset\\Synapse20211106\\0x88E7af57270F70BCF32CD61fff0Ff635775C8f7c\\SwapUtils.sol",
        "SwapUtils",
        0
    ],
    "07bb2c2fcf31a57a57af811e48459e72": [
        "C:\\Users\\wy\\Desktop\\rag\\dataset\\Synapse20211106\\0x88E7af57270F70BCF32CD61fff0Ff635775C8f7c\\SwapUtils.sol",
        "SwapUtils",
        0
    ],
    "2c538929fa68f6f664addb97167c6ee7": [
        "C:\\Users\\wy\\Desktop\\rag\\dataset\\Synapse20211106\\0x88E7af57270F70BCF32CD61fff0Ff635775C8f7c\\SwapUtils.sol",
        "SwapUtils",
        0
    ],
    "11e48b7ea190ed2b7c5516936308df94": [
        "C:\\Users\\wy\\Desktop\\rag\\dataset\\Synapse20211106\\0x88E7af57270F70BCF32CD61fff0Ff635775C8f7c\\SwapUtils.sol",
        "SwapUtils",
        0
    ],
    "33358db1604e3375539f8a10bba9ca0e": [
        "C:\\Users\\wy\\Desktop\\rag\\dataset\\Synapse20211106\\0x88E7af57270F70BCF32CD61fff0Ff635775C8f7c\\SwapUtils.sol",
        "SwapUtils",
        0
    ],
    "636795fcc2b2298a6d2f140f45115bb1": [
        "C:\\Users\\wy\\Desktop\\rag\\dataset\\Synapse20211106\\0x88E7af57270F70BCF32CD61fff0Ff635775C8f7c\\SwapUtils.sol",
        "SwapUtils",
        0
    ],
    "58ec4737ab973afca839fe94fd47b6f6": [
        "C:\\Users\\wy\\Desktop\\rag\\dataset\\Synapse20211106\\0x88E7af57270F70BCF32CD61fff0Ff635775C8f7c\\SwapUtils.sol",
        "SwapUtils",
        0
    ],
    "ca2005b270c80370fe4ef4ac58e288ec": [
        "C:\\Users\\wy\\Desktop\\rag\\dataset\\Synapse20211106\\0x88E7af57270F70BCF32CD61fff0Ff635775C8f7c\\SwapUtils.sol",
        "SwapUtils",
        0
    ],
    "6fbd1d3f4697561fc3d3a68e57678089": [
        "C:\\Users\\wy\\Desktop\\rag\\dataset\\Synapse20211106\\0x88E7af57270F70BCF32CD61fff0Ff635775C8f7c\\SwapUtils.sol",
        "SwapUtils",
        0
    ],
    "b59bb256bfd7875d58c6c662295fadb9": [
        "C:\\Users\\wy\\Desktop\\rag\\dataset\\Synapse20211106\\0x88E7af57270F70BCF32CD61fff0Ff635775C8f7c\\SwapUtils.sol",
        "SwapUtils",
        0
    ],
    "b821bef649980750d5a1ab9a4393c7eb": [
        "C:\\Users\\wy\\Desktop\\rag\\dataset\\Synapse20211106\\0x88E7af57270F70BCF32CD61fff0Ff635775C8f7c\\SwapUtils.sol",
        "SwapUtils",
        0
    ],
    "3f03cab9fa9a8450e2cc9600fbc910fb": [
        "C:\\Users\\wy\\Desktop\\rag\\dataset\\Synapse20211106\\0x88E7af57270F70BCF32CD61fff0Ff635775C8f7c\\SwapUtils.sol",
        "SwapUtils",
        0
    ],
    "71cc9f3b9feb1768ab0d7b990647ccea": [
        "C:\\Users\\wy\\Desktop\\rag\\dataset\\Synapse20211106\\0x88E7af57270F70BCF32CD61fff0Ff635775C8f7c\\SwapUtils.sol",
        "SwapUtils",
        0
    ],
    "430d30288c0612acf0fed80ee85d46ee": [
        "C:\\Users\\wy\\Desktop\\rag\\dataset\\Synapse20211106\\0x88E7af57270F70BCF32CD61fff0Ff635775C8f7c\\MetaSwapUtils-label.sol",
        "MetaSwapUtils",
        0
    ],
    "41acb3734f9a362eaff128ba9373f88f": [
        "C:\\Users\\wy\\Desktop\\rag\\dataset\\Synapse20211106\\0x88E7af57270F70BCF32CD61fff0Ff635775C8f7c\\MetaSwapUtils-label.sol",
        "MetaSwapUtils",
        0
    ],
    "97f3c2be786060d4a0cdfaa1d76e966d": [
        "C:\\Users\\wy\\Desktop\\rag\\dataset\\Synapse20211106\\0x88E7af57270F70BCF32CD61fff0Ff635775C8f7c\\MetaSwapUtils-label.sol",
        "MetaSwapUtils",
        0
    ],
    "0a618e4cbc6c0f72d48df7b78ef4716f": [
        "C:\\Users\\wy\\Desktop\\rag\\dataset\\Synapse20211106\\0x88E7af57270F70BCF32CD61fff0Ff635775C8f7c\\MetaSwapUtils-label.sol",
        "MetaSwapUtils",
        0
    ],
    "7adae0bb41361485bf186b1273cbccff": [
        "C:\\Users\\wy\\Desktop\\rag\\dataset\\Synapse20211106\\0x88E7af57270F70BCF32CD61fff0Ff635775C8f7c\\MetaSwapUtils-label.sol",
        "MetaSwapUtils",
        0
    ],
    "a23b167be4a3f6a01f12dec6d6e427f6": [
        "C:\\Users\\wy\\Desktop\\rag\\dataset\\Synapse20211106\\0x88E7af57270F70BCF32CD61fff0Ff635775C8f7c\\MetaSwapUtils-label.sol",
        "MetaSwapUtils",
        0
    ],
    "534d1745ed476e22651159216210cb26": [
        "C:\\Users\\wy\\Desktop\\rag\\dataset\\Synapse20211106\\0x88E7af57270F70BCF32CD61fff0Ff635775C8f7c\\MetaSwapUtils-label.sol",
        "MetaSwapUtils",
        0
    ],
    "f6c73c0ddc82997c642e91165c7bfa7e": [
        "C:\\Users\\wy\\Desktop\\rag\\dataset\\Synapse20211106\\0x88E7af57270F70BCF32CD61fff0Ff635775C8f7c\\MetaSwapUtils-label.sol",
        "MetaSwapUtils",
        0
    ],
    "0121ae7e3da40cf74e6994c0f6ad2c83": [
        "C:\\Users\\wy\\Desktop\\rag\\dataset\\Synapse20211106\\0x88E7af57270F70BCF32CD61fff0Ff635775C8f7c\\MetaSwapUtils-label.sol",
        "MetaSwapUtils",
        0
    ],
    "e6cae887b36cba9598e5fd84b4dcd48a": [
        "C:\\Users\\wy\\Desktop\\rag\\dataset\\Synapse20211106\\0x88E7af57270F70BCF32CD61fff0Ff635775C8f7c\\MetaSwapUtils-label.sol",
        "MetaSwapUtils",
        0
    ],
    "80aa00418787ca3b621aee1ec0ad5195": [
        "C:\\Users\\wy\\Desktop\\rag\\dataset\\Synapse20211106\\0x88E7af57270F70BCF32CD61fff0Ff635775C8f7c\\MetaSwapUtils-label.sol",
        "MetaSwapUtils",
        0
    ],
    "1fb0f925b562bca2052f70b5d4b8ec98": [
        "C:\\Users\\wy\\Desktop\\rag\\dataset\\Synapse20211106\\0x88E7af57270F70BCF32CD61fff0Ff635775C8f7c\\MetaSwapUtils-label.sol",
        "MetaSwapUtils",
        0
    ],
    "64cab108c21363dee6113535329ce66c": [
        "C:\\Users\\wy\\Desktop\\rag\\dataset\\Synapse20211106\\0x88E7af57270F70BCF32CD61fff0Ff635775C8f7c\\MetaSwapUtils-label.sol",
        "MetaSwapUtils",
        0
    ],
    "12fee5de2bae6d10579fa204e54b9095": [
        "C:\\Users\\wy\\Desktop\\rag\\dataset\\Synapse20211106\\0x88E7af57270F70BCF32CD61fff0Ff635775C8f7c\\MetaSwapUtils-label.sol",
        "MetaSwapUtils",
        0
    ],
    "ee0e52c00502be307a345e40cc2a7124": [
        "C:\\Users\\wy\\Desktop\\rag\\dataset\\Synapse20211106\\0x88E7af57270F70BCF32CD61fff0Ff635775C8f7c\\MetaSwapUtils-label.sol",
        "MetaSwapUtils",
        0
    ],
    "d15d5a14790ce3d66159f5bc40c3e2f7": [
        "C:\\Users\\wy\\Desktop\\rag\\dataset\\Synapse20211106\\0x88E7af57270F70BCF32CD61fff0Ff635775C8f7c\\MetaSwapUtils-label.sol",
        "MetaSwapUtils",
        0
    ],
    "84ce26c0ad5beedac2cd8c06b941bf3d": [
        "C:\\Users\\wy\\Desktop\\rag\\dataset\\Synapse20211106\\0x88E7af57270F70BCF32CD61fff0Ff635775C8f7c\\MetaSwapUtils-label.sol",
        "MetaSwapUtils",
        0
    ]
}