{
    "MetaSwapUtils.swap": {
        "step1": {
            "prompt1": "\n你是一位经验丰富的跨链协议分析专家。你的任务是将根据提供的 Solidity 代码，将指定的跨链属性映射到代码中的参数上；如果某属性在代码中找不到对应参数，则不在输出中列出该属性，如果存在多个参数对应同一属性的可能性，每个属性至多输出3种参数映射方案。请严格遵循以下定义的输入格式和输出格式：\n输入格式： 你将接收一个 JSON 对象作为输入，其结构如下： \n{\n\"attribute\": \n{ \n\"<attribute>\": \"<attribute description>\" ,\n\"<attribute>\": \"<attribute description>\",\n...\n}\n\"code\": \"...\" // Solidity 合约代码字符串 \n}\n输出格式：\n返回一个 JSON 对象数组，每项结构如下：\n[ \n{\n\"parameter\": \"...\", // 代码中最可能对应该属性的参数名\n\"attribute\": \"...\", // 输入的跨链属性 \n\"reason\": \"...\" // 简要说明：为何选择此参数，以及可能的歧义 \n}, ... \n]\nreason 中请同时指出该映射的核心依据和潜在的不确定点（例如：参数名相似度、上下文含义模糊等）。\n\n输入：\n{\n\"attribute\": {\"toChainID\": \"Specifies the destination blockchain network ID.\", \"tokenAddress\": \"Indicates the contract address of the token to be transferred.\", \"amount\": \"The number of tokens to be transferred across chains.\", \"nonce\": \"Check and mark that nonce has not been consumed to prevent replay\", \"recipientAddress\": \"The address that will receive the tokens on the destination chain.\", \"externalCallAddress\": \"The address of a contract to be called after the cross-chain transfer.\", \"externalCallFunction\": \"The specific function or calldata to be executed on the `externalCallAddress`.\", \"routerAddress\": \"The address of the cross-chain router or bridge handler.\"},\n\"code\": [\"MetaSwapUtils.swap:function swap(\\n        SwapUtils.Swap storage self,\\n        MetaSwap storage metaSwapStorage,\\n        uint8 tokenIndexFrom,\\n        uint8 tokenIndexTo,\\n        uint256 dx,\\n        uint256 minDy\\n    ) external returns (uint256) {\\n        uint256 transferredDx;\\n        {\\n            IERC20 tokenFrom = self.pooledTokens[tokenIndexFrom];\\n            require(\\n                dx <= tokenFrom.balanceOf(msg.sender),\\n                \\\"Cannot swap more than you own\\\"\\n            );\\n\\n            {\\n                // Transfer tokens first to see if a fee was charged on transfer\\n                uint256 beforeBalance = tokenFrom.balanceOf(address(this));\\n                tokenFrom.safeTransferFrom(msg.sender, address(this), dx);\\n\\n                // Use the actual transferred amount for AMM math\\n                transferredDx = tokenFrom.balanceOf(address(this)).sub(\\n                    beforeBalance\\n                );\\n            }\\n        }\\n\\n        (uint256 dy, uint256 dyFee) =\\n            _calculateSwap(\\n                self,\\n                tokenIndexFrom,\\n                tokenIndexTo,\\n                transferredDx,\\n                _updateBaseVirtualPrice(metaSwapStorage)\\n            );\\n        require(dy >= minDy, \\\"Swap didn't result in min tokens\\\");\\n\\n        uint256 dyAdminFee =\\n            dyFee.mul(self.adminFee).div(FEE_DENOMINATOR).div(\\n                self.tokenPrecisionMultipliers[tokenIndexTo]\\n            );\\n\\n        self.balances[tokenIndexFrom] = self.balances[tokenIndexFrom].add(\\n            transferredDx\\n        );\\n        self.balances[tokenIndexTo] = self.balances[tokenIndexTo].sub(dy).sub(\\n            dyAdminFee\\n        );\\n\\n        self.pooledTokens[tokenIndexTo].safeTransfer(msg.sender, dy);\\n\\n        emit TokenSwap(\\n            msg.sender,\\n            transferredDx,\\n            dy,\\n            tokenIndexFrom,\\n            tokenIndexTo\\n        );\\n\\n        return dy;\\n    }\", \"MetaSwapUtils._calculateSwap:function _calculateSwap(\\n        SwapUtils.Swap storage self,\\n        uint8 tokenIndexFrom,\\n        uint8 tokenIndexTo,\\n        uint256 dx,\\n        uint256 baseVirtualPrice\\n    ) internal view returns (uint256 dy, uint256 dyFee) {\\n        uint256[] memory xp = _xp(self, baseVirtualPrice);\\n        require(\\n            tokenIndexFrom < xp.length && tokenIndexTo < xp.length,\\n            \\\"Token index out of range\\\"\\n        );\\n        uint256 x =\\n            dx.mul(self.tokenPrecisionMultipliers[tokenIndexFrom]).add(\\n                xp[tokenIndexFrom]\\n            );\\n        uint256 y =\\n            getY(getAPrecise(self), tokenIndexFrom, tokenIndexTo, x, xp);\\n        dy = xp[tokenIndexTo].sub(y).sub(1);\\n        dyFee = dy.mul(self.swapFee).div(FEE_DENOMINATOR);\\n        dy = dy.sub(dyFee).div(self.tokenPrecisionMultipliers[tokenIndexTo]);\\n    }\", \"MetaSwapUtils._updateBaseVirtualPrice:function _updateBaseVirtualPrice(MetaSwap storage metaSwapStorage)\\n        internal\\n        returns (uint256)\\n    {\\n        if (\\n            block.timestamp >\\n            metaSwapStorage.baseCacheLastUpdated + BASE_CACHE_EXPIRE_TIME\\n        ) {\\n            uint256 baseVirtualPrice =\\n                ISwap(metaSwapStorage.baseSwap).getVirtualPrice();\\n            metaSwapStorage.baseVirtualPrice = baseVirtualPrice;\\n            metaSwapStorage.baseCacheLastUpdated = block.timestamp;\\n            return baseVirtualPrice;\\n        } else {\\n            return metaSwapStorage.baseVirtualPrice;\\n        }\\n    }\", \"MetaSwapUtils._xp:function _xp(\\n        uint256[] memory balances,\\n        uint256[] memory precisionMultipliers,\\n        uint256 baseVirtualPrice\\n    ) internal pure returns (uint256[] memory) {\\n        uint256 numTokens = balances.length;\\n        require(\\n            numTokens == precisionMultipliers.length,\\n            \\\"Balances must match multipliers\\\"\\n        );\\n        uint256[] memory xp = new uint256[](numTokens);\\n        for (uint256 i = 0; i < numTokens; i++) {\\n            xp[i] = balances[i].mul(precisionMultipliers[i]);\\n        }\\n        uint256 baseLPTokenIndex = numTokens - 1;\\n        xp[baseLPTokenIndex] = xp[baseLPTokenIndex].mul(baseVirtualPrice).div(\\n            BASE_VIRTUAL_PRICE_PRECISION\\n        );\\n        return xp;\\n    }\", \"MetaSwapUtils.getY:function getY(\\n        uint256 preciseA,\\n        uint8 tokenIndexFrom,\\n        uint8 tokenIndexTo,\\n        uint256 x,\\n        uint256[] memory xp\\n    ) internal pure returns (uint256) {\\n        uint256 numTokens = xp.length;\\n        require(\\n            tokenIndexFrom != tokenIndexTo,\\n            \\\"Can't compare token to itself\\\"\\n        );\\n        require(\\n            tokenIndexFrom < numTokens && tokenIndexTo < numTokens,\\n            \\\"Tokens must be in pool\\\"\\n        );\\n\\n        uint256 d = getD(xp, preciseA);\\n        uint256 c = d;\\n        uint256 s;\\n        uint256 nA = numTokens.mul(preciseA);\\n\\n        uint256 _x;\\n        for (uint256 i = 0; i < numTokens; i++) {\\n            if (i == tokenIndexFrom) {\\n                _x = x;\\n            } else if (i != tokenIndexTo) {\\n                _x = xp[i];\\n            } else {\\n                continue;\\n            }\\n            s = s.add(_x);\\n            c = c.mul(d).div(_x.mul(numTokens));\\n            // If we were to protect the division loss we would have to keep the denominator separate\\n            // and divide at the end. However this leads to overflow with large numTokens or/and D.\\n            // c = c * D * D * D * ... overflow!\\n        }\\n        c = c.mul(d).mul(A_PRECISION).div(nA.mul(numTokens));\\n        uint256 b = s.add(d.mul(A_PRECISION).div(nA));\\n        uint256 yPrev;\\n        uint256 y = d;\\n\\n        // iterative approximation\\n        for (uint256 i = 0; i < MAX_LOOP_LIMIT; i++) {\\n            yPrev = y;\\n            y = y.mul(y).add(c).div(y.mul(2).add(b).sub(d));\\n            if (y.within1(yPrev)) {\\n                return y;\\n            }\\n        }\\n        revert(\\\"Approximation did not converge\\\");\\n    }\", \"MetaSwapUtils.getAPrecise:function getAPrecise(SwapUtils.Swap storage self)\\n        public\\n        view\\n        returns (uint256)\\n    {\\n        uint256 t1 = self.futureATime; // time when ramp is finished\\n        uint256 a1 = self.futureA; // final A value when ramp is finished\\n\\n        if (block.timestamp < t1) {\\n            uint256 t0 = self.initialATime; // time when ramp is started\\n            uint256 a0 = self.initialA; // initial A value when ramp is started\\n            if (a1 > a0) {\\n                // a0 + (a1 - a0) * (block.timestamp - t0) / (t1 - t0)\\n                return\\n                    a0.add(\\n                        a1.sub(a0).mul(block.timestamp.sub(t0)).div(t1.sub(t0))\\n                    );\\n            } else {\\n                // a0 - (a0 - a1) * (block.timestamp - t0) / (t1 - t0)\\n                return\\n                    a0.sub(\\n                        a0.sub(a1).mul(block.timestamp.sub(t0)).div(t1.sub(t0))\\n                    );\\n            }\\n        } else {\\n            return a1;\\n        }\\n    }\", \"MetaSwapUtils.getD:function getD(uint256[] memory xp, uint256 a)\\n        internal\\n        pure\\n        returns (uint256)\\n    {\\n        uint256 numTokens = xp.length;\\n        uint256 s;\\n        for (uint256 i = 0; i < numTokens; i++) {\\n            s = s.add(xp[i]);\\n        }\\n        if (s == 0) {\\n            return 0;\\n        }\\n\\n        uint256 prevD;\\n        uint256 d = s;\\n        uint256 nA = a.mul(numTokens);\\n\\n        for (uint256 i = 0; i < MAX_LOOP_LIMIT; i++) {\\n            uint256 dP = d;\\n            for (uint256 j = 0; j < numTokens; j++) {\\n                dP = dP.mul(d).div(xp[j].mul(numTokens));\\n                // If we were to protect the division loss we would have to keep the denominator separate\\n                // and divide at the end. However this leads to overflow with large numTokens or/and D.\\n                // dP = dP * D * D * D * ... overflow!\\n            }\\n            prevD = d;\\n            d = nA.mul(s).div(A_PRECISION).add(dP.mul(numTokens)).mul(d).div(\\n                nA.sub(A_PRECISION).mul(d).div(A_PRECISION).add(\\n                    numTokens.add(1).mul(dP)\\n                )\\n            );\\n            if (d.within1(prevD)) {\\n                return d;\\n            }\\n        }\\n\\n        // Convergence should occur in 4 loops or less. If this is reached, there may be something wrong\\n        // with the pool. If this were to occur repeatedly, LPs should withdraw via `removeLiquidity()`\\n        // function which does not rely on D.\\n        revert(\\\"D does not converge\\\");\\n    }\"]\n}\n",
            "outputs1": [
                [
                    {
                        "parameter": "dx",
                        "attribute": "amount",
                        "reason": "The parameter 'dx' represents the amount of tokens to be swapped, which aligns with the 'amount' attribute describing the number of tokens to be transferred. However, it's unclear if this is strictly for cross-chain transfers or just within the same chain."
                    },
                    {
                        "parameter": "dy",
                        "attribute": "amount",
                        "reason": "The parameter 'dy' represents the output amount of tokens after the swap, which could correspond to the 'amount' attribute. This is less direct than 'dx' as it's the result rather than the input."
                    },
                    {
                        "parameter": "transferredDx",
                        "attribute": "amount",
                        "reason": "The variable 'transferredDx' holds the actual amount of tokens transferred after accounting for potential fees, making it a candidate for the 'amount' attribute. The context is still intra-chain rather than explicitly cross-chain."
                    },
                    {
                        "parameter": "msg.sender",
                        "attribute": "recipientAddress",
                        "reason": "The 'msg.sender' is used as the recipient in the token transfer, matching the 'recipientAddress' attribute. However, this is typically the initiator of the transaction rather than a designated recipient on another chain."
                    },
                    {
                        "parameter": "self.pooledTokens[tokenIndexFrom]",
                        "attribute": "tokenAddress",
                        "reason": "The array 'self.pooledTokens' contains addresses of tokens in the pool, so accessing an element could correspond to 'tokenAddress'. The exact index depends on runtime parameters."
                    }
                ]
            ],
            "v_prompt1": "\n你是一位严谨的跨链协议审计员和数据一致性验证者。仔细审查给定的多个跨链属性与参数在代码中的含义是否一致，并为其分配一个置信度分数 (0-100%)，指出给定该置信度分数的原因。\n\n输入格式： 你将接收一个 JSON 对象作为输入，其结构如下:\n{\n\"correspondence\":    // 代码中属性与参数对应的数组\n[\n{\n\"attribute\": \"...\", // 输入的跨链属性 \n\"parameter\": \"...\", // 对应的参数\n\"reason\": \"...\" // 简要的说明：为何选择此参数，以及可能的歧义 \n}\n...\n]，\n\"code\":\"...\" //跨链合约代码\n}\n\n输出格式：返回一个 JSON 对象数组，每项结构如下：\n[ \n{\n\"parameter\": \"...\", // 代码中最可能对应该属性的参数名\n\"attribute\": \"...\", // 输入的跨链属性 \n\"score\":\"...\", // 分配的置信度分数\n\"reason\": \"...\" // 简要说明给定该置信度分数的原因\n}, ... \n]\n输入：\n{\n\"correspondence\": [{\"parameter\": \"dx\", \"attribute\": \"amount\", \"reason\": \"The parameter 'dx' represents the amount of tokens to be swapped, which aligns with the 'amount' attribute describing the number of tokens to be transferred. However, it's unclear if this is strictly for cross-chain transfers or just within the same chain.\"}, {\"parameter\": \"dy\", \"attribute\": \"amount\", \"reason\": \"The parameter 'dy' represents the output amount of tokens after the swap, which could correspond to the 'amount' attribute. This is less direct than 'dx' as it's the result rather than the input.\"}, {\"parameter\": \"transferredDx\", \"attribute\": \"amount\", \"reason\": \"The variable 'transferredDx' holds the actual amount of tokens transferred after accounting for potential fees, making it a candidate for the 'amount' attribute. The context is still intra-chain rather than explicitly cross-chain.\"}, {\"parameter\": \"msg.sender\", \"attribute\": \"recipientAddress\", \"reason\": \"The 'msg.sender' is used as the recipient in the token transfer, matching the 'recipientAddress' attribute. However, this is typically the initiator of the transaction rather than a designated recipient on another chain.\"}, {\"parameter\": \"self.pooledTokens[tokenIndexFrom]\", \"attribute\": \"tokenAddress\", \"reason\": \"The array 'self.pooledTokens' contains addresses of tokens in the pool, so accessing an element could correspond to 'tokenAddress'. The exact index depends on runtime parameters.\"}],\n\"code\" [\"MetaSwapUtils.swap:function swap(\\n        SwapUtils.Swap storage self,\\n        MetaSwap storage metaSwapStorage,\\n        uint8 tokenIndexFrom,\\n        uint8 tokenIndexTo,\\n        uint256 dx,\\n        uint256 minDy\\n    ) external returns (uint256) {\\n        uint256 transferredDx;\\n        {\\n            IERC20 tokenFrom = self.pooledTokens[tokenIndexFrom];\\n            require(\\n                dx <= tokenFrom.balanceOf(msg.sender),\\n                \\\"Cannot swap more than you own\\\"\\n            );\\n\\n            {\\n                // Transfer tokens first to see if a fee was charged on transfer\\n                uint256 beforeBalance = tokenFrom.balanceOf(address(this));\\n                tokenFrom.safeTransferFrom(msg.sender, address(this), dx);\\n\\n                // Use the actual transferred amount for AMM math\\n                transferredDx = tokenFrom.balanceOf(address(this)).sub(\\n                    beforeBalance\\n                );\\n            }\\n        }\\n\\n        (uint256 dy, uint256 dyFee) =\\n            _calculateSwap(\\n                self,\\n                tokenIndexFrom,\\n                tokenIndexTo,\\n                transferredDx,\\n                _updateBaseVirtualPrice(metaSwapStorage)\\n            );\\n        require(dy >= minDy, \\\"Swap didn't result in min tokens\\\");\\n\\n        uint256 dyAdminFee =\\n            dyFee.mul(self.adminFee).div(FEE_DENOMINATOR).div(\\n                self.tokenPrecisionMultipliers[tokenIndexTo]\\n            );\\n\\n        self.balances[tokenIndexFrom] = self.balances[tokenIndexFrom].add(\\n            transferredDx\\n        );\\n        self.balances[tokenIndexTo] = self.balances[tokenIndexTo].sub(dy).sub(\\n            dyAdminFee\\n        );\\n\\n        self.pooledTokens[tokenIndexTo].safeTransfer(msg.sender, dy);\\n\\n        emit TokenSwap(\\n            msg.sender,\\n            transferredDx,\\n            dy,\\n            tokenIndexFrom,\\n            tokenIndexTo\\n        );\\n\\n        return dy;\\n    }\", \"MetaSwapUtils._calculateSwap:function _calculateSwap(\\n        SwapUtils.Swap storage self,\\n        uint8 tokenIndexFrom,\\n        uint8 tokenIndexTo,\\n        uint256 dx,\\n        uint256 baseVirtualPrice\\n    ) internal view returns (uint256 dy, uint256 dyFee) {\\n        uint256[] memory xp = _xp(self, baseVirtualPrice);\\n        require(\\n            tokenIndexFrom < xp.length && tokenIndexTo < xp.length,\\n            \\\"Token index out of range\\\"\\n        );\\n        uint256 x =\\n            dx.mul(self.tokenPrecisionMultipliers[tokenIndexFrom]).add(\\n                xp[tokenIndexFrom]\\n            );\\n        uint256 y =\\n            getY(getAPrecise(self), tokenIndexFrom, tokenIndexTo, x, xp);\\n        dy = xp[tokenIndexTo].sub(y).sub(1);\\n        dyFee = dy.mul(self.swapFee).div(FEE_DENOMINATOR);\\n        dy = dy.sub(dyFee).div(self.tokenPrecisionMultipliers[tokenIndexTo]);\\n    }\", \"MetaSwapUtils._updateBaseVirtualPrice:function _updateBaseVirtualPrice(MetaSwap storage metaSwapStorage)\\n        internal\\n        returns (uint256)\\n    {\\n        if (\\n            block.timestamp >\\n            metaSwapStorage.baseCacheLastUpdated + BASE_CACHE_EXPIRE_TIME\\n        ) {\\n            uint256 baseVirtualPrice =\\n                ISwap(metaSwapStorage.baseSwap).getVirtualPrice();\\n            metaSwapStorage.baseVirtualPrice = baseVirtualPrice;\\n            metaSwapStorage.baseCacheLastUpdated = block.timestamp;\\n            return baseVirtualPrice;\\n        } else {\\n            return metaSwapStorage.baseVirtualPrice;\\n        }\\n    }\", \"MetaSwapUtils._xp:function _xp(\\n        uint256[] memory balances,\\n        uint256[] memory precisionMultipliers,\\n        uint256 baseVirtualPrice\\n    ) internal pure returns (uint256[] memory) {\\n        uint256 numTokens = balances.length;\\n        require(\\n            numTokens == precisionMultipliers.length,\\n            \\\"Balances must match multipliers\\\"\\n        );\\n        uint256[] memory xp = new uint256[](numTokens);\\n        for (uint256 i = 0; i < numTokens; i++) {\\n            xp[i] = balances[i].mul(precisionMultipliers[i]);\\n        }\\n        uint256 baseLPTokenIndex = numTokens - 1;\\n        xp[baseLPTokenIndex] = xp[baseLPTokenIndex].mul(baseVirtualPrice).div(\\n            BASE_VIRTUAL_PRICE_PRECISION\\n        );\\n        return xp;\\n    }\", \"MetaSwapUtils.getY:function getY(\\n        uint256 preciseA,\\n        uint8 tokenIndexFrom,\\n        uint8 tokenIndexTo,\\n        uint256 x,\\n        uint256[] memory xp\\n    ) internal pure returns (uint256) {\\n        uint256 numTokens = xp.length;\\n        require(\\n            tokenIndexFrom != tokenIndexTo,\\n            \\\"Can't compare token to itself\\\"\\n        );\\n        require(\\n            tokenIndexFrom < numTokens && tokenIndexTo < numTokens,\\n            \\\"Tokens must be in pool\\\"\\n        );\\n\\n        uint256 d = getD(xp, preciseA);\\n        uint256 c = d;\\n        uint256 s;\\n        uint256 nA = numTokens.mul(preciseA);\\n\\n        uint256 _x;\\n        for (uint256 i = 0; i < numTokens; i++) {\\n            if (i == tokenIndexFrom) {\\n                _x = x;\\n            } else if (i != tokenIndexTo) {\\n                _x = xp[i];\\n            } else {\\n                continue;\\n            }\\n            s = s.add(_x);\\n            c = c.mul(d).div(_x.mul(numTokens));\\n            // If we were to protect the division loss we would have to keep the denominator separate\\n            // and divide at the end. However this leads to overflow with large numTokens or/and D.\\n            // c = c * D * D * D * ... overflow!\\n        }\\n        c = c.mul(d).mul(A_PRECISION).div(nA.mul(numTokens));\\n        uint256 b = s.add(d.mul(A_PRECISION).div(nA));\\n        uint256 yPrev;\\n        uint256 y = d;\\n\\n        // iterative approximation\\n        for (uint256 i = 0; i < MAX_LOOP_LIMIT; i++) {\\n            yPrev = y;\\n            y = y.mul(y).add(c).div(y.mul(2).add(b).sub(d));\\n            if (y.within1(yPrev)) {\\n                return y;\\n            }\\n        }\\n        revert(\\\"Approximation did not converge\\\");\\n    }\", \"MetaSwapUtils.getAPrecise:function getAPrecise(SwapUtils.Swap storage self)\\n        public\\n        view\\n        returns (uint256)\\n    {\\n        uint256 t1 = self.futureATime; // time when ramp is finished\\n        uint256 a1 = self.futureA; // final A value when ramp is finished\\n\\n        if (block.timestamp < t1) {\\n            uint256 t0 = self.initialATime; // time when ramp is started\\n            uint256 a0 = self.initialA; // initial A value when ramp is started\\n            if (a1 > a0) {\\n                // a0 + (a1 - a0) * (block.timestamp - t0) / (t1 - t0)\\n                return\\n                    a0.add(\\n                        a1.sub(a0).mul(block.timestamp.sub(t0)).div(t1.sub(t0))\\n                    );\\n            } else {\\n                // a0 - (a0 - a1) * (block.timestamp - t0) / (t1 - t0)\\n                return\\n                    a0.sub(\\n                        a0.sub(a1).mul(block.timestamp.sub(t0)).div(t1.sub(t0))\\n                    );\\n            }\\n        } else {\\n            return a1;\\n        }\\n    }\", \"MetaSwapUtils.getD:function getD(uint256[] memory xp, uint256 a)\\n        internal\\n        pure\\n        returns (uint256)\\n    {\\n        uint256 numTokens = xp.length;\\n        uint256 s;\\n        for (uint256 i = 0; i < numTokens; i++) {\\n            s = s.add(xp[i]);\\n        }\\n        if (s == 0) {\\n            return 0;\\n        }\\n\\n        uint256 prevD;\\n        uint256 d = s;\\n        uint256 nA = a.mul(numTokens);\\n\\n        for (uint256 i = 0; i < MAX_LOOP_LIMIT; i++) {\\n            uint256 dP = d;\\n            for (uint256 j = 0; j < numTokens; j++) {\\n                dP = dP.mul(d).div(xp[j].mul(numTokens));\\n                // If we were to protect the division loss we would have to keep the denominator separate\\n                // and divide at the end. However this leads to overflow with large numTokens or/and D.\\n                // dP = dP * D * D * D * ... overflow!\\n            }\\n            prevD = d;\\n            d = nA.mul(s).div(A_PRECISION).add(dP.mul(numTokens)).mul(d).div(\\n                nA.sub(A_PRECISION).mul(d).div(A_PRECISION).add(\\n                    numTokens.add(1).mul(dP)\\n                )\\n            );\\n            if (d.within1(prevD)) {\\n                return d;\\n            }\\n        }\\n\\n        // Convergence should occur in 4 loops or less. If this is reached, there may be something wrong\\n        // with the pool. If this were to occur repeatedly, LPs should withdraw via `removeLiquidity()`\\n        // function which does not rely on D.\\n        revert(\\\"D does not converge\\\");\\n    }\"]:\n}\n\n",
            "v_outputs1": [
                [
                    {
                        "parameter": "dx",
                        "attribute": "amount",
                        "score": 85,
                        "reason": "'dx' clearly represents the input amount for a swap operation, matching the 'amount' attribute. The score is reduced due to ambiguity about cross-chain context (could be intra-chain swap)."
                    },
                    {
                        "parameter": "dy",
                        "attribute": "amount",
                        "reason": "'dy' represents the output amount from a swap, which is a derived value rather than a direct transfer amount. Less directly corresponds to 'amount' attribute.",
                        "score": 65
                    },
                    {
                        "parameter": "transferredDx",
                        "attribute": "amount",
                        "reason": "'transferredDx' is the actual transferred amount after potential fees, making it a strong candidate for 'amount'. Still lacks explicit cross-chain context.",
                        "score": 80
                    },
                    {
                        "parameter": "msg.sender",
                        "attribute": "recipientAddress",
                        "reason": "'msg.sender' is used as the transfer recipient but represents the transaction initiator rather than a designated cross-chain recipient. Partial match at best.",
                        "score": 40
                    },
                    {
                        "parameter": "self.pooledTokens[tokenIndexFrom]",
                        "attribute": "tokenAddress",
                        "reason": "'pooledTokens' array does contain token addresses, but the index dependency and lack of explicit cross-chain marker reduces confidence.",
                        "score": 70
                    }
                ]
            ],
            "formatted_outputs1": {
                "dx": {
                    "amount": {
                        "reason": "The parameter 'dx' represents the amount of tokens to be swapped, which aligns with the 'amount' attribute describing the number of tokens to be transferred. However, it's unclear if this is strictly for cross-chain transfers or just within the same chain.",
                        "score": 85,
                        "s_reason": "'dx' clearly represents the input amount for a swap operation, matching the 'amount' attribute. The score is reduced due to ambiguity about cross-chain context (could be intra-chain swap)."
                    }
                },
                "dy": {
                    "amount": {
                        "reason": "The parameter 'dy' represents the output amount of tokens after the swap, which could correspond to the 'amount' attribute. This is less direct than 'dx' as it's the result rather than the input.",
                        "score": 65,
                        "s_reason": "'dy' represents the output amount from a swap, which is a derived value rather than a direct transfer amount. Less directly corresponds to 'amount' attribute."
                    }
                },
                "transferredDx": {
                    "amount": {
                        "reason": "The variable 'transferredDx' holds the actual amount of tokens transferred after accounting for potential fees, making it a candidate for the 'amount' attribute. The context is still intra-chain rather than explicitly cross-chain.",
                        "score": 80,
                        "s_reason": "'transferredDx' is the actual transferred amount after potential fees, making it a strong candidate for 'amount'. Still lacks explicit cross-chain context."
                    }
                },
                "msg.sender": {
                    "recipientAddress": {
                        "reason": "The 'msg.sender' is used as the recipient in the token transfer, matching the 'recipientAddress' attribute. However, this is typically the initiator of the transaction rather than a designated recipient on another chain.",
                        "score": 40,
                        "s_reason": "'msg.sender' is used as the transfer recipient but represents the transaction initiator rather than a designated cross-chain recipient. Partial match at best."
                    }
                },
                "self.pooledTokens[tokenIndexFrom]": {
                    "tokenAddress": {
                        "reason": "The array 'self.pooledTokens' contains addresses of tokens in the pool, so accessing an element could correspond to 'tokenAddress'. The exact index depends on runtime parameters.",
                        "score": 70,
                        "s_reason": "'pooledTokens' array does contain token addresses, but the index dependency and lack of explicit cross-chain marker reduces confidence."
                    }
                }
            }
        },
        "step2": {
            "amount": {
                "dx": {
                    "dataflows": [
                        {
                            "parameter": "dx",
                            "dataflow": {
                                "swap": [
                                    "function swap(\n        SwapUtils.Swap storage self,\n        MetaSwap storage metaSwapStorage,\n        uint8 tokenIndexFrom,\n        uint8 tokenIndexTo,\n        uint256 dx,\n        uint256 minDy\n    ) external returns (uint256) {\n        uint256 transferredDx;\n        {\n            IERC20 tokenFrom = self.pooledTokens[tokenIndexFrom];\n            require(\n                dx <= tokenFrom.balanceOf(msg.sender),\n                \"Cannot swap more than you own\"\n            );\n\n            {\n                // Transfer tokens first to see if a fee was charged on transfer\n                uint256 beforeBalance = tokenFrom.balanceOf(address(this));\n                tokenFrom.safeTransferFrom(msg.sender, address(this), dx);\n\n                // Use the actual transferred amount for AMM math\n                transferredDx = tokenFrom.balanceOf(address(this)).sub(\n                    beforeBalance\n                );\n            }\n        }",
                                    "(uint256 dy, uint256 dyFee) =\n            _calculateSwap(\n                self,\n                tokenIndexFrom,\n                tokenIndexTo,\n                transferredDx,\n                _updateBaseVirtualPrice(metaSwapStorage)\n            );",
                                    "self.balances[tokenIndexFrom] = self.balances[tokenIndexFrom].add(\n            transferredDx\n        );",
                                    "emit TokenSwap(\n            msg.sender,\n            transferredDx,\n            dy,\n            tokenIndexFrom,\n            tokenIndexTo\n        );"
                                ],
                                "_calculateSwap": [
                                    "function _calculateSwap(\n        SwapUtils.Swap storage self,\n        uint8 tokenIndexFrom,\n        uint8 tokenIndexTo,\n        uint256 dx,\n        uint256 baseVirtualPrice\n    ) internal view returns (uint256 dy, uint256 dyFee) {\n        uint256[] memory xp = _xp(self, baseVirtualPrice);\n        require(\n            tokenIndexFrom < xp.length && tokenIndexTo < xp.length,\n            \"Token index out of range\"\nn        );\nn        uint256 x =\nn            dx.mul(self.tokenPrecisionMultipliers[tokenIndexFrom]).add(\nn                xp[tokenIndexFrom]\nn            );",
                                    "uint256 y =\nn            getY(getAPrecise(self), tokenIndexFrom, tokenIndexTo, x, xp);",
                                    "dy = xp[tokenIndexTo].sub(y).sub(1);",
                                    "dyFee = dy.mul(self.swapFee).div(FEE_DENOMINATOR);",
                                    "dy = dy.sub(dyFee).div(self.tokenPrecisionMultipliers[tokenIndexTo]);"
                                ],
                                "_xp": [
                                    "function _xp(\nn        SwapUtils.Swap storage self,n\n        uint256 baseVirtualPricen\n    ) internal view returns (uint256[] memory) {",
                                    "uint256[] memory xp = new uint256[](self.pooledTokens.length);",
                                    "for (uint256 i = 0; i < self.pooledTokens.length; i++) {",
                                    "xp[i] = self.balances[i].mul(self.tokenPrecisionMultipliers[i]);"
                                ],
                                "getY": [
                                    "function getY(\nn        uint256 preciseA,n\n        uint8 tokenIndexFrom,n\n        uint8 tokenIndexTo,n\n        uint256 x,n\n        uint256[] memory xpn\n    ) internal pure returns (uint256) {",
                                    "_x = x;"
                                ]
                            },
                            "coverage": "95",
                            "correctness": "100",
                            "score": "98",
                            "reason": "The dataflow for parameter 'dx' is well-covered in the original code, with all relevant functions (swap, _calculateSwap, _xp, getY) being included. The correctness is high as the parameter is correctly used in calculations and transfers throughout the code. The only minor deduction in coverage is due to the lack of explicit mention of dx in some helper functions like getD and getAPrecise, though they are indirectly involved in the processing of dx."
                        },
                        {
                            "parameter": "dx",
                            "dataflow": {
                                "swap": [
                                    "function swap(\n        SwapUtils.Swap storage self,\n        MetaSwap storage metaSwapStorage,\n        uint8 tokenIndexFrom,\n        uint8 tokenIndexTo,\n        uint256 dx,\n        uint256 minDy\n    ) external returns (uint256) {\n        uint256 transferredDx;\n        {\n            IERC20 tokenFrom = self.pooledTokens[tokenIndexFrom];\n            require(\n                dx <= tokenFrom.balanceOf(msg.sender),\n                \"Cannot swap more than you own\"\n            );\n\n            {\n                // Transfer tokens first to see if a fee was charged on transfer\n                uint256 beforeBalance = tokenFrom.balanceOf(address(this));\n                tokenFrom.safeTransferFrom(msg.sender, address(this), dx);\n\n                // Use the actual transferred amount for AMM math\n                transferredDx = tokenFrom.balanceOf(address(this)).sub(\n                    beforeBalance\n                );\n            }\n        }",
                                    "(uint256 dy, uint256 dyFee) =\n            _calculateSwap(\n                self,\n                tokenIndexFrom,\n                tokenIndexTo,\n                transferredDx,\n                _updateBaseVirtualPrice(metaSwapStorage)\n            );",
                                    "self.balances[tokenIndexFrom] = self.balances[tokenIndexFrom].add(\n            transferredDx\n        );",
                                    "emit TokenSwap(\n            msg.sender,\n            transferredDx,\n            dy,\n            tokenIndexFrom,\n            tokenIndexTo\n        );"
                                ],
                                "_calculateSwap": [
                                    "function _calculateSwap(\n        SwapUtils.Swap storage self,\n        uint8 tokenIndexFrom,\n        uint8 tokenIndexTo,\n        uint256 dx,\n        uint256 baseVirtualPrice\n    ) internal view returns (uint256 dy, uint256 dyFee) {\n        uint256[] memory xp = _xp(self, baseVirtualPrice);\n        require(\n            tokenIndexFrom < xp.length && tokenIndexTo < xp.length,\n            \"Token index out of range\"\n        );\n        uint256 x =\ndx.mul(self.tokenPrecisionMultipliers[tokenIndexFrom]).add(\nxp[tokenIndexFrom]\n);",
                                    "uint256 y =\ngetY(getAPrecise(self), tokenIndexFrom, tokenIndexTo, x, xp);",
                                    "dy = xp[tokenIndexTo].sub(y).sub(1);",
                                    "dyFee = dy.mul(self.swapFee).div(FEE_DENOMINATOR);",
                                    "dy = dy.sub(dyFee).div(self.tokenPrecisionMultipliers[tokenIndexTo]);"
                                ],
                                "_xp": [
                                    "function _xp(\nuint256[] memory balances,\nuint256[] memory precisionMultipliers,\nuint256 baseVirtualPrice\n) internal pure returns (uint256[] memory) {\nuint256 numTokens = balances.length;\nxp[i] = balances[i].mul(precisionMultipliers[i]);"
                                ],
                                "getY": [
                                    "function getY(\nuint256 preciseA,\nuint8 tokenIndexFrom,\nuint8 tokenIndexTo,\nuint256 x,\nuint256[] memory xp\n) internal pure returns (uint256) {\nuint256 numTokens = xp.length;",
                                    "_x = x;"
                                ]
                            },
                            "coverage": "95",
                            "correctness": "95",
                            "score": "95",
                            "reason": "The parameter 'dx' is thoroughly covered in the dataflow code, with clear validation and usage in the swap function. It is correctly passed through to _calculateSwap and used in the AMM math calculations. The dataflow accurately reflects the parameter's role in the original code, ensuring proper handling and consistency."
                        }
                    ],
                    "merge_dataflows": "function swap(\n        SwapUtils.Swap storage self,\n        MetaSwap storage metaSwapStorage,\n        uint8 tokenIndexFrom,\n        uint8 tokenIndexTo,\n        uint256 dx,\n        uint256 minDy\n    ) external returns (uint256) {\n        uint256 transferredDx;\n        {\n            IERC20 tokenFrom = self.pooledTokens[tokenIndexFrom];\n            require(\n                dx <= tokenFrom.balanceOf(msg.sender),\n                \"Cannot swap more than you own\"\n            );\n\n            {\n                // Transfer tokens first to see if a fee was charged on transfer\n                uint256 beforeBalance = tokenFrom.balanceOf(address(this));\n                tokenFrom.safeTransferFrom(msg.sender, address(this), dx);\n\n                // Use the actual transferred amount for AMM math\n                transferredDx = tokenFrom.balanceOf(address(this)).sub(\n                    beforeBalance\n                );\n            }\n        }\n\n        (uint256 dy, uint256 dyFee) =\n            _calculateSwap(\n                self,\n                tokenIndexFrom,\n                tokenIndexTo,\n                transferredDx,\n                _updateBaseVirtualPrice(metaSwapStorage)\n            );\n\n        self.balances[tokenIndexFrom] = self.balances[tokenIndexFrom].add(\n            transferredDx\n        );\n\n        emit TokenSwap(\n            msg.sender,\n            transferredDx,\n            dy,\n            tokenIndexFrom,\n            tokenIndexTo\n        );\n    }\n\n    function _calculateSwap(\n        SwapUtils.Swap storage self,\nn        uint8 tokenIndexFrom,\nn        uint8 tokenIndexTo,\nn        uint256 dx,\nn        uint256 baseVirtualPrice\n    ) internal view returns (uint256 dy, uint256 dyFee) {\nn        uint256[] memory xp = _xp(self, baseVirtualPrice);\nn        require(\nn            tokenIndexFrom < xp.length && tokenIndexTo < xp.length,\nn            \"Token index out of range\"\nn        );\nn        uint256 x =\ndx.mul(self.tokenPrecisionMultipliers[tokenIndexFrom]).add(\nxp[tokenIndexFrom]\nn);\nn\nuint256 y =\ngetY(getAPrecise(self), tokenIndexFrom, tokenIndexTo, x, xp);\ndy = xp[tokenIndexTo].sub(y).sub(1);\ndyFee = dy.mul(self.swapFee).div(FEE_DENOMINATOR);\ndy = dy.sub(dyFee).div(self.tokenPrecisionMultipliers[tokenIndexTo]);\nn}\nnfunction _xp(\nuint256[] memory balances,\nuint256[] memory precisionMultipliers,\nuint256 baseVirtualPrice\n) internal pure returns (uint256[] memory) {\nuint256 numTokens = balances.length;\nxp[i] = balances[i].mul(precisionMultipliers[i]);\nn}\nnfunction getY(\nuint256 preciseA,\nuint8 tokenIndexFrom,\nuint8 tokenIndexTo,\nuint256 x,\nuint256[] memory xp\n) internal pure returns (uint256) {\nuint256 numTokens = xp.length;\nx = x;"
                }
            },
            "recipientAddress": {
                "msg.sender": {
                    "dataflows": [
                        {
                            "parameter": "msg.sender",
                            "dataflow": {
                                "swap": [
                                    "require(\n                dx <= tokenFrom.balanceOf(msg.sender),\n                \"Cannot swap more than you own\"\n            );",
                                    "tokenFrom.safeTransferFrom(msg.sender, address(this), dx);",
                                    "self.pooledTokens[tokenIndexTo].safeTransfer(msg.sender, dy);",
                                    "emit TokenSwap(\n            msg.sender,\n            transferredDx,\n            dy,\n            tokenIndexFrom,\n            tokenIndexTo\n        );"
                                ]
                            },
                            "coverage": "95",
                            "correctness": "100",
                            "score": "98",
                            "reason": "The dataflow provided for msg.sender covers all critical uses in the original code, including balance checks, token transfers, and event emissions. The correctness is confirmed as all instances correctly reference the transaction sender. One minor deduction in coverage is for potential indirect uses not explicitly listed in the dataflow."
                        },
                        {
                            "parameter": "msg.sender",
                            "dataflow": {
                                "swap": [
                                    "require(\n                dx <= tokenFrom.balanceOf(msg.sender),\n                \"Cannot swap more than you own\"\n            );",
                                    "tokenFrom.safeTransferFrom(msg.sender, address(this), dx);",
                                    "self.pooledTokens[tokenIndexTo].safeTransfer(msg.sender, dy);",
                                    "emit TokenSwap(\n            msg.sender,\n            transferredDx,\n            dy,\n            tokenIndexFrom,\n            tokenIndexTo\n        );"
                                ]
                            },
                            "coverage": "95",
                            "correctness": "100",
                            "score": "98",
                            "reason": "The dataflow for 'msg.sender' is comprehensively covered in the original code, appearing in critical functions such as balance checks, token transfers, and event emissions. All instances are correctly implemented with proper security checks and logical flow, ensuring the parameter's integrity throughout the contract execution."
                        }
                    ],
                    "merge_dataflows": "require(\n                dx <= tokenFrom.balanceOf(msg.sender),\n                \"Cannot swap more than you own\"\n            );tokenFrom.safeTransferFrom(msg.sender, address(this), dx);self.pooledTokens[tokenIndexTo].safeTransfer(msg.sender, dy);emit TokenSwap(\n            msg.sender,\n            transferredDx,\n            dy,\n            tokenIndexFrom,\n            tokenIndexTo\n        );"
                }
            },
            "tokenAddress": {
                "self.pooledTokens[tokenIndexFrom]": {
                    "dataflows": [
                        {
                            "parameter": "self.pooledTokens[tokenIndexFrom]",
                            "dataflow": {
                                "swap": [
                                    "IERC20 tokenFrom = self.pooledTokens[tokenIndexFrom];",
                                    "require(\n                dx <= tokenFrom.balanceOf(msg.sender),\n                \"Cannot swap more than you own\"\n            );",
                                    "uint256 beforeBalance = tokenFrom.balanceOf(address(this));",
                                    "tokenFrom.safeTransferFrom(msg.sender, address(this), dx);",
                                    "transferredDx = tokenFrom.balanceOf(address(this)).sub(\n                    beforeBalance\n                );",
                                    "(uint256 dy, uint256 dyFee) =\n            _calculateSwap(\n                self,\n                tokenIndexFrom,\n                tokenIndexTo,\n                transferredDx,\n                _updateBaseVirtualPrice(metaSwapStorage)\n            );",
                                    "self.balances[tokenIndexFrom] = self.balances[tokenIndexFrom].add(\n            transferredDx\n        );",
                                    "self.pooledTokens[tokenIndexTo].safeTransfer(msg.sender, dy);",
                                    "emit TokenSwap(\n            msg.sender,\n            transferredDx,\n            dy,\n            tokenIndexFrom,\n            tokenIndexTo\n        );"
                                ],
                                "_calculateSwap": [
                                    "uint256[] memory xp = _xp(self, baseVirtualPrice);",
                                    "require(\n            tokenIndexFrom < xp.length && tokenIndexTo < xp.length,\n            \"Token index out of range\"\n        );",
                                    "uint256 x =\n            dx.mul(self.tokenPrecisionMultipliers[tokenIndexFrom]).add(\n                xp[tokenIndexFrom]\n            );",
                                    "uint256 y =\n            getY(getAPrecise(self), tokenIndexFrom, tokenIndexTo, x, xp);",
                                    "dy = xp[tokenIndexTo].sub(y).sub(1);",
                                    "dyFee = dy.mul(self.swapFee).div(FEE_DENOMINATOR);"
                                ],
                                "_xp": [
                                    "uint256[] memory xp = new uint256[](numTokens);",
                                    "for (uint256 i = 0; i < numTokens; i++) {\n            xp[i] = balances[i].mul(precisionMultipliers[i]);\n        }"
                                ],
                                "_updateBaseVirtualPrice": [
                                    "if (\n            block.timestamp >\n            metaSwapStorage.baseCacheLastUpdated + BASE_CACHE_EXPIRE_TIME\n        ) {\n            uint256 baseVirtualPrice =\n                ISwap(metaSwapStorage.baseSwap).getVirtualPrice();\n            metaSwapStorage.baseVirtualPrice = baseVirtualPrice;\n            metaSwapStorage.baseCacheLastUpdated = block.timestamp;\n            return baseVirtualPrice;\n        } else {\n            return metaSwapStorage.baseVirtualPrice;\n        }"
                                ],
                                "getY": [
                                    "require(\n            tokenIndexFrom != tokenIndexTo,\n            \"Can't compare token to itself\"\n        );",
                                    "require(\n            tokenIndexFrom < numTokens && tokenIndexTo < numTokens,\n            \"Tokens must be in pool\"\n        );"
                                ]
                            },
                            "coverage": "95",
                            "correctness": "100",
                            "score": "98",
                            "reason": "The dataflow code provided for the parameter 'self.pooledTokens[tokenIndexFrom]' covers almost all relevant interactions within the swap function, including token transfer checks, balance updates, and swap calculations. The correctness is confirmed by the exact match with the original code in all critical operations involving this parameter. The minor deduction in coverage is due to not explicitly showing all possible paths in the '_updateBaseVirtualPrice' function, though it does not directly affect this parameter's handling."
                        },
                        {
                            "parameter": "self.pooledTokens[tokenIndexFrom]",
                            "dataflow": {
                                "swap": [
                                    "IERC20 tokenFrom = self.pooledTokens[tokenIndexFrom];",
                                    "require(\n                dx <= tokenFrom.balanceOf(msg.sender),\n                \"Cannot swap more than you own\"\n            );",
                                    "uint256 beforeBalance = tokenFrom.balanceOf(address(this));",
                                    "tokenFrom.safeTransferFrom(msg.sender, address(this), dx);",
                                    "transferredDx = tokenFrom.balanceOf(address(this)).sub(\n                    beforeBalance\n                );",
                                    "(uint256 dy, uint256 dyFee) =\n            _calculateSwap(\n                self,\n                tokenIndexFrom,\n                tokenIndexTo,\n                transferredDx,\n                _updateBaseVirtualPrice(metaSwapStorage)\n            );",
                                    "self.balances[tokenIndexFrom] = self.balances[tokenIndexFrom].add(\n            transferredDx\n        );",
                                    "self.pooledTokens[tokenIndexTo].safeTransfer(msg.sender, dy);",
                                    "emit TokenSwap(\n            msg.sender,\n            transferredDx,\n            dy,\n            tokenIndexFrom,\n            tokenIndexTo\n        );"
                                ],
                                "_calculateSwap": [
                                    "uint256[] memory xp = _xp(self, baseVirtualPrice);",
                                    "require(\n            tokenIndexFrom < xp.length && tokenIndexTo < xp.length,\n            \"Token index out of range\"\n        );",
                                    "uint256 x =\n            dx.mul(self.tokenPrecisionMultipliers[tokenIndexFrom]).add(\n                xp[tokenIndexFrom]\n            );",
                                    "uint256 y =\n            getY(getAPrecise(self), tokenIndexFrom, tokenIndexTo, x, xp);",
                                    "dy = xp[tokenIndexTo].sub(y).sub(1);",
                                    "dyFee = dy.mul(self.swapFee).div(FEE_DENOMINATOR);"
                                ],
                                "_xp": [
                                    "uint256[] memory xp = new uint256[](numTokens);",
                                    "for (uint256 i = 0; i < numTokens; i++) {\n            xp[i] = balances[i].mul(precisionMultipliers[i]);\n        }"
                                ],
                                "_updateBaseVirtualPrice": [
                                    "if (\n            block.timestamp >\n            metaSwapStorage.baseCacheLastUpdated + BASE_CACHE_EXPIRE_TIME\n        ) {\n            uint256 baseVirtualPrice =\n                ISwap(metaSwapStorage.baseSwap).getVirtualPrice();\n            metaSwapStorage.baseVirtualPrice = baseVirtualPrice;\n            metaSwapStorage.baseCacheLastUpdated = block.timestamp;\n            return baseVirtualPrice;\n        } else {\n            return metaSwapStorage.baseVirtualPrice;\n        }"
                                ],
                                "getY": [
                                    "if (i == tokenIndexFrom) {\n                _x = x;\n            } else if (i != tokenIndexTo) {\n                _x = xp[i];\n            } else {\n                continue;\n            }"
                                ]
                            },
                            "coverage": "95",
                            "correctness": "100",
                            "score": "98",
                            "reason": "The dataflow code provided for the parameter 'self.pooledTokens[tokenIndexFrom]' covers almost all the critical operations involving this parameter in the original code, including token transfer, balance checks, and swap calculations. The correctness is high as the operations are accurately reflected and there are no discrepancies found between the dataflow code and the original code. The minor deduction in coverage is due to some auxiliary functions like getAPrecise and getD not being directly included in the dataflow, though they are indirectly referenced."
                        }
                    ],
                    "merge_dataflows": "IERC20 tokenFrom = self.pooledTokens[tokenIndexFrom];\nrequire(\n                dx <= tokenFrom.balanceOf(msg.sender),\n                \"Cannot swap more than you own\"\n            );\nuint256 beforeBalance = tokenFrom.balanceOf(address(this));\ntokenFrom.safeTransferFrom(msg.sender, address(this), dx);\ntransferredDx = tokenFrom.balanceOf(address(this)).sub(\n                    beforeBalance\n                );\n(uint256 dy, uint256 dyFee) =\n            _calculateSwap(\n                self,\n                tokenIndexFrom,\n                tokenIndexTo,\n                transferredDx,\n                _updateBaseVirtualPrice(metaSwapStorage)\n            );\nself.balances[tokenIndexFrom] = self.balances[tokenIndexFrom].add(\n            transferredDx\n        );\nself.pooledTokens[tokenIndexTo].safeTransfer(msg.sender, dy);\nemit TokenSwap(\n            msg.sender,\n            transferredDx,\n            dy,\n            tokenIndexFrom,\n            tokenIndexTo\n        );\nuint256[] memory xp = _xp(self, baseVirtualPrice);\nrequire(\n            tokenIndexFrom < xp.length && tokenIndexTo < xp.length,\n            \"Token index out of range\"\n        );\nuint256 x =\n            dx.mul(self.tokenPrecisionMultipliers[tokenIndexFrom]).add(\n                xp[tokenIndexFrom]\n            );\nuint256 y =\n            getY(getAPrecise(self), tokenIndexFrom, tokenIndexTo, x, xp);\ndy = xp[tokenIndexTo].sub(y).sub(1);\ndyFee = dy.mul(self.swapFee).div(FEE_DENOMINATOR);\nuint256[] memory xp = new uint256[](numTokens);\nfor (uint256 i = 0; i < numTokens; i++) {\n            xp[i] = balances[i].mul(precisionMultipliers[i]);\n        }\nif (\n            block.timestamp >\n            metaSwapStorage.baseCacheLastUpdated + BASE_CACHE_EXPIRE_TIME\n        ) {\n            uint256 baseVirtualPrice =\n                ISwap(metaSwapStorage.baseSwap).getVirtualPrice();\n            metaSwapStorage.baseVirtualPrice = baseVirtualPrice;\n            metaSwapStorage.baseCacheLastUpdated = block.timestamp;\n            return baseVirtualPrice;\n        } else {\nmrequire(\ntokenIndexFrom != tokenIndexTo,\"Can't compare token to itself\");require(tokenIndexFrom < numTokens && tokenIndexTo < numTokens,\"Tokens must be in pool\");if (i == tokenIndexFrom) {_x = x;} else if (i != tokenIndexTo) {_x = xp[i];} else {continue;}"
                }
            }
        },
        "step3": {
            "amount": {
                "dx": {
                    "Validate that amount is greater than 0": {
                        "original": [
                            {
                                "result": false,
                                "validation": [],
                                "reason": "无"
                            },
                            {
                                "result": false,
                                "validation": [],
                                "reason": "无"
                            },
                            {
                                "result": false,
                                "validation": [],
                                "reason": "无"
                            }
                        ],
                        "verify_filtered": []
                    },
                    "Validate that msg.sender's balance change before and after equals amount": {
                        "original": [
                            {
                                "result": true,
                                "validation": [
                                    "uint256 beforeBalance = tokenFrom.balanceOf(address(this));",
                                    "tokenFrom.safeTransferFrom(msg.sender, address(this), dx);",
                                    "transferredDx = tokenFrom.balanceOf(address(this)).sub(beforeBalance);"
                                ],
                                "reason": "The code checks the balance of the contract before and after the transfer to calculate the actual transferred amount (transferredDx), which implicitly validates that msg.sender's balance change equals the transferred amount."
                            },
                            {
                                "result": false,
                                "validation": [],
                                "reason": null
                            },
                            {
                                "result": "...",
                                "validation": "...",
                                "reason": "..."
                            }
                        ],
                        "verify_filtered": [
                            {
                                "parameter": "dx",
                                "constraint": "Validate that msg.sender's balance change before and after equals amount",
                                "validation": [
                                    "uint256 beforeBalance = tokenFrom.balanceOf(address(this));",
                                    "tokenFrom.safeTransferFrom(msg.sender, address(this), dx);",
                                    "transferredDx = tokenFrom.balanceOf(address(this)).sub(beforeBalance);"
                                ],
                                "score": 100,
                                "reason": "The code accurately implements the constraint by first recording the balance before the transfer, performing the transfer, and then calculating the difference in balance after the transfer. This ensures that the actual transferred amount (considering any potential fees on transfer) is correctly captured and used for subsequent calculations.",
                                "results": [
                                    {
                                        "result": true,
                                        "poc": "通过使用具有转账费用的代币（fee-on-transfer token），可以绕过验证。具体步骤如下：1. 用户调用swap函数传入dx值，该值小于或等于用户余额（满足require条件）。2. 代币合约在转账时收取费用，实际转入合约的代币数量小于dx。3. transferredDx = afterBalance - beforeBalance会计算实际转入数量，而不是原始dx值。这样虽然验证了用户余额足够，但实际使用的代币数量可能低于预期，从而影响后续交换计算。",
                                        "score": "95",
                                        "reason": "The provided PoC demonstrates a valid bypass of the validation by using a fee-on-transfer token. The validation checks the user's balance before transfer but does not account for potential transfer fees, leading to a discrepancy between the expected (dx) and actual (transferredDx) amounts. This can affect the swap calculations and potentially lead to incorrect token exchanges. The confidence score is high because the exploit is well-documented in the DeFi space and the code clearly shows the vulnerability path."
                                    },
                                    {
                                        "result": true,
                                        "poc": "通过重入攻击可能绕过验证：1. 如果tokenFrom是一个恶意代币合约，在其transferFrom函数中回调swap函数。2. 在回调时，beforeBalance尚未更新，可以操纵余额读数。3. 通过精心构造的调用序列，可以使transferredDx计算不反映实际转账金额。",
                                        "score": "90",
                                        "reason": "The provided PoC demonstrates a valid reentrancy attack vector where a malicious token contract could manipulate the balance readings during the transferFrom call. The validation relies on comparing before and after balances, which can be bypassed if the token contract reenters the swap function before the balance update is complete. The confidence score is high (90) because this is a well-known attack pattern (similar to the DAO attack) and the code doesn't implement any reentrancy guards or checks-effects-interactions pattern. The only mitigating factor is that it requires the tokenFrom to be a malicious contract, which reduces the likelihood slightly."
                                    }
                                ]
                            }
                        ]
                    },
                    "Validate that the bridge's balance change before and after equals amount": {
                        "original": [
                            {
                                "result": true,
                                "validation": [
                                    "uint256 beforeBalance = tokenFrom.balanceOf(address(this));",
                                    "tokenFrom.safeTransferFrom(msg.sender, address(this), dx);",
                                    "transferredDx = tokenFrom.balanceOf(address(this)).sub(beforeBalance);"
                                ],
                                "reason": "The code captures the bridge's (contract's) balance before and after the transfer of 'dx' tokens, then calculates the actual transferred amount by subtracting the before balance from the after balance. This directly validates that the bridge's balance change equals the transferred amount."
                            },
                            {
                                "result": false,
                                "validation": [],
                                "reason": null
                            },
                            {
                                "result": false,
                                "validation": [],
                                "reason": null
                            }
                        ],
                        "verify_filtered": [
                            {
                                "parameter": "dx",
                                "constraint": "Validate that the bridge's balance change before and after equals amount",
                                "validation": "uint256 beforeBalance = tokenFrom.balanceOf(address(this));\ntokenFrom.safeTransferFrom(msg.sender, address(this), dx);\ntransferredDx = tokenFrom.balanceOf(address(this)).sub(beforeBalance);",
                                "score": 100,
                                "reason": "The validation code accurately implements the constraint by capturing the balance before the transfer, performing the transfer, and then calculating the difference in balances to verify the transferred amount. This directly corresponds to the constraint's requirement of validating the balance change equals the amount.",
                                "results": [
                                    {
                                        "result": true,
                                        "poc": "可以通过使用具有转账费用（fee-on-transfer）的代币来绕过验证。在这种情况下，`tokenFrom.safeTransferFrom(msg.sender, address(this), dx)` 实际转移的代币数量会少于 `dx`，因为部分代币被作为费用扣除。然而，后续的 AMM 数学计算使用的是实际转移的代币数量 `transferredDx`，而不是原始的 `dx`。这意味着用户可以传入一个较大的 `dx` 值，但实际转移的代币数量可能小于预期，从而可能影响交换结果。",
                                        "score": 90,
                                        "reason": "The provided PoC demonstrates a valid bypass of the validation for the parameter 'dx' when using fee-on-transfer tokens. The code correctly measures the actual transferred amount (transferredDx) by comparing balances before and after the transfer, which mitigates the issue to some extent. However, the swap calculation still relies on the original 'dx' value in other parts of the system (like user balance check), which could lead to inconsistencies. The high confidence score reflects that this is a well-known issue in DeFi (fee-on-transfer token handling) and the PoC correctly identifies the vulnerability path."
                                    },
                                    {
                                        "result": true,
                                        "poc": "如果 `tokenFrom` 是一个恶意代币合约，它可以在 `transferFrom` 函数中实现自定义逻辑，例如返回成功但实际上不转移任何代币。这样，`transferredDx` 将为 0，而原始的 `dx` 验证（`dx <= tokenFrom.balanceOf(msg.sender)`）仍然通过。这可能导致后续的 AMM 数学计算基于错误的输入进行。",
                                        "score": "90",
                                        "reason": "The provided PoC demonstrates a valid attack vector where a malicious token contract can bypass the validation by not transferring tokens while still returning a successful transfer status. This would cause the `transferredDx` to be 0, which would then be used in subsequent AMM calculations, potentially leading to incorrect results or exploitation. The confidence score is high (90) because this is a well-known issue with ERC20 tokens that don't follow the standard behavior (e.g., fee-on-transfer tokens or malicious implementations), and the code does not have additional safeguards against such behavior."
                                    }
                                ]
                            }
                        ]
                    },
                    "Validate that msg.sender's balance ≥ amount": {
                        "original": [
                            {
                                "result": true,
                                "validation": [
                                    "require(\n                dx <= tokenFrom.balanceOf(msg.sender),\n                \"Cannot swap more than you own\"\n            );"
                                ],
                                "reason": "The constraint is covered by the require statement which checks that the parameter 'dx' is less than or equal to the balance of 'msg.sender' for the token being swapped. This ensures that the sender cannot swap more tokens than they own."
                            },
                            {
                                "result": false,
                                "validation": [],
                                "reason": null
                            },
                            {
                                "result": false,
                                "validation": [],
                                "reason": null
                            }
                        ],
                        "verify_filtered": [
                            {
                                "parameter": "dx",
                                "constraint": "Validate that msg.sender's balance ≥ amount",
                                "validation": "require(\n                dx <= tokenFrom.balanceOf(msg.sender),\n                \"Cannot swap more than you own\"\n            );",
                                "score": 100,
                                "reason": "The validation code accurately implements the constraint by checking if the amount to be swapped (dx) is less than or equal to the sender's balance of the token. The error message clearly indicates the purpose of this check.",
                                "results": []
                            }
                        ]
                    }
                }
            },
            "recipientAddress": {
                "msg.sender": {
                    "Validate that recipientAddress is not the zero address": {
                        "original": [
                            {
                                "result": false,
                                "validation": [],
                                "reason": "无"
                            },
                            {
                                "result": false,
                                "validation": [],
                                "reason": "无"
                            },
                            {
                                "result": false,
                                "validation": [],
                                "reason": "无"
                            }
                        ],
                        "verify_filtered": []
                    }
                }
            },
            "tokenAddress": {
                "self.pooledTokens[tokenIndexFrom]": {
                    "Check whether the tokenAddress is authorized to use.": {
                        "original": [
                            {
                                "result": false,
                                "validation": [],
                                "reason": "无"
                            },
                            {
                                "result": false,
                                "validation": [],
                                "reason": "无"
                            },
                            {
                                "result": false,
                                "validation": [],
                                "reason": "无"
                            }
                        ],
                        "verify_filtered": []
                    }
                }
            }
        },
        "step4": {
            "amount": {
                "dx": {
                    "Validate that msg.sender's balance change before and after equals amount": [
                        {
                            "parameter": "dx",
                            "constraint": "Validate that msg.sender's balance change before and after equals amount",
                            "validation": [
                                "uint256 beforeBalance = tokenFrom.balanceOf(address(this));",
                                "tokenFrom.safeTransferFrom(msg.sender, address(this), dx);",
                                "transferredDx = tokenFrom.balanceOf(address(this)).sub(beforeBalance);"
                            ],
                            "score": 100,
                            "reason": "The code accurately implements the constraint by first recording the balance before the transfer, performing the transfer, and then calculating the difference in balance after the transfer. This ensures that the actual transferred amount (considering any potential fees on transfer) is correctly captured and used for subsequent calculations.",
                            "results": [
                                {
                                    "result": true,
                                    "poc": "通过使用具有转账费用的代币（fee-on-transfer token），可以绕过验证。具体步骤如下：1. 用户调用swap函数传入dx值，该值小于或等于用户余额（满足require条件）。2. 代币合约在转账时收取费用，实际转入合约的代币数量小于dx。3. transferredDx = afterBalance - beforeBalance会计算实际转入数量，而不是原始dx值。这样虽然验证了用户余额足够，但实际使用的代币数量可能低于预期，从而影响后续交换计算。",
                                    "score": "95",
                                    "reason": "The provided PoC demonstrates a valid bypass of the validation by using a fee-on-transfer token. The validation checks the user's balance before transfer but does not account for potential transfer fees, leading to a discrepancy between the expected (dx) and actual (transferredDx) amounts. This can affect the swap calculations and potentially lead to incorrect token exchanges. The confidence score is high because the exploit is well-documented in the DeFi space and the code clearly shows the vulnerability path."
                                },
                                {
                                    "result": true,
                                    "poc": "通过重入攻击可能绕过验证：1. 如果tokenFrom是一个恶意代币合约，在其transferFrom函数中回调swap函数。2. 在回调时，beforeBalance尚未更新，可以操纵余额读数。3. 通过精心构造的调用序列，可以使transferredDx计算不反映实际转账金额。",
                                    "score": "90",
                                    "reason": "The provided PoC demonstrates a valid reentrancy attack vector where a malicious token contract could manipulate the balance readings during the transferFrom call. The validation relies on comparing before and after balances, which can be bypassed if the token contract reenters the swap function before the balance update is complete. The confidence score is high (90) because this is a well-known attack pattern (similar to the DAO attack) and the code doesn't implement any reentrancy guards or checks-effects-interactions pattern. The only mitigating factor is that it requires the tokenFrom to be a malicious contract, which reduces the likelihood slightly."
                                }
                            ]
                        }
                    ],
                    "Validate that the bridge's balance change before and after equals amount": [
                        {
                            "parameter": "dx",
                            "constraint": "Validate that the bridge's balance change before and after equals amount",
                            "validation": "uint256 beforeBalance = tokenFrom.balanceOf(address(this));\ntokenFrom.safeTransferFrom(msg.sender, address(this), dx);\ntransferredDx = tokenFrom.balanceOf(address(this)).sub(beforeBalance);",
                            "score": 100,
                            "reason": "The validation code accurately implements the constraint by capturing the balance before the transfer, performing the transfer, and then calculating the difference in balances to verify the transferred amount. This directly corresponds to the constraint's requirement of validating the balance change equals the amount.",
                            "results": [
                                {
                                    "result": true,
                                    "poc": "可以通过使用具有转账费用（fee-on-transfer）的代币来绕过验证。在这种情况下，`tokenFrom.safeTransferFrom(msg.sender, address(this), dx)` 实际转移的代币数量会少于 `dx`，因为部分代币被作为费用扣除。然而，后续的 AMM 数学计算使用的是实际转移的代币数量 `transferredDx`，而不是原始的 `dx`。这意味着用户可以传入一个较大的 `dx` 值，但实际转移的代币数量可能小于预期，从而可能影响交换结果。",
                                    "score": 90,
                                    "reason": "The provided PoC demonstrates a valid bypass of the validation for the parameter 'dx' when using fee-on-transfer tokens. The code correctly measures the actual transferred amount (transferredDx) by comparing balances before and after the transfer, which mitigates the issue to some extent. However, the swap calculation still relies on the original 'dx' value in other parts of the system (like user balance check), which could lead to inconsistencies. The high confidence score reflects that this is a well-known issue in DeFi (fee-on-transfer token handling) and the PoC correctly identifies the vulnerability path."
                                },
                                {
                                    "result": true,
                                    "poc": "如果 `tokenFrom` 是一个恶意代币合约，它可以在 `transferFrom` 函数中实现自定义逻辑，例如返回成功但实际上不转移任何代币。这样，`transferredDx` 将为 0，而原始的 `dx` 验证（`dx <= tokenFrom.balanceOf(msg.sender)`）仍然通过。这可能导致后续的 AMM 数学计算基于错误的输入进行。",
                                    "score": "90",
                                    "reason": "The provided PoC demonstrates a valid attack vector where a malicious token contract can bypass the validation by not transferring tokens while still returning a successful transfer status. This would cause the `transferredDx` to be 0, which would then be used in subsequent AMM calculations, potentially leading to incorrect results or exploitation. The confidence score is high (90) because this is a well-known issue with ERC20 tokens that don't follow the standard behavior (e.g., fee-on-transfer tokens or malicious implementations), and the code does not have additional safeguards against such behavior."
                                }
                            ]
                        }
                    ],
                    "Validate that msg.sender's balance ≥ amount": [
                        {
                            "parameter": "dx",
                            "constraint": "Validate that msg.sender's balance ≥ amount",
                            "validation": "require(\n                dx <= tokenFrom.balanceOf(msg.sender),\n                \"Cannot swap more than you own\"\n            );",
                            "score": 100,
                            "reason": "The validation code accurately implements the constraint by checking if the amount to be swapped (dx) is less than or equal to the sender's balance of the token. The error message clearly indicates the purpose of this check.",
                            "results": []
                        }
                    ]
                }
            },
            "recipientAddress": {
                "msg.sender": {}
            },
            "tokenAddress": {
                "self.pooledTokens[tokenIndexFrom]": {}
            }
        },
        "final_result": {
            "amount": {
                "dx": {
                    "Validate that amount is greater than 0": [
                        {
                            "parameter": "dx",
                            "constraint": "Validate that amount is greater than 0",
                            "validation": "",
                            "reason": "在step3中未找到约束相关代码，不执行后续步骤"
                        }
                    ],
                    "Validate that msg.sender's balance change before and after equals amount": [
                        {
                            "validation": [
                                "uint256 beforeBalance = tokenFrom.balanceOf(address(this));",
                                "tokenFrom.safeTransferFrom(msg.sender, address(this), dx);",
                                "transferredDx = tokenFrom.balanceOf(address(this)).sub(beforeBalance);"
                            ],
                            "poc": "通过使用具有转账费用的代币（fee-on-transfer token），可以绕过验证。具体步骤如下：1. 用户调用swap函数传入dx值，该值小于或等于用户余额（满足require条件）。2. 代币合约在转账时收取费用，实际转入合约的代币数量小于dx。3. transferredDx = afterBalance - beforeBalance会计算实际转入数量，而不是原始dx值。这样虽然验证了用户余额足够，但实际使用的代币数量可能低于预期，从而影响后续交换计算。",
                            "score": "95",
                            "reason": "The provided PoC demonstrates a valid bypass of the validation by using a fee-on-transfer token. The validation checks the user's balance before transfer but does not account for potential transfer fees, leading to a discrepancy between the expected (dx) and actual (transferredDx) amounts. This can affect the swap calculations and potentially lead to incorrect token exchanges. The confidence score is high because the exploit is well-documented in the DeFi space and the code clearly shows the vulnerability path."
                        },
                        {
                            "validation": [
                                "uint256 beforeBalance = tokenFrom.balanceOf(address(this));",
                                "tokenFrom.safeTransferFrom(msg.sender, address(this), dx);",
                                "transferredDx = tokenFrom.balanceOf(address(this)).sub(beforeBalance);"
                            ],
                            "poc": "通过重入攻击可能绕过验证：1. 如果tokenFrom是一个恶意代币合约，在其transferFrom函数中回调swap函数。2. 在回调时，beforeBalance尚未更新，可以操纵余额读数。3. 通过精心构造的调用序列，可以使transferredDx计算不反映实际转账金额。",
                            "score": "90",
                            "reason": "The provided PoC demonstrates a valid reentrancy attack vector where a malicious token contract could manipulate the balance readings during the transferFrom call. The validation relies on comparing before and after balances, which can be bypassed if the token contract reenters the swap function before the balance update is complete. The confidence score is high (90) because this is a well-known attack pattern (similar to the DAO attack) and the code doesn't implement any reentrancy guards or checks-effects-interactions pattern. The only mitigating factor is that it requires the tokenFrom to be a malicious contract, which reduces the likelihood slightly."
                        }
                    ],
                    "Validate that the bridge's balance change before and after equals amount": [
                        {
                            "validation": "uint256 beforeBalance = tokenFrom.balanceOf(address(this));\ntokenFrom.safeTransferFrom(msg.sender, address(this), dx);\ntransferredDx = tokenFrom.balanceOf(address(this)).sub(beforeBalance);",
                            "poc": "可以通过使用具有转账费用（fee-on-transfer）的代币来绕过验证。在这种情况下，`tokenFrom.safeTransferFrom(msg.sender, address(this), dx)` 实际转移的代币数量会少于 `dx`，因为部分代币被作为费用扣除。然而，后续的 AMM 数学计算使用的是实际转移的代币数量 `transferredDx`，而不是原始的 `dx`。这意味着用户可以传入一个较大的 `dx` 值，但实际转移的代币数量可能小于预期，从而可能影响交换结果。",
                            "score": 90,
                            "reason": "The provided PoC demonstrates a valid bypass of the validation for the parameter 'dx' when using fee-on-transfer tokens. The code correctly measures the actual transferred amount (transferredDx) by comparing balances before and after the transfer, which mitigates the issue to some extent. However, the swap calculation still relies on the original 'dx' value in other parts of the system (like user balance check), which could lead to inconsistencies. The high confidence score reflects that this is a well-known issue in DeFi (fee-on-transfer token handling) and the PoC correctly identifies the vulnerability path."
                        },
                        {
                            "validation": "uint256 beforeBalance = tokenFrom.balanceOf(address(this));\ntokenFrom.safeTransferFrom(msg.sender, address(this), dx);\ntransferredDx = tokenFrom.balanceOf(address(this)).sub(beforeBalance);",
                            "poc": "如果 `tokenFrom` 是一个恶意代币合约，它可以在 `transferFrom` 函数中实现自定义逻辑，例如返回成功但实际上不转移任何代币。这样，`transferredDx` 将为 0，而原始的 `dx` 验证（`dx <= tokenFrom.balanceOf(msg.sender)`）仍然通过。这可能导致后续的 AMM 数学计算基于错误的输入进行。",
                            "score": "90",
                            "reason": "The provided PoC demonstrates a valid attack vector where a malicious token contract can bypass the validation by not transferring tokens while still returning a successful transfer status. This would cause the `transferredDx` to be 0, which would then be used in subsequent AMM calculations, potentially leading to incorrect results or exploitation. The confidence score is high (90) because this is a well-known issue with ERC20 tokens that don't follow the standard behavior (e.g., fee-on-transfer tokens or malicious implementations), and the code does not have additional safeguards against such behavior."
                        }
                    ],
                    "Validate that msg.sender's balance ≥ amount": []
                }
            },
            "recipientAddress": {
                "msg.sender": {
                    "Validate that recipientAddress is not the zero address": [
                        {
                            "parameter": "msg.sender",
                            "constraint": "Validate that recipientAddress is not the zero address",
                            "validation": "",
                            "reason": "在step3中未找到约束相关代码，不执行后续步骤"
                        }
                    ]
                }
            },
            "tokenAddress": {
                "self.pooledTokens[tokenIndexFrom]": {
                    "Check whether the tokenAddress is authorized to use.": [
                        {
                            "parameter": "self.pooledTokens[tokenIndexFrom]",
                            "constraint": "Check whether the tokenAddress is authorized to use.",
                            "validation": "",
                            "reason": "在step3中未找到约束相关代码，不执行后续步骤"
                        }
                    ]
                }
            }
        },
        "context": {
            "event": "TokenSwap",
            "call_graph": "swap",
            "state_variables": {
                "FEE_DENOMINATOR": "uint256 private constant FEE_DENOMINATOR = 10**10;",
                "swap": "ISwap public swap;",
                "BASE_CACHE_EXPIRE_TIME": "uint256 public constant BASE_CACHE_EXPIRE_TIME = 10 minutes;",
                "BASE_VIRTUAL_PRICE_PRECISION": "uint256 public constant BASE_VIRTUAL_PRICE_PRECISION = 10**18;",
                "MAX_LOOP_LIMIT": "uint256 private constant MAX_LOOP_LIMIT = 256;",
                "A_PRECISION": "uint256 public constant A_PRECISION = 100;"
            },
            "external_functions": [
                "function safeTransferFrom(IERC20 token, address from, address to, uint256 value) internal{ _callOptionalReturn(token, abi.encodeWithSelector(token.transferFrom.selector, from, to, value));}",
                "function mul(uint256 a, uint256 b) internal pure returns (uint256){ if (a == 0) return 0; uint256 c = a * b; require(c / a == b, \"SafeMath: multiplication overflow\"); return c;}",
                "function _xp( SwapUtils.Swap storage self, uint256[] memory balances, uint256 baseVirtualPrice ) internal view returns (uint256[] memory){ return _xp(balances, self.tokenPrecisionMultipliers, baseVirtualPrice);}",
                "function _xp(SwapUtils.Swap storage self, uint256 baseVirtualPrice) internal view returns (uint256[] memory){ return _xp( self.balances, self.tokenPrecisionMultipliers, baseVirtualPrice );}",
                "function sub(uint256 a, uint256 b) internal pure returns (uint256){ require(b <= a, \"SafeMath: subtraction overflow\"); return a - b;}",
                "function sub(uint256 a, uint256 b, string memory errorMessage) internal pure returns (uint256){ require(b <= a, errorMessage); return a - b;}",
                "function add(uint256 a, uint256 b) internal pure returns (uint256){ uint256 c = a + b; require(c >= a, \"SafeMath: addition overflow\"); return c;}",
                "function within1(uint256 a, uint256 b) internal pure returns (bool){ return (difference(a, b) <= 1);}"
            ]
        },
        "step1-time": 27.13332200050354,
        "step2-time": 622.2778797149658,
        "step2-call_api_times": 21,
        "step3-time": 116.02948522567749,
        "step3-call_api_times": 9,
        "step4-time": 95.31818270683289,
        "step4-call_api_times": 7
    },
    "time": 1617.2584948539734,
    "this_cost": 0.28329199999999993,
    "this_prompt_tokens": 100242,
    "this_completion_tokens": 10351
}