{
    "ad2b7769dc9b89055623e5cf9cf8a379": [
        "C:\\Users\\wy\\Desktop\\rag\\dataset\\QBridge20220128\\0x99309d2e7265528dC7C3067004cC4A90d37b7CC3\\EnumerableSetUpgradeable.sol",
        "EnumerableSetUpgradeable",
        0
    ],
    "17c0cb919bc1b5be0cc90a5f63cce6a2": [
        "C:\\Users\\wy\\Desktop\\rag\\dataset\\QBridge20220128\\0x99309d2e7265528dC7C3067004cC4A90d37b7CC3\\EnumerableSetUpgradeable.sol",
        "EnumerableSetUpgradeable",
        0
    ],
    "1741e13e15ea9a9f210919d1c3788e12": [
        "C:\\Users\\wy\\Desktop\\rag\\dataset\\QBridge20220128\\0x99309d2e7265528dC7C3067004cC4A90d37b7CC3\\EnumerableSetUpgradeable.sol",
        "EnumerableSetUpgradeable",
        0
    ],
    "bc694b0bdf3b5a29dac66980d1d4182b": [
        "C:\\Users\\wy\\Desktop\\rag\\dataset\\QBridge20220128\\0x99309d2e7265528dC7C3067004cC4A90d37b7CC3\\EnumerableSetUpgradeable.sol",
        "EnumerableSetUpgradeable",
        0
    ],
    "e1759b4e1992d27144a409f7b53a0ae1": [
        "C:\\Users\\wy\\Desktop\\rag\\dataset\\QBridge20220128\\0x99309d2e7265528dC7C3067004cC4A90d37b7CC3\\EnumerableSetUpgradeable.sol",
        "EnumerableSetUpgradeable",
        0
    ],
    "a781f1092de2c7ab7383feacecf54193": [
        "C:\\Users\\wy\\Desktop\\rag\\dataset\\QBridge20220128\\0x99309d2e7265528dC7C3067004cC4A90d37b7CC3\\EnumerableSetUpgradeable.sol",
        "EnumerableSetUpgradeable",
        0
    ],
    "3edf76a089a91822cd8846059713aba8": [
        "C:\\Users\\wy\\Desktop\\rag\\dataset\\QBridge20220128\\0x99309d2e7265528dC7C3067004cC4A90d37b7CC3\\EnumerableSetUpgradeable.sol",
        "EnumerableSetUpgradeable",
        0
    ],
    "852b0f9f2830320e0672bf0227599b4a": [
        "C:\\Users\\wy\\Desktop\\rag\\dataset\\QBridge20220128\\0x99309d2e7265528dC7C3067004cC4A90d37b7CC3\\EnumerableSetUpgradeable.sol",
        "EnumerableSetUpgradeable",
        0
    ],
    "86fffffe13bc5f2bc6250a9078d33ed1": [
        "C:\\Users\\wy\\Desktop\\rag\\dataset\\QBridge20220128\\0x99309d2e7265528dC7C3067004cC4A90d37b7CC3\\EnumerableSetUpgradeable.sol",
        "EnumerableSetUpgradeable",
        0
    ],
    "51efe515eaeadbd9b0605b0513ab73d0": [
        "C:\\Users\\wy\\Desktop\\rag\\dataset\\QBridge20220128\\0x99309d2e7265528dC7C3067004cC4A90d37b7CC3\\EnumerableSetUpgradeable.sol",
        "EnumerableSetUpgradeable",
        0
    ],
    "d4f789eb112120d7d4ed25cdb162a126": [
        "C:\\Users\\wy\\Desktop\\rag\\dataset\\QBridge20220128\\0x99309d2e7265528dC7C3067004cC4A90d37b7CC3\\EnumerableSetUpgradeable.sol",
        "EnumerableSetUpgradeable",
        0
    ],
    "ebf215d2fe5dbf37db4a675a5e81ca83": [
        "C:\\Users\\wy\\Desktop\\rag\\dataset\\QBridge20220128\\0x99309d2e7265528dC7C3067004cC4A90d37b7CC3\\EnumerableSetUpgradeable.sol",
        "EnumerableSetUpgradeable",
        0
    ],
    "17662067e0b322fd9c16ef50ecede785": [
        "C:\\Users\\wy\\Desktop\\rag\\dataset\\QBridge20220128\\0x99309d2e7265528dC7C3067004cC4A90d37b7CC3\\EnumerableSetUpgradeable.sol",
        "EnumerableSetUpgradeable",
        0
    ],
    "e69466d3da969494102a54751ab9f3a8": [
        "C:\\Users\\wy\\Desktop\\rag\\dataset\\QBridge20220128\\0x99309d2e7265528dC7C3067004cC4A90d37b7CC3\\EnumerableSetUpgradeable.sol",
        "EnumerableSetUpgradeable",
        0
    ],
    "cdddec0bf1b403598c3c0d896191f58b": [
        "C:\\Users\\wy\\Desktop\\rag\\dataset\\QBridge20220128\\0x99309d2e7265528dC7C3067004cC4A90d37b7CC3\\EnumerableSetUpgradeable.sol",
        "EnumerableSetUpgradeable",
        0
    ],
    "ecedb9e5fc6c79ed204867d3da23afe5": [
        "C:\\Users\\wy\\Desktop\\rag\\dataset\\QBridge20220128\\0x99309d2e7265528dC7C3067004cC4A90d37b7CC3\\EnumerableSetUpgradeable.sol",
        "EnumerableSetUpgradeable",
        0
    ],
    "cea2e30ad0bc0364c37de49fbeb20dc5": [
        "C:\\Users\\wy\\Desktop\\rag\\dataset\\QBridge20220128\\0x99309d2e7265528dC7C3067004cC4A90d37b7CC3\\EnumerableSetUpgradeable.sol",
        "EnumerableSetUpgradeable",
        0
    ],
    "af7c729aedc6ec7caf11fecc0c9b1432": [
        "C:\\Users\\wy\\Desktop\\rag\\dataset\\QBridge20220128\\0x99309d2e7265528dC7C3067004cC4A90d37b7CC3\\EnumerableSetUpgradeable.sol",
        "EnumerableSetUpgradeable",
        0
    ],
    "acdc34b74c96fe072d76d09948c8a7ca": [
        "C:\\Users\\wy\\Desktop\\rag\\dataset\\QBridge20220128\\0x99309d2e7265528dC7C3067004cC4A90d37b7CC3\\EnumerableSetUpgradeable.sol",
        "EnumerableSetUpgradeable",
        0
    ],
    "14de3a4f705bba70509f35b3dd44365f": [
        "C:\\Users\\wy\\Desktop\\rag\\dataset\\QBridge20220128\\0x99309d2e7265528dC7C3067004cC4A90d37b7CC3\\EnumerableSetUpgradeable.sol",
        "EnumerableSetUpgradeable",
        0
    ],
    "b946110d999861cda9a1e7e7629934c3": [
        "C:\\Users\\wy\\Desktop\\rag\\dataset\\QBridge20220128\\0x99309d2e7265528dC7C3067004cC4A90d37b7CC3\\AddressUpgradeable.sol",
        "AddressUpgradeable",
        0
    ],
    "4213f1701c2999f67f11de98a51e01f6": [
        "C:\\Users\\wy\\Desktop\\rag\\dataset\\QBridge20220128\\0x99309d2e7265528dC7C3067004cC4A90d37b7CC3\\AddressUpgradeable.sol",
        "AddressUpgradeable",
        0
    ],
    "9bd9227b4301edafa41944a5a4cc096d": [
        "C:\\Users\\wy\\Desktop\\rag\\dataset\\QBridge20220128\\0x99309d2e7265528dC7C3067004cC4A90d37b7CC3\\AddressUpgradeable.sol",
        "AddressUpgradeable",
        0
    ],
    "735101b0fafaf16211fa1793190b6833": [
        "C:\\Users\\wy\\Desktop\\rag\\dataset\\QBridge20220128\\0x99309d2e7265528dC7C3067004cC4A90d37b7CC3\\AddressUpgradeable.sol",
        "AddressUpgradeable",
        0
    ],
    "9587564662cef65eec554844bed6f202": [
        "C:\\Users\\wy\\Desktop\\rag\\dataset\\QBridge20220128\\0x99309d2e7265528dC7C3067004cC4A90d37b7CC3\\AddressUpgradeable.sol",
        "AddressUpgradeable",
        0
    ],
    "0756338a698cf2353736421e83671b07": [
        "C:\\Users\\wy\\Desktop\\rag\\dataset\\QBridge20220128\\0x99309d2e7265528dC7C3067004cC4A90d37b7CC3\\AddressUpgradeable.sol",
        "AddressUpgradeable",
        0
    ],
    "994685aae3cda8dbbf0ffec7f803d344": [
        "C:\\Users\\wy\\Desktop\\rag\\dataset\\QBridge20220128\\0x99309d2e7265528dC7C3067004cC4A90d37b7CC3\\AddressUpgradeable.sol",
        "AddressUpgradeable",
        0
    ],
    "c48c18ad7c0451e22168da4792c23d4b": [
        "C:\\Users\\wy\\Desktop\\rag\\dataset\\QBridge20220128\\0x99309d2e7265528dC7C3067004cC4A90d37b7CC3\\AddressUpgradeable.sol",
        "AddressUpgradeable",
        0
    ],
    "e6d84fd002b4ef76a1834f09ca48b18b": [
        "C:\\Users\\wy\\Desktop\\rag\\dataset\\QBridge20220128\\0x99309d2e7265528dC7C3067004cC4A90d37b7CC3\\AddressUpgradeable.sol",
        "AddressUpgradeable",
        0
    ],
    "2df5a9c4c3f62b7f564f61d0928f903a": [
        "C:\\Users\\wy\\Desktop\\rag\\dataset\\QBridge20220128\\0x99309d2e7265528dC7C3067004cC4A90d37b7CC3\\Initializable.sol",
        "Initializable",
        0
    ],
    "9a3941efe0712b157053363b75d3f33f": [
        "C:\\Users\\wy\\Desktop\\rag\\dataset\\QBridge20220128\\0x99309d2e7265528dC7C3067004cC4A90d37b7CC3\\Initializable.sol",
        "Initializable",
        1
    ],
    "ac041e388216097d4a3bd5bb532a04c2": [
        "C:\\Users\\wy\\Desktop\\rag\\dataset\\QBridge20220128\\0x99309d2e7265528dC7C3067004cC4A90d37b7CC3\\ContextUpgradeable.sol",
        "ContextUpgradeable",
        0
    ],
    "ff90e0cbb896d9c015a83bf8000be465": [
        "C:\\Users\\wy\\Desktop\\rag\\dataset\\QBridge20220128\\0x99309d2e7265528dC7C3067004cC4A90d37b7CC3\\ContextUpgradeable.sol",
        "ContextUpgradeable",
        0
    ],
    "00e29fff2bd07c51e23e94ddc6a504c4": [
        "C:\\Users\\wy\\Desktop\\rag\\dataset\\QBridge20220128\\0x99309d2e7265528dC7C3067004cC4A90d37b7CC3\\ContextUpgradeable.sol",
        "ContextUpgradeable",
        0
    ],
    "85862d5484a7dade4fadbe2620ef8307": [
        "C:\\Users\\wy\\Desktop\\rag\\dataset\\QBridge20220128\\0x99309d2e7265528dC7C3067004cC4A90d37b7CC3\\ContextUpgradeable.sol",
        "ContextUpgradeable",
        0
    ],
    "62fc2e5195c0be9a584b25288fe773fd": [
        "C:\\Users\\wy\\Desktop\\rag\\dataset\\QBridge20220128\\0x99309d2e7265528dC7C3067004cC4A90d37b7CC3\\AccessControlIndexUpgradeable.sol",
        "AccessControlIndexUpgradeable",
        0
    ],
    "066675476748812f9c58f096ccb349ba": [
        "C:\\Users\\wy\\Desktop\\rag\\dataset\\QBridge20220128\\0x99309d2e7265528dC7C3067004cC4A90d37b7CC3\\AccessControlIndexUpgradeable.sol",
        "AccessControlIndexUpgradeable",
        0
    ],
    "9fbc7e2af1224ec2a5b77a3507366e7e": [
        "C:\\Users\\wy\\Desktop\\rag\\dataset\\QBridge20220128\\0x99309d2e7265528dC7C3067004cC4A90d37b7CC3\\AccessControlIndexUpgradeable.sol",
        "AccessControlIndexUpgradeable",
        0
    ],
    "19a16dd0a34a0f806edd554f550978bd": [
        "C:\\Users\\wy\\Desktop\\rag\\dataset\\QBridge20220128\\0x99309d2e7265528dC7C3067004cC4A90d37b7CC3\\AccessControlIndexUpgradeable.sol",
        "AccessControlIndexUpgradeable",
        0
    ],
    "44de99df62eb881a66d6f5892e1bf93d": [
        "C:\\Users\\wy\\Desktop\\rag\\dataset\\QBridge20220128\\0x99309d2e7265528dC7C3067004cC4A90d37b7CC3\\AccessControlIndexUpgradeable.sol",
        "AccessControlIndexUpgradeable",
        0
    ],
    "dd190eaae6cb4e5f306e9e47fcf9de70": [
        "C:\\Users\\wy\\Desktop\\rag\\dataset\\QBridge20220128\\0x99309d2e7265528dC7C3067004cC4A90d37b7CC3\\AccessControlIndexUpgradeable.sol",
        "AccessControlIndexUpgradeable",
        0
    ],
    "f5e4d0f5949141eddc05c7f023643434": [
        "C:\\Users\\wy\\Desktop\\rag\\dataset\\QBridge20220128\\0x99309d2e7265528dC7C3067004cC4A90d37b7CC3\\AccessControlIndexUpgradeable.sol",
        "AccessControlIndexUpgradeable",
        0
    ],
    "f4b059da9460f5d3d0f6b41f6571ddc9": [
        "C:\\Users\\wy\\Desktop\\rag\\dataset\\QBridge20220128\\0x99309d2e7265528dC7C3067004cC4A90d37b7CC3\\AccessControlIndexUpgradeable.sol",
        "AccessControlIndexUpgradeable",
        0
    ],
    "a6204e95b6de4df653aa2ed5a13647e8": [
        "C:\\Users\\wy\\Desktop\\rag\\dataset\\QBridge20220128\\0x99309d2e7265528dC7C3067004cC4A90d37b7CC3\\AccessControlIndexUpgradeable.sol",
        "AccessControlIndexUpgradeable",
        0
    ],
    "aedd260ef7208937a1679e5447fe9131": [
        "C:\\Users\\wy\\Desktop\\rag\\dataset\\QBridge20220128\\0x99309d2e7265528dC7C3067004cC4A90d37b7CC3\\AccessControlIndexUpgradeable.sol",
        "AccessControlIndexUpgradeable",
        0
    ],
    "af0a23debe0f001cc6c8bf7d6a9618e6": [
        "C:\\Users\\wy\\Desktop\\rag\\dataset\\QBridge20220128\\0x99309d2e7265528dC7C3067004cC4A90d37b7CC3\\AccessControlIndexUpgradeable.sol",
        "AccessControlIndexUpgradeable",
        0
    ],
    "41c45b50653546e009bdb381daee2fd6": [
        "C:\\Users\\wy\\Desktop\\rag\\dataset\\QBridge20220128\\0x99309d2e7265528dC7C3067004cC4A90d37b7CC3\\AccessControlIndexUpgradeable.sol",
        "AccessControlIndexUpgradeable",
        0
    ],
    "771494ac28e5f2aeb04be27c51120863": [
        "C:\\Users\\wy\\Desktop\\rag\\dataset\\QBridge20220128\\0x99309d2e7265528dC7C3067004cC4A90d37b7CC3\\AccessControlIndexUpgradeable.sol",
        "AccessControlIndexUpgradeable",
        0
    ],
    "dc2c25cb40f6be919e8b4d4af191851f": [
        "C:\\Users\\wy\\Desktop\\rag\\dataset\\QBridge20220128\\0x99309d2e7265528dC7C3067004cC4A90d37b7CC3\\AccessControlIndexUpgradeable.sol",
        "AccessControlIndexUpgradeable",
        0
    ],
    "5e1d12e61f4bf4b37161d9b684742570": [
        "C:\\Users\\wy\\Desktop\\rag\\dataset\\QBridge20220128\\0x99309d2e7265528dC7C3067004cC4A90d37b7CC3\\IBEP20.sol",
        "IBEP20",
        0
    ],
    "af3fd982db2d33756fe4782a6d55350a": [
        "C:\\Users\\wy\\Desktop\\rag\\dataset\\QBridge20220128\\0x99309d2e7265528dC7C3067004cC4A90d37b7CC3\\IBEP20.sol",
        "IBEP20",
        0
    ],
    "290eeefbf46324b8fc0db56342aa8b5c": [
        "C:\\Users\\wy\\Desktop\\rag\\dataset\\QBridge20220128\\0x99309d2e7265528dC7C3067004cC4A90d37b7CC3\\IBEP20.sol",
        "IBEP20",
        0
    ],
    "4025788d8802eb9f22e195dc2bedffee": [
        "C:\\Users\\wy\\Desktop\\rag\\dataset\\QBridge20220128\\0x99309d2e7265528dC7C3067004cC4A90d37b7CC3\\IBEP20.sol",
        "IBEP20",
        0
    ],
    "79d6e202610c24061e3c43c0790fbc5e": [
        "C:\\Users\\wy\\Desktop\\rag\\dataset\\QBridge20220128\\0x99309d2e7265528dC7C3067004cC4A90d37b7CC3\\IBEP20.sol",
        "IBEP20",
        0
    ],
    "3ac17e7782366957c960d337a4a648cd": [
        "C:\\Users\\wy\\Desktop\\rag\\dataset\\QBridge20220128\\0x99309d2e7265528dC7C3067004cC4A90d37b7CC3\\IBEP20.sol",
        "IBEP20",
        0
    ],
    "98b540da9047ee99bce7fadde65d04b7": [
        "C:\\Users\\wy\\Desktop\\rag\\dataset\\QBridge20220128\\0x99309d2e7265528dC7C3067004cC4A90d37b7CC3\\IBEP20.sol",
        "IBEP20",
        0
    ],
    "7d3982d995a154aade498b79bfef9c84": [
        "C:\\Users\\wy\\Desktop\\rag\\dataset\\QBridge20220128\\0x99309d2e7265528dC7C3067004cC4A90d37b7CC3\\IBEP20.sol",
        "IBEP20",
        0
    ],
    "7c80d707df648dc123a10c69a1150edc": [
        "C:\\Users\\wy\\Desktop\\rag\\dataset\\QBridge20220128\\0x99309d2e7265528dC7C3067004cC4A90d37b7CC3\\IBEP20.sol",
        "IBEP20",
        0
    ],
    "7932ef7c0c445db0af2fbba14709eeae": [
        "C:\\Users\\wy\\Desktop\\rag\\dataset\\QBridge20220128\\0x99309d2e7265528dC7C3067004cC4A90d37b7CC3\\IBEP20.sol",
        "IBEP20",
        0
    ],
    "f7820e4676d5bcf96dd81f938b91f4f1": [
        "C:\\Users\\wy\\Desktop\\rag\\dataset\\QBridge20220128\\0x99309d2e7265528dC7C3067004cC4A90d37b7CC3\\OwnableUpgradeable.sol",
        "OwnableUpgradeable",
        0
    ],
    "f3e7ad499953e1b52c55f3c5bb3e4ddb": [
        "C:\\Users\\wy\\Desktop\\rag\\dataset\\QBridge20220128\\0x99309d2e7265528dC7C3067004cC4A90d37b7CC3\\OwnableUpgradeable.sol",
        "OwnableUpgradeable",
        0
    ],
    "c000c329207e63e4293ec575de9eb28a": [
        "C:\\Users\\wy\\Desktop\\rag\\dataset\\QBridge20220128\\0x99309d2e7265528dC7C3067004cC4A90d37b7CC3\\OwnableUpgradeable.sol",
        "OwnableUpgradeable",
        0
    ],
    "6bc3f7799b940307f12357aad7c15fa2": [
        "C:\\Users\\wy\\Desktop\\rag\\dataset\\QBridge20220128\\0x99309d2e7265528dC7C3067004cC4A90d37b7CC3\\OwnableUpgradeable.sol",
        "OwnableUpgradeable",
        0
    ],
    "4f1a2d71c9d0856b2600a43004342a3c": [
        "C:\\Users\\wy\\Desktop\\rag\\dataset\\QBridge20220128\\0x99309d2e7265528dC7C3067004cC4A90d37b7CC3\\OwnableUpgradeable.sol",
        "OwnableUpgradeable",
        0
    ],
    "b92099c80fb280641bb32ab9f3280aeb": [
        "C:\\Users\\wy\\Desktop\\rag\\dataset\\QBridge20220128\\0x99309d2e7265528dC7C3067004cC4A90d37b7CC3\\OwnableUpgradeable.sol",
        "OwnableUpgradeable",
        1
    ],
    "46ce8334a4ead43a32dce5688a8a5d2b": [
        "C:\\Users\\wy\\Desktop\\rag\\dataset\\QBridge20220128\\0x99309d2e7265528dC7C3067004cC4A90d37b7CC3\\SafeMath.sol",
        "SafeMath",
        0
    ],
    "1c1a32540e3a100292672418fcab8a72": [
        "C:\\Users\\wy\\Desktop\\rag\\dataset\\QBridge20220128\\0x99309d2e7265528dC7C3067004cC4A90d37b7CC3\\SafeMath.sol",
        "SafeMath",
        0
    ],
    "700407387793583c2fe6c35cf9581e84": [
        "C:\\Users\\wy\\Desktop\\rag\\dataset\\QBridge20220128\\0x99309d2e7265528dC7C3067004cC4A90d37b7CC3\\SafeMath.sol",
        "SafeMath",
        0
    ],
    "ecf8d5d646f961052d8509a2fe1c6222": [
        "C:\\Users\\wy\\Desktop\\rag\\dataset\\QBridge20220128\\0x99309d2e7265528dC7C3067004cC4A90d37b7CC3\\SafeMath.sol",
        "SafeMath",
        0
    ],
    "67320fc63047d6ea1ea2f76cea3d1f40": [
        "C:\\Users\\wy\\Desktop\\rag\\dataset\\QBridge20220128\\0x99309d2e7265528dC7C3067004cC4A90d37b7CC3\\SafeMath.sol",
        "SafeMath",
        0
    ],
    "b83a169007730f80a7fc79bee8748fff": [
        "C:\\Users\\wy\\Desktop\\rag\\dataset\\QBridge20220128\\0x99309d2e7265528dC7C3067004cC4A90d37b7CC3\\SafeMath.sol",
        "SafeMath",
        0
    ],
    "aa6b5a83ac7caeaf81056eef5389fca5": [
        "C:\\Users\\wy\\Desktop\\rag\\dataset\\QBridge20220128\\0x99309d2e7265528dC7C3067004cC4A90d37b7CC3\\SafeMath.sol",
        "SafeMath",
        0
    ],
    "bf37c866b6fedbd1f907bedc1db2ecf4": [
        "C:\\Users\\wy\\Desktop\\rag\\dataset\\QBridge20220128\\0x99309d2e7265528dC7C3067004cC4A90d37b7CC3\\SafeMath.sol",
        "SafeMath",
        0
    ],
    "7c28c2dd07441fa54b1d03075792c91b": [
        "C:\\Users\\wy\\Desktop\\rag\\dataset\\QBridge20220128\\0x99309d2e7265528dC7C3067004cC4A90d37b7CC3\\SafeMath.sol",
        "SafeMath",
        0
    ],
    "412fb6a70380571ecfde09f14e0cc060": [
        "C:\\Users\\wy\\Desktop\\rag\\dataset\\QBridge20220128\\0x99309d2e7265528dC7C3067004cC4A90d37b7CC3\\SafeMath.sol",
        "SafeMath",
        0
    ],
    "13421747919eac13f5a8a59c89f33ea9": [
        "C:\\Users\\wy\\Desktop\\rag\\dataset\\QBridge20220128\\0x99309d2e7265528dC7C3067004cC4A90d37b7CC3\\SafeMath.sol",
        "SafeMath",
        0
    ],
    "7c96bf46bac68fb10bb28ee253c94302": [
        "C:\\Users\\wy\\Desktop\\rag\\dataset\\QBridge20220128\\0x99309d2e7265528dC7C3067004cC4A90d37b7CC3\\SafeMath.sol",
        "SafeMath",
        0
    ],
    "6355d2e145b4213072aa6bcb41536f79": [
        "C:\\Users\\wy\\Desktop\\rag\\dataset\\QBridge20220128\\0x99309d2e7265528dC7C3067004cC4A90d37b7CC3\\SafeMath.sol",
        "SafeMath",
        0
    ],
    "8a5538f42abaa64c63f9d59399c5f9cc": [
        "C:\\Users\\wy\\Desktop\\rag\\dataset\\QBridge20220128\\0x99309d2e7265528dC7C3067004cC4A90d37b7CC3\\BEP20Upgradeable.sol",
        "BEP20Upgradeable",
        0
    ],
    "4e69af8fe3e7bdaca142a1e89bf0d389": [
        "C:\\Users\\wy\\Desktop\\rag\\dataset\\QBridge20220128\\0x99309d2e7265528dC7C3067004cC4A90d37b7CC3\\BEP20Upgradeable.sol",
        "BEP20Upgradeable",
        0
    ],
    "41c3756450ca96e3e3c4074eedd31011": [
        "C:\\Users\\wy\\Desktop\\rag\\dataset\\QBridge20220128\\0x99309d2e7265528dC7C3067004cC4A90d37b7CC3\\BEP20Upgradeable.sol",
        "BEP20Upgradeable",
        0
    ],
    "655a7402ca45e088b400d89a71dfcd1b": [
        "C:\\Users\\wy\\Desktop\\rag\\dataset\\QBridge20220128\\0x99309d2e7265528dC7C3067004cC4A90d37b7CC3\\BEP20Upgradeable.sol",
        "BEP20Upgradeable",
        0
    ],
    "4ee97bd292477f6b25209fd365f12cb9": [
        "C:\\Users\\wy\\Desktop\\rag\\dataset\\QBridge20220128\\0x99309d2e7265528dC7C3067004cC4A90d37b7CC3\\BEP20Upgradeable.sol",
        "BEP20Upgradeable",
        0
    ],
    "2704b9c11f07d92fed10c5fbd4d33c58": [
        "C:\\Users\\wy\\Desktop\\rag\\dataset\\QBridge20220128\\0x99309d2e7265528dC7C3067004cC4A90d37b7CC3\\BEP20Upgradeable.sol",
        "BEP20Upgradeable",
        0
    ],
    "92aa9cdb3d387b90e1c8ee5b60f83145": [
        "C:\\Users\\wy\\Desktop\\rag\\dataset\\QBridge20220128\\0x99309d2e7265528dC7C3067004cC4A90d37b7CC3\\BEP20Upgradeable.sol",
        "BEP20Upgradeable",
        0
    ],
    "896ebcad7f79d4d1b13644e416566220": [
        "C:\\Users\\wy\\Desktop\\rag\\dataset\\QBridge20220128\\0x99309d2e7265528dC7C3067004cC4A90d37b7CC3\\BEP20Upgradeable.sol",
        "BEP20Upgradeable",
        0
    ],
    "b43a7c2ccced873168049b30cf8f63df": [
        "C:\\Users\\wy\\Desktop\\rag\\dataset\\QBridge20220128\\0x99309d2e7265528dC7C3067004cC4A90d37b7CC3\\BEP20Upgradeable.sol",
        "BEP20Upgradeable",
        0
    ],
    "7fd50d34b8810af400ac4e83befb8289": [
        "C:\\Users\\wy\\Desktop\\rag\\dataset\\QBridge20220128\\0x99309d2e7265528dC7C3067004cC4A90d37b7CC3\\BEP20Upgradeable.sol",
        "BEP20Upgradeable",
        0
    ],
    "fb13a5de3902e36136fae6c1c7a2ca15": [
        "C:\\Users\\wy\\Desktop\\rag\\dataset\\QBridge20220128\\0x99309d2e7265528dC7C3067004cC4A90d37b7CC3\\BEP20Upgradeable.sol",
        "BEP20Upgradeable",
        0
    ],
    "c4ee8bccc4a970ae02996d5116ea0c39": [
        "C:\\Users\\wy\\Desktop\\rag\\dataset\\QBridge20220128\\0x99309d2e7265528dC7C3067004cC4A90d37b7CC3\\BEP20Upgradeable.sol",
        "BEP20Upgradeable",
        0
    ],
    "2c940f4b74570e8b23c33623a5c0e31f": [
        "C:\\Users\\wy\\Desktop\\rag\\dataset\\QBridge20220128\\0x99309d2e7265528dC7C3067004cC4A90d37b7CC3\\BEP20Upgradeable.sol",
        "BEP20Upgradeable",
        0
    ],
    "800450b0f4f97ee10afd9079cec11113": [
        "C:\\Users\\wy\\Desktop\\rag\\dataset\\QBridge20220128\\0x99309d2e7265528dC7C3067004cC4A90d37b7CC3\\BEP20Upgradeable.sol",
        "BEP20Upgradeable",
        0
    ],
    "ec7a9e8eacaba4feada5cb13e66b3116": [
        "C:\\Users\\wy\\Desktop\\rag\\dataset\\QBridge20220128\\0x99309d2e7265528dC7C3067004cC4A90d37b7CC3\\BEP20Upgradeable.sol",
        "BEP20Upgradeable",
        0
    ],
    "46f972a5c9fe0b4abbb1a847a560bde0": [
        "C:\\Users\\wy\\Desktop\\rag\\dataset\\QBridge20220128\\0x99309d2e7265528dC7C3067004cC4A90d37b7CC3\\BEP20Upgradeable.sol",
        "BEP20Upgradeable",
        0
    ],
    "307320ca5bd9f80827fef144e3c5815a": [
        "C:\\Users\\wy\\Desktop\\rag\\dataset\\QBridge20220128\\0x99309d2e7265528dC7C3067004cC4A90d37b7CC3\\BEP20Upgradeable.sol",
        "BEP20Upgradeable",
        0
    ],
    "3a48bcb78724ddfc3aa7db56d8338342": [
        "C:\\Users\\wy\\Desktop\\rag\\dataset\\QBridge20220128\\0x99309d2e7265528dC7C3067004cC4A90d37b7CC3\\BEP20Upgradeable.sol",
        "BEP20Upgradeable",
        0
    ],
    "7921f81157efa02464a274b6fe1386e6": [
        "C:\\Users\\wy\\Desktop\\rag\\dataset\\QBridge20220128\\0x99309d2e7265528dC7C3067004cC4A90d37b7CC3\\BEP20Upgradeable.sol",
        "BEP20Upgradeable",
        0
    ],
    "e3c1c29a42138e597abe3c61c4c637e6": [
        "C:\\Users\\wy\\Desktop\\rag\\dataset\\QBridge20220128\\0x99309d2e7265528dC7C3067004cC4A90d37b7CC3\\IQBridgeDelegator.sol",
        "IQBridgeDelegator",
        0
    ],
    "552231eeee9723fb36fb620bdbb08075": [
        "C:\\Users\\wy\\Desktop\\rag\\dataset\\QBridge20220128\\0x99309d2e7265528dC7C3067004cC4A90d37b7CC3\\IQBridgeHandler.sol",
        "IQBridgeHandler",
        0
    ],
    "50c6cff347fc27e2f17494a0a4bae2df": [
        "C:\\Users\\wy\\Desktop\\rag\\dataset\\QBridge20220128\\0x99309d2e7265528dC7C3067004cC4A90d37b7CC3\\IQBridgeHandler.sol",
        "IQBridgeHandler",
        0
    ],
    "a040257e6105218531a35a8693c5a63f": [
        "C:\\Users\\wy\\Desktop\\rag\\dataset\\QBridge20220128\\0x99309d2e7265528dC7C3067004cC4A90d37b7CC3\\IQBridgeHandler.sol",
        "IQBridgeHandler",
        0
    ],
    "51e02eea62a0cd58473bdf94ba7e1847": [
        "C:\\Users\\wy\\Desktop\\rag\\dataset\\QBridge20220128\\0x99309d2e7265528dC7C3067004cC4A90d37b7CC3\\IQBridgeHandler.sol",
        "IQBridgeHandler",
        0
    ],
    "b430808e4e60da9b9edd5a86219fd95a": [
        "C:\\Users\\wy\\Desktop\\rag\\dataset\\QBridge20220128\\0x99309d2e7265528dC7C3067004cC4A90d37b7CC3\\IQBridgeHandler.sol",
        "IQBridgeHandler",
        0
    ],
    "d9cef3f1f3e03de7e738689b0d49dd68": [
        "C:\\Users\\wy\\Desktop\\rag\\dataset\\QBridge20220128\\0x99309d2e7265528dC7C3067004cC4A90d37b7CC3\\IQBridgeHandler.sol",
        "IQBridgeHandler",
        0
    ],
    "69788c3cf1cb83b9c84a221612a125f8": [
        "C:\\Users\\wy\\Desktop\\rag\\dataset\\QBridge20220128\\0x99309d2e7265528dC7C3067004cC4A90d37b7CC3\\PausableUpgradeable.sol",
        "PausableUpgradeable",
        0
    ],
    "231a43ad87b4b7e8cef9b70180b34029": [
        "C:\\Users\\wy\\Desktop\\rag\\dataset\\QBridge20220128\\0x99309d2e7265528dC7C3067004cC4A90d37b7CC3\\PausableUpgradeable.sol",
        "PausableUpgradeable",
        0
    ],
    "49b89564bc6cae66b1875ca4e53b575e": [
        "C:\\Users\\wy\\Desktop\\rag\\dataset\\QBridge20220128\\0x99309d2e7265528dC7C3067004cC4A90d37b7CC3\\SafeToken.sol",
        "ERC20Interface",
        0
    ],
    "11a2e2f584b11e7bb1f8fa01ee3aa2c7": [
        "C:\\Users\\wy\\Desktop\\rag\\dataset\\QBridge20220128\\0x99309d2e7265528dC7C3067004cC4A90d37b7CC3\\SafeToken.sol",
        "SafeToken",
        0
    ],
    "3939c6997b689c7688215b098255d54b": [
        "C:\\Users\\wy\\Desktop\\rag\\dataset\\QBridge20220128\\0x99309d2e7265528dC7C3067004cC4A90d37b7CC3\\SafeToken.sol",
        "SafeToken",
        0
    ],
    "1501fd75092f885559a87241dededb8f": [
        "C:\\Users\\wy\\Desktop\\rag\\dataset\\QBridge20220128\\0x99309d2e7265528dC7C3067004cC4A90d37b7CC3\\SafeToken.sol",
        "SafeToken",
        0
    ],
    "9fe82e513e4ea2fede44affce931b36a": [
        "C:\\Users\\wy\\Desktop\\rag\\dataset\\QBridge20220128\\0x99309d2e7265528dC7C3067004cC4A90d37b7CC3\\SafeToken.sol",
        "SafeToken",
        0
    ],
    "a2e919451b2326a92471cbafd42b0518": [
        "C:\\Users\\wy\\Desktop\\rag\\dataset\\QBridge20220128\\0x99309d2e7265528dC7C3067004cC4A90d37b7CC3\\SafeToken.sol",
        "SafeToken",
        0
    ],
    "f6c084e10a382e02279aa28f84d745ca": [
        "C:\\Users\\wy\\Desktop\\rag\\dataset\\QBridge20220128\\0x99309d2e7265528dC7C3067004cC4A90d37b7CC3\\SafeToken.sol",
        "SafeToken",
        0
    ],
    "3b809cd8cd6ab8fba997d0dcc8e403fd": [
        "C:\\Users\\wy\\Desktop\\rag\\dataset\\QBridge20220128\\0x99309d2e7265528dC7C3067004cC4A90d37b7CC3\\QBridge-label.sol",
        "QBridge",
        0
    ],
    "367b8e9f1b43a8285a79ab84dd7819ca": [
        "C:\\Users\\wy\\Desktop\\rag\\dataset\\QBridge20220128\\0x99309d2e7265528dC7C3067004cC4A90d37b7CC3\\QBridge-label.sol",
        "QBridge",
        0
    ],
    "59744129ce8431c21255cc49df6acea7": [
        "C:\\Users\\wy\\Desktop\\rag\\dataset\\QBridge20220128\\0x99309d2e7265528dC7C3067004cC4A90d37b7CC3\\QBridge-label.sol",
        "QBridge",
        0
    ],
    "c83b71b87fe45896efc603d05bc7eff0": [
        "C:\\Users\\wy\\Desktop\\rag\\dataset\\QBridge20220128\\0x99309d2e7265528dC7C3067004cC4A90d37b7CC3\\QBridge-label.sol",
        "QBridge",
        0
    ],
    "e41fa75cdf841698569d4e5a5d66a39b": [
        "C:\\Users\\wy\\Desktop\\rag\\dataset\\QBridge20220128\\0x99309d2e7265528dC7C3067004cC4A90d37b7CC3\\QBridge-label.sol",
        "QBridge",
        0
    ],
    "089790c3172a64fa40a20ee922a5d0a1": [
        "C:\\Users\\wy\\Desktop\\rag\\dataset\\QBridge20220128\\0x99309d2e7265528dC7C3067004cC4A90d37b7CC3\\QBridge-label.sol",
        "QBridge",
        0
    ],
    "1f315fe7c1f2cf665d763ec6c2b367d1": [
        "C:\\Users\\wy\\Desktop\\rag\\dataset\\QBridge20220128\\0x99309d2e7265528dC7C3067004cC4A90d37b7CC3\\QBridge-label.sol",
        "QBridge",
        0
    ],
    "23428f7f14a29d9c0df49174b3c1e46c": [
        "C:\\Users\\wy\\Desktop\\rag\\dataset\\QBridge20220128\\0x99309d2e7265528dC7C3067004cC4A90d37b7CC3\\QBridge-label.sol",
        "QBridge",
        0
    ],
    "1939981dfee62036e57f238405105d74": [
        "C:\\Users\\wy\\Desktop\\rag\\dataset\\QBridge20220128\\0x99309d2e7265528dC7C3067004cC4A90d37b7CC3\\QBridge-label.sol",
        "QBridge",
        0
    ],
    "bc9b4a79bc2b8ac13a290b8f5aa5b4bb": [
        "C:\\Users\\wy\\Desktop\\rag\\dataset\\QBridge20220128\\0x99309d2e7265528dC7C3067004cC4A90d37b7CC3\\QBridge-label.sol",
        "QBridge",
        0
    ],
    "5816ec8b67de23ec20054843cf73c4c0": [
        "C:\\Users\\wy\\Desktop\\rag\\dataset\\QBridge20220128\\0x99309d2e7265528dC7C3067004cC4A90d37b7CC3\\QBridge-label.sol",
        "QBridge",
        0
    ],
    "59307613e8d8313a74a2b948e1d6c2fb": [
        "C:\\Users\\wy\\Desktop\\rag\\dataset\\QBridge20220128\\0x99309d2e7265528dC7C3067004cC4A90d37b7CC3\\QBridge-label.sol",
        "QBridge",
        0
    ],
    "532db5bf8ce5c433aee337ffa10b1a00": [
        "C:\\Users\\wy\\Desktop\\rag\\dataset\\QBridge20220128\\0x99309d2e7265528dC7C3067004cC4A90d37b7CC3\\QBridge-label.sol",
        "QBridge",
        0
    ],
    "d01a02988134a083bbceb0f4e95669e4": [
        "C:\\Users\\wy\\Desktop\\rag\\dataset\\QBridge20220128\\0x99309d2e7265528dC7C3067004cC4A90d37b7CC3\\QBridge-label.sol",
        "QBridge",
        0
    ],
    "47a255b5e150c9f4b3297a099ec79563": [
        "C:\\Users\\wy\\Desktop\\rag\\dataset\\QBridge20220128\\0x99309d2e7265528dC7C3067004cC4A90d37b7CC3\\QBridge-label.sol",
        "QBridge",
        0
    ],
    "c887aea3a22bea2b39294cbd8f20eb5b": [
        "C:\\Users\\wy\\Desktop\\rag\\dataset\\QBridge20220128\\0x99309d2e7265528dC7C3067004cC4A90d37b7CC3\\QBridge-label.sol",
        "QBridge",
        0
    ],
    "ac39b3a2a0ad4d4af614edc2932d744a": [
        "C:\\Users\\wy\\Desktop\\rag\\dataset\\QBridge20220128\\0x99309d2e7265528dC7C3067004cC4A90d37b7CC3\\QBridge-label.sol",
        "QBridge",
        0
    ],
    "a5cdb8dc81bed0100a4ee288779ecbfb": [
        "C:\\Users\\wy\\Desktop\\rag\\dataset\\QBridge20220128\\0x99309d2e7265528dC7C3067004cC4A90d37b7CC3\\QBridge-label.sol",
        "QBridge",
        0
    ],
    "31fb5104f69c87c5f5803280ecb9ef9b": [
        "C:\\Users\\wy\\Desktop\\rag\\dataset\\QBridge20220128\\0x99309d2e7265528dC7C3067004cC4A90d37b7CC3\\QBridge-label.sol",
        "QBridge",
        0
    ],
    "888ca3c993fdc671d027d1d98cd71f7a": [
        "C:\\Users\\wy\\Desktop\\rag\\dataset\\QBridge20220128\\0x99309d2e7265528dC7C3067004cC4A90d37b7CC3\\QBridge-label.sol",
        "QBridge",
        0
    ],
    "2b54ac43e38ce1ed5f7c63b103a8adf8": [
        "C:\\Users\\wy\\Desktop\\rag\\dataset\\QBridge20220128\\0x99309d2e7265528dC7C3067004cC4A90d37b7CC3\\QBridge-label.sol",
        "QBridge",
        0
    ],
    "5cf6f831bddef308fb342ad921996c8a": [
        "C:\\Users\\wy\\Desktop\\rag\\dataset\\QBridge20220128\\0x99309d2e7265528dC7C3067004cC4A90d37b7CC3\\QBridge-label.sol",
        "QBridge",
        0
    ],
    "14fd4f59ce468fae9e87accfd707a65c": [
        "C:\\Users\\wy\\Desktop\\rag\\dataset\\QBridge20220128\\0x99309d2e7265528dC7C3067004cC4A90d37b7CC3\\QBridge-label.sol",
        "QBridge",
        1
    ],
    "ad47c528a9cc253f4d4bcabb5ac627fd": [
        "C:\\Users\\wy\\Desktop\\rag\\dataset\\QBridge20220128\\0x99309d2e7265528dC7C3067004cC4A90d37b7CC3\\QBridge-label.sol",
        "QBridge",
        1
    ],
    "a068d0cb87b62b1a812c0eea5a9aec89": [
        "C:\\Users\\wy\\Desktop\\rag\\dataset\\QBridge20220128\\0x99309d2e7265528dC7C3067004cC4A90d37b7CC3\\QBridgeToken.sol",
        "QBridgeToken",
        0
    ],
    "c779bc077422057187e88bf4cb88cce5": [
        "C:\\Users\\wy\\Desktop\\rag\\dataset\\QBridge20220128\\0x99309d2e7265528dC7C3067004cC4A90d37b7CC3\\QBridgeToken.sol",
        "QBridgeToken",
        0
    ],
    "ae805caeb869bc0ab0c2fe05fe318d97": [
        "C:\\Users\\wy\\Desktop\\rag\\dataset\\QBridge20220128\\0x99309d2e7265528dC7C3067004cC4A90d37b7CC3\\QBridgeToken.sol",
        "QBridgeToken",
        0
    ],
    "5d54f826fb124fa01298ece352f6b6d2": [
        "C:\\Users\\wy\\Desktop\\rag\\dataset\\QBridge20220128\\0x99309d2e7265528dC7C3067004cC4A90d37b7CC3\\QBridgeToken.sol",
        "QBridgeToken",
        0
    ],
    "8ea6949ca1f0e71407dc3ca3a830a4be": [
        "C:\\Users\\wy\\Desktop\\rag\\dataset\\QBridge20220128\\0x99309d2e7265528dC7C3067004cC4A90d37b7CC3\\QBridgeToken.sol",
        "QBridgeToken",
        0
    ],
    "11e626d9ab8dff4191f2f14dba292ea6": [
        "C:\\Users\\wy\\Desktop\\rag\\dataset\\QBridge20220128\\0x99309d2e7265528dC7C3067004cC4A90d37b7CC3\\QBridgeToken.sol",
        "QBridgeToken",
        1
    ],
    "23a960a979fca02326dc6431861e84a5": [
        "C:\\Users\\wy\\Desktop\\rag\\dataset\\QBridge20220128\\0x99309d2e7265528dC7C3067004cC4A90d37b7CC3\\QBridgeHandler.sol",
        "QBridgeHandler",
        0
    ],
    "8f69cbed49cf991e6c30e682862d95ec": [
        "C:\\Users\\wy\\Desktop\\rag\\dataset\\QBridge20220128\\0x99309d2e7265528dC7C3067004cC4A90d37b7CC3\\QBridgeHandler.sol",
        "QBridgeHandler",
        0
    ],
    "ebb22f2beac2817761743e178c7c3edb": [
        "C:\\Users\\wy\\Desktop\\rag\\dataset\\QBridge20220128\\0x99309d2e7265528dC7C3067004cC4A90d37b7CC3\\QBridgeHandler.sol",
        "QBridgeHandler",
        0
    ],
    "463ffd53967b714ee43b25f0b20fa202": [
        "C:\\Users\\wy\\Desktop\\rag\\dataset\\QBridge20220128\\0x99309d2e7265528dC7C3067004cC4A90d37b7CC3\\QBridgeHandler.sol",
        "QBridgeHandler",
        0
    ],
    "14fc9a07ddb3dbc410eff6f02ebf4a33": [
        "C:\\Users\\wy\\Desktop\\rag\\dataset\\QBridge20220128\\0x99309d2e7265528dC7C3067004cC4A90d37b7CC3\\QBridgeHandler.sol",
        "QBridgeHandler",
        0
    ],
    "689b52ae301ad13f29689cd0e6069de8": [
        "C:\\Users\\wy\\Desktop\\rag\\dataset\\QBridge20220128\\0x99309d2e7265528dC7C3067004cC4A90d37b7CC3\\QBridgeHandler.sol",
        "QBridgeHandler",
        0
    ],
    "281851e9be403577bc50eb50e06d678e": [
        "C:\\Users\\wy\\Desktop\\rag\\dataset\\QBridge20220128\\0x99309d2e7265528dC7C3067004cC4A90d37b7CC3\\QBridgeHandler.sol",
        "QBridgeHandler",
        0
    ],
    "d27016c1b957b79cce3db3ec763e9747": [
        "C:\\Users\\wy\\Desktop\\rag\\dataset\\QBridge20220128\\0x99309d2e7265528dC7C3067004cC4A90d37b7CC3\\QBridgeHandler.sol",
        "QBridgeHandler",
        0
    ],
    "9aa5ee1d444dd9e3965f46274d6f78f2": [
        "C:\\Users\\wy\\Desktop\\rag\\dataset\\QBridge20220128\\0x99309d2e7265528dC7C3067004cC4A90d37b7CC3\\QBridgeHandler.sol",
        "QBridgeHandler",
        0
    ],
    "a424b10802cdd9e7e5a5488d02aa3a36": [
        "C:\\Users\\wy\\Desktop\\rag\\dataset\\QBridge20220128\\0x99309d2e7265528dC7C3067004cC4A90d37b7CC3\\QBridgeHandler.sol",
        "QBridgeHandler",
        0
    ],
    "b8cb30ff3474313f37257211f482abe3": [
        "C:\\Users\\wy\\Desktop\\rag\\dataset\\QBridge20220128\\0x99309d2e7265528dC7C3067004cC4A90d37b7CC3\\QBridgeHandler.sol",
        "QBridgeHandler",
        1
    ]
}