{
    "AnyswapV4Router.anySwapOutUnderlyingWithPermit->AnyswapV4Router._anySwapOut": {
        "step1": {
            "prompt1": "\n你是一位经验丰富的跨链协议分析专家。你的任务是将根据提供的 Solidity 代码，将指定的跨链属性映射到代码中的参数上；如果某属性在代码中找不到对应参数，则不在输出中列出该属性，如果存在多个参数对应同一属性的可能性，每个属性至多输出3种参数映射方案。请严格遵循以下定义的输入格式和输出格式：\n输入格式： 你将接收一个 JSON 对象作为输入，其结构如下： \n{\n\"attribute\": \n{ \n\"<attribute>\": \"<attribute description>\" ,\n\"<attribute>\": \"<attribute description>\",\n...\n}\n\"code\": \"...\" // Solidity 合约代码字符串 \n}\n输出格式：\n返回一个 JSON 对象数组，每项结构如下：\n[ \n{\n\"parameter\": \"...\", // 代码中最可能对应该属性的参数名\n\"attribute\": \"...\", // 输入的跨链属性 \n\"reason\": \"...\" // 简要说明：为何选择此参数，以及可能的歧义 \n}, ... \n]\nreason 中请同时指出该映射的核心依据和潜在的不确定点（例如：参数名相似度、上下文含义模糊等）。\n\n输入：\n{\n\"attribute\": {\"toChainID\": \"Specifies the destination blockchain network ID.\", \"tokenAddress\": \"Indicates the contract address of the token to be transferred.\", \"amount\": \"The number of tokens to be transferred across chains.\", \"nonce\": \"Check and mark that nonce has not been consumed to prevent replay\", \"recipientAddress\": \"The address that will receive the tokens on the destination chain.\", \"externalCallAddress\": \"The address of a contract to be called after the cross-chain transfer.\", \"externalCallFunction\": \"The specific function or calldata to be executed on the `externalCallAddress`.\", \"routerAddress\": \"The address of the cross-chain router or bridge handler.\"},\n\"code\": [\"AnyswapV4Router.anySwapOutUnderlyingWithPermit:function anySwapOutUnderlyingWithPermit(\\n        address from,\\n        address token,\\n        address to,\\n        uint amount,\\n        uint deadline,\\n        uint8 v,\\n        bytes32 r,\\n        bytes32 s,\\n        uint toChainID\\n    ) external {\\n        address _underlying = AnyswapV1ERC20(token).underlying();\\n        IERC20(_underlying).permit(from, address(this), amount, deadline, v, r, s);\\n        TransferHelper.safeTransferFrom(_underlying, from, token, amount);\\n        AnyswapV1ERC20(token).depositVault(amount, from);\\n        _anySwapOut(from, token, to, amount, toChainID);\\n    }\", \"AnyswapV4Router._anySwapOut:function _anySwapOut(address from, address token, address to, uint amount, uint toChainID) internal {\\n        AnyswapV1ERC20(token).burn(from, amount);\\n        emit LogAnySwapOut(token, from, to, amount, cID(), toChainID);\\n    }\", \"TransferHelper.safeTransferFrom:function safeTransferFrom(address token, address from, address to, uint value) internal {\\n        // bytes4(keccak256(bytes('transferFrom(address,address,uint256)')));\\n        (bool success, bytes memory data) = token.call(abi.encodeWithSelector(0x23b872dd, from, to, value));\\n        require(success && (data.length == 0 || abi.decode(data, (bool))), 'TransferHelper: TRANSFER_FROM_FAILED');\\n    }\", \"TransferHelper.safeTransferFrom:function safeTransferFrom(address token, address from, address to, uint value) internal {\\n        // bytes4(keccak256(bytes('transferFrom(address,address,uint256)')));\\n        (bool success, bytes memory data) = token.call(abi.encodeWithSelector(0x23b872dd, from, to, value));\\n        require(success && (data.length == 0 || abi.decode(data, (bool))), 'TransferHelper: TRANSFER_FROM_FAILED');\\n    }\", \"TransferHelper.safeTransferFrom:function safeTransferFrom(address token, address from, address to, uint value) internal {\\n        // bytes4(keccak256(bytes('transferFrom(address,address,uint256)')));\\n        (bool success, bytes memory data) = token.call(abi.encodeWithSelector(0x23b872dd, from, to, value));\\n        require(success && (data.length == 0 || abi.decode(data, (bool))), 'TransferHelper: TRANSFER_FROM_FAILED');\\n    }\", \"AnyswapV1Pair.burn:function burn(address to) external lock returns (uint amount0, uint amount1) {\\n        (uint112 _reserve0, uint112 _reserve1,) = getReserves(); // gas savings\\n        address _token0 = token0;                                // gas savings\\n        address _token1 = token1;                                // gas savings\\n        uint balance0 = IERC20Anyswap(_token0).balanceOf(address(this));\\n        uint balance1 = IERC20Anyswap(_token1).balanceOf(address(this));\\n        uint liquidity = balanceOf[address(this)];\\n\\n        bool feeOn = _mintFee(_reserve0, _reserve1);\\n        uint _totalSupply = totalSupply; // gas savings, must be defined here since totalSupply can update in _mintFee\\n        amount0 = liquidity.mul(balance0) / _totalSupply; // using balances ensures pro-rata distribution\\n        amount1 = liquidity.mul(balance1) / _totalSupply; // using balances ensures pro-rata distribution\\n        require(amount0 > 0 && amount1 > 0, 'AnyswapV1: INSUFFICIENT_LIQUIDITY_BURNED');\\n        _burn(address(this), liquidity);\\n        _safeTransfer(_token0, to, amount0);\\n        _safeTransfer(_token1, to, amount1);\\n        balance0 = IERC20Anyswap(_token0).balanceOf(address(this));\\n        balance1 = IERC20Anyswap(_token1).balanceOf(address(this));\\n\\n        _update(balance0, balance1, _reserve0, _reserve1);\\n        if (feeOn) kLast = uint(reserve0).mul(reserve1); // reserve0 and reserve1 are up-to-date\\n        emit Burn(msg.sender, amount0, amount1, to);\\n    }\", \"AnyswapV4Router.cID:function cID() public view returns (uint id) {\\n        assembly {id := chainid()}\\n    }\", \"SafeMathAnyswap.mul:function mul(uint x, uint y) internal pure returns (uint z) {\\n        require(y == 0 || (z = x * y) / y == x, 'ds-math-mul-overflow');\\n    }\", \"AnyswapV1Pair._update:function _update(uint balance0, uint balance1, uint112 _reserve0, uint112 _reserve1) private {\\n        require(balance0 <= type(uint112).max && balance1 <= type(uint112).max, 'AnyswapV1: OVERFLOW');\\n        uint32 blockTimestamp = uint32(block.timestamp % 2**32);\\n        uint32 timeElapsed = blockTimestamp - blockTimestampLast; // overflow is desired\\n        if (timeElapsed > 0 && _reserve0 != 0 && _reserve1 != 0) {\\n            // * never overflows, and + overflow is desired\\n            price0CumulativeLast += uint(UQ112x112.encode(_reserve1).uqdiv(_reserve0)) * timeElapsed;\\n            price1CumulativeLast += uint(UQ112x112.encode(_reserve0).uqdiv(_reserve1)) * timeElapsed;\\n        }\\n        reserve0 = uint112(balance0);\\n        reserve1 = uint112(balance1);\\n        blockTimestampLast = blockTimestamp;\\n        emit Sync(reserve0, reserve1);\\n    }\", \"AnyswapV1Pair._mintFee:function _mintFee(uint112 _reserve0, uint112 _reserve1) private returns (bool feeOn) {\\n        address feeTo = IAnyswapV1Factory(factory).feeTo();\\n        feeOn = feeTo != address(0);\\n        uint _kLast = kLast; // gas savings\\n        if (feeOn) {\\n            if (_kLast != 0) {\\n                uint rootK = Math.sqrt(uint(_reserve0).mul(_reserve1));\\n                uint rootKLast = Math.sqrt(_kLast);\\n                if (rootK > rootKLast) {\\n                    uint numerator = totalSupply.mul(rootK.sub(rootKLast));\\n                    uint denominator = rootK.mul(5).add(rootKLast);\\n                    uint liquidity = numerator / denominator;\\n                    if (liquidity > 0) _mint(feeTo, liquidity);\\n                }\\n            }\\n        } else if (_kLast != 0) {\\n            kLast = 0;\\n        }\\n    }\", \"AnyswapV1Pair._safeTransfer:function _safeTransfer(address token, address to, uint value) private {\\n        (bool success, bytes memory data) = token.call(abi.encodeWithSelector(SELECTOR, to, value));\\n        require(success && (data.length == 0 || abi.decode(data, (bool))), 'AnyswapV1: TRANSFER_FAILED');\\n    }\", \"AnyswapV1Pair.getReserves:function getReserves() public view returns (uint112 _reserve0, uint112 _reserve1, uint32 _blockTimestampLast) {\\n        _reserve0 = reserve0;\\n        _reserve1 = reserve1;\\n        _blockTimestampLast = blockTimestampLast;\\n    }\", \"AnyswapV1ERC20._burn:function _burn(address from, uint value) internal {\\n        balanceOf[from] = balanceOf[from].sub(value);\\n        totalSupply = totalSupply.sub(value);\\n        emit Transfer(from, address(0), value);\\n    }\", \"UQ112x112.uqdiv:function uqdiv(uint224 x, uint112 y) internal pure returns (uint224 z) {\\n        z = x / uint224(y);\\n    }\", \"UQ112x112.encode:function encode(uint112 y) internal pure returns (uint224 z) {\\n        z = uint224(y) * Q112; // never overflows\\n    }\", \"Math.sqrt:function sqrt(uint y) internal pure returns (uint z) {\\n        if (y > 3) {\\n            z = y;\\n            uint x = y / 2 + 1;\\n            while (x < z) {\\n                z = x;\\n                x = (y / x + x) / 2;\\n            }\\n        } else if (y != 0) {\\n            z = 1;\\n        }\\n    }\", \"AnyswapV1ERC20._mint:function _mint(address to, uint value) internal {\\n        totalSupply = totalSupply.add(value);\\n        balanceOf[to] = balanceOf[to].add(value);\\n        emit Transfer(address(0), to, value);\\n    }\", \"SafeMathAnyswap.sub:function sub(uint x, uint y) internal pure returns (uint z) {\\n        require((z = x - y) <= x, 'ds-math-sub-underflow');\\n    }\", \"SafeMathAnyswap.add:function add(uint x, uint y) internal pure returns (uint z) {\\n        require((z = x + y) >= x, 'ds-math-add-overflow');\\n    }\", \"SafeMathAnyswap.sub:function sub(uint x, uint y) internal pure returns (uint z) {\\n        require((z = x - y) <= x, 'ds-math-sub-underflow');\\n    }\"]\n}\n",
            "outputs1": [
                [
                    {
                        "parameter": "toChainID",
                        "attribute": "toChainID",
                        "reason": "Direct match in function parameters of anySwapOutUnderlyingWithPermit and _anySwapOut. Clearly specifies the destination chain ID."
                    },
                    {
                        "parameter": "token",
                        "attribute": "tokenAddress",
                        "reason": "Parameter 'token' in anySwapOutUnderlyingWithPermit and _anySwapOut functions matches the description of token address. It's used to identify the token contract."
                    },
                    {
                        "parameter": "amount",
                        "attribute": "amount",
                        "reason": "Direct match in function parameters of anySwapOutUnderlyingWithPermit and _anySwapOut. Represents the number of tokens to transfer."
                    },
                    {
                        "parameter": "to",
                        "attribute": "recipientAddress",
                        "reason": "Parameter 'to' in anySwapOutUnderlyingWithPermit and _anySwapOut functions likely represents the recipient address on the destination chain, though it could also refer to an intermediate contract."
                    },
                    {
                        "parameter": "_underlying",
                        "attribute": "tokenAddress",
                        "reason": "_underlying is derived from the token parameter and represents the actual token address being transferred, providing an alternative mapping for tokenAddress."
                    }
                ]
            ],
            "v_prompt1": "\n你是一位严谨的跨链协议审计员和数据一致性验证者。仔细审查给定的多个跨链属性与参数在代码中的含义是否一致，并为其分配一个置信度分数 (0-100%)，指出给定该置信度分数的原因。\n\n输入格式： 你将接收一个 JSON 对象作为输入，其结构如下:\n{\n\"correspondence\":    // 代码中属性与参数对应的数组\n[\n{\n\"attribute\": \"...\", // 输入的跨链属性 \n\"parameter\": \"...\", // 对应的参数\n\"reason\": \"...\" // 简要的说明：为何选择此参数，以及可能的歧义 \n}\n...\n]，\n\"code\":\"...\" //跨链合约代码\n}\n\n输出格式：返回一个 JSON 对象数组，每项结构如下：\n[ \n{\n\"parameter\": \"...\", // 代码中最可能对应该属性的参数名\n\"attribute\": \"...\", // 输入的跨链属性 \n\"score\":\"...\", // 分配的置信度分数\n\"reason\": \"...\" // 简要说明给定该置信度分数的原因\n}, ... \n]\n输入：\n{\n\"correspondence\": [{\"parameter\": \"toChainID\", \"attribute\": \"toChainID\", \"reason\": \"Direct match in function parameters of anySwapOutUnderlyingWithPermit and _anySwapOut. Clearly specifies the destination chain ID.\"}, {\"parameter\": \"token\", \"attribute\": \"tokenAddress\", \"reason\": \"Parameter 'token' in anySwapOutUnderlyingWithPermit and _anySwapOut functions matches the description of token address. It's used to identify the token contract.\"}, {\"parameter\": \"amount\", \"attribute\": \"amount\", \"reason\": \"Direct match in function parameters of anySwapOutUnderlyingWithPermit and _anySwapOut. Represents the number of tokens to transfer.\"}, {\"parameter\": \"to\", \"attribute\": \"recipientAddress\", \"reason\": \"Parameter 'to' in anySwapOutUnderlyingWithPermit and _anySwapOut functions likely represents the recipient address on the destination chain, though it could also refer to an intermediate contract.\"}, {\"parameter\": \"_underlying\", \"attribute\": \"tokenAddress\", \"reason\": \"_underlying is derived from the token parameter and represents the actual token address being transferred, providing an alternative mapping for tokenAddress.\"}],\n\"code\" [\"AnyswapV4Router.anySwapOutUnderlyingWithPermit:function anySwapOutUnderlyingWithPermit(\\n        address from,\\n        address token,\\n        address to,\\n        uint amount,\\n        uint deadline,\\n        uint8 v,\\n        bytes32 r,\\n        bytes32 s,\\n        uint toChainID\\n    ) external {\\n        address _underlying = AnyswapV1ERC20(token).underlying();\\n        IERC20(_underlying).permit(from, address(this), amount, deadline, v, r, s);\\n        TransferHelper.safeTransferFrom(_underlying, from, token, amount);\\n        AnyswapV1ERC20(token).depositVault(amount, from);\\n        _anySwapOut(from, token, to, amount, toChainID);\\n    }\", \"AnyswapV4Router._anySwapOut:function _anySwapOut(address from, address token, address to, uint amount, uint toChainID) internal {\\n        AnyswapV1ERC20(token).burn(from, amount);\\n        emit LogAnySwapOut(token, from, to, amount, cID(), toChainID);\\n    }\", \"TransferHelper.safeTransferFrom:function safeTransferFrom(address token, address from, address to, uint value) internal {\\n        // bytes4(keccak256(bytes('transferFrom(address,address,uint256)')));\\n        (bool success, bytes memory data) = token.call(abi.encodeWithSelector(0x23b872dd, from, to, value));\\n        require(success && (data.length == 0 || abi.decode(data, (bool))), 'TransferHelper: TRANSFER_FROM_FAILED');\\n    }\", \"TransferHelper.safeTransferFrom:function safeTransferFrom(address token, address from, address to, uint value) internal {\\n        // bytes4(keccak256(bytes('transferFrom(address,address,uint256)')));\\n        (bool success, bytes memory data) = token.call(abi.encodeWithSelector(0x23b872dd, from, to, value));\\n        require(success && (data.length == 0 || abi.decode(data, (bool))), 'TransferHelper: TRANSFER_FROM_FAILED');\\n    }\", \"TransferHelper.safeTransferFrom:function safeTransferFrom(address token, address from, address to, uint value) internal {\\n        // bytes4(keccak256(bytes('transferFrom(address,address,uint256)')));\\n        (bool success, bytes memory data) = token.call(abi.encodeWithSelector(0x23b872dd, from, to, value));\\n        require(success && (data.length == 0 || abi.decode(data, (bool))), 'TransferHelper: TRANSFER_FROM_FAILED');\\n    }\", \"AnyswapV1Pair.burn:function burn(address to) external lock returns (uint amount0, uint amount1) {\\n        (uint112 _reserve0, uint112 _reserve1,) = getReserves(); // gas savings\\n        address _token0 = token0;                                // gas savings\\n        address _token1 = token1;                                // gas savings\\n        uint balance0 = IERC20Anyswap(_token0).balanceOf(address(this));\\n        uint balance1 = IERC20Anyswap(_token1).balanceOf(address(this));\\n        uint liquidity = balanceOf[address(this)];\\n\\n        bool feeOn = _mintFee(_reserve0, _reserve1);\\n        uint _totalSupply = totalSupply; // gas savings, must be defined here since totalSupply can update in _mintFee\\n        amount0 = liquidity.mul(balance0) / _totalSupply; // using balances ensures pro-rata distribution\\n        amount1 = liquidity.mul(balance1) / _totalSupply; // using balances ensures pro-rata distribution\\n        require(amount0 > 0 && amount1 > 0, 'AnyswapV1: INSUFFICIENT_LIQUIDITY_BURNED');\\n        _burn(address(this), liquidity);\\n        _safeTransfer(_token0, to, amount0);\\n        _safeTransfer(_token1, to, amount1);\\n        balance0 = IERC20Anyswap(_token0).balanceOf(address(this));\\n        balance1 = IERC20Anyswap(_token1).balanceOf(address(this));\\n\\n        _update(balance0, balance1, _reserve0, _reserve1);\\n        if (feeOn) kLast = uint(reserve0).mul(reserve1); // reserve0 and reserve1 are up-to-date\\n        emit Burn(msg.sender, amount0, amount1, to);\\n    }\", \"AnyswapV4Router.cID:function cID() public view returns (uint id) {\\n        assembly {id := chainid()}\\n    }\", \"SafeMathAnyswap.mul:function mul(uint x, uint y) internal pure returns (uint z) {\\n        require(y == 0 || (z = x * y) / y == x, 'ds-math-mul-overflow');\\n    }\", \"AnyswapV1Pair._update:function _update(uint balance0, uint balance1, uint112 _reserve0, uint112 _reserve1) private {\\n        require(balance0 <= type(uint112).max && balance1 <= type(uint112).max, 'AnyswapV1: OVERFLOW');\\n        uint32 blockTimestamp = uint32(block.timestamp % 2**32);\\n        uint32 timeElapsed = blockTimestamp - blockTimestampLast; // overflow is desired\\n        if (timeElapsed > 0 && _reserve0 != 0 && _reserve1 != 0) {\\n            // * never overflows, and + overflow is desired\\n            price0CumulativeLast += uint(UQ112x112.encode(_reserve1).uqdiv(_reserve0)) * timeElapsed;\\n            price1CumulativeLast += uint(UQ112x112.encode(_reserve0).uqdiv(_reserve1)) * timeElapsed;\\n        }\\n        reserve0 = uint112(balance0);\\n        reserve1 = uint112(balance1);\\n        blockTimestampLast = blockTimestamp;\\n        emit Sync(reserve0, reserve1);\\n    }\", \"AnyswapV1Pair._mintFee:function _mintFee(uint112 _reserve0, uint112 _reserve1) private returns (bool feeOn) {\\n        address feeTo = IAnyswapV1Factory(factory).feeTo();\\n        feeOn = feeTo != address(0);\\n        uint _kLast = kLast; // gas savings\\n        if (feeOn) {\\n            if (_kLast != 0) {\\n                uint rootK = Math.sqrt(uint(_reserve0).mul(_reserve1));\\n                uint rootKLast = Math.sqrt(_kLast);\\n                if (rootK > rootKLast) {\\n                    uint numerator = totalSupply.mul(rootK.sub(rootKLast));\\n                    uint denominator = rootK.mul(5).add(rootKLast);\\n                    uint liquidity = numerator / denominator;\\n                    if (liquidity > 0) _mint(feeTo, liquidity);\\n                }\\n            }\\n        } else if (_kLast != 0) {\\n            kLast = 0;\\n        }\\n    }\", \"AnyswapV1Pair._safeTransfer:function _safeTransfer(address token, address to, uint value) private {\\n        (bool success, bytes memory data) = token.call(abi.encodeWithSelector(SELECTOR, to, value));\\n        require(success && (data.length == 0 || abi.decode(data, (bool))), 'AnyswapV1: TRANSFER_FAILED');\\n    }\", \"AnyswapV1Pair.getReserves:function getReserves() public view returns (uint112 _reserve0, uint112 _reserve1, uint32 _blockTimestampLast) {\\n        _reserve0 = reserve0;\\n        _reserve1 = reserve1;\\n        _blockTimestampLast = blockTimestampLast;\\n    }\", \"AnyswapV1ERC20._burn:function _burn(address from, uint value) internal {\\n        balanceOf[from] = balanceOf[from].sub(value);\\n        totalSupply = totalSupply.sub(value);\\n        emit Transfer(from, address(0), value);\\n    }\", \"UQ112x112.uqdiv:function uqdiv(uint224 x, uint112 y) internal pure returns (uint224 z) {\\n        z = x / uint224(y);\\n    }\", \"UQ112x112.encode:function encode(uint112 y) internal pure returns (uint224 z) {\\n        z = uint224(y) * Q112; // never overflows\\n    }\", \"Math.sqrt:function sqrt(uint y) internal pure returns (uint z) {\\n        if (y > 3) {\\n            z = y;\\n            uint x = y / 2 + 1;\\n            while (x < z) {\\n                z = x;\\n                x = (y / x + x) / 2;\\n            }\\n        } else if (y != 0) {\\n            z = 1;\\n        }\\n    }\", \"AnyswapV1ERC20._mint:function _mint(address to, uint value) internal {\\n        totalSupply = totalSupply.add(value);\\n        balanceOf[to] = balanceOf[to].add(value);\\n        emit Transfer(address(0), to, value);\\n    }\", \"SafeMathAnyswap.sub:function sub(uint x, uint y) internal pure returns (uint z) {\\n        require((z = x - y) <= x, 'ds-math-sub-underflow');\\n    }\", \"SafeMathAnyswap.add:function add(uint x, uint y) internal pure returns (uint z) {\\n        require((z = x + y) >= x, 'ds-math-add-overflow');\\n    }\", \"SafeMathAnyswap.sub:function sub(uint x, uint y) internal pure returns (uint z) {\\n        require((z = x - y) <= x, 'ds-math-sub-underflow');\\n    }\"]:\n}\n\n",
            "v_outputs1": [
                [
                    {
                        "parameter": "toChainID",
                        "attribute": "toChainID",
                        "score": "100%",
                        "reason": "Exact parameter name match in both anySwapOutUnderlyingWithPermit and _anySwapOut functions. Unambiguously represents the destination chain ID."
                    },
                    {
                        "parameter": "token",
                        "attribute": "tokenAddress",
                        "score": "95%",
                        "reason": "'token' parameter is consistently used as an address type in all contexts (function parameters and underlying() call). The 5% uncertainty comes from potential abstraction layers where 'token' could represent a wrapper contract rather than the final token address."
                    },
                    {
                        "parameter": "amount",
                        "attribute": "amount",
                        "score": "100%",
                        "reason": "Exact parameter name match with consistent uint type across all functions. Clearly represents the token quantity being transferred."
                    },
                    {
                        "parameter": "to",
                        "attribute": "recipientAddress",
                        "score": "85%",
                        "reason": "'to' parameter is consistently an address type and emitted in LogAnySwapOut event. The 15% uncertainty comes from lack of explicit parameter naming documentation and potential intermediate routing use cases."
                    },
                    {
                        "_underlying": "_underlying",
                        "_underlying is derived from the token parameter and represents the actual token address being transferred, providing an alternative mapping for tokenAddress.": "_underlying is derived from the token parameter and represents the actual token address being transferred, providing an alternative mapping for tokenAddress.",
                        "parameter": "_underlying",
                        "attribute": "_underlying is derived from the token parameter and represents the actual token address being transferred, providing an alternative mapping for tokenAddress.",
                        "score": "_underlying is derived from the token parameter and represents the actual token address being transferred, providing an alternative mapping for tokenAddress.",
                        "reason": "_underlying is derived from the token parameter and represents the actual token address being transferred, providing an alternative mapping for tokenAddress."
                    }
                ]
            ],
            "formatted_outputs1": {
                "toChainID": {
                    "toChainID": {
                        "reason": "Direct match in function parameters of anySwapOutUnderlyingWithPermit and _anySwapOut. Clearly specifies the destination chain ID.",
                        "score": "100%",
                        "s_reason": "Exact parameter name match in both anySwapOutUnderlyingWithPermit and _anySwapOut functions. Unambiguously represents the destination chain ID."
                    }
                },
                "token": {
                    "tokenAddress": {
                        "reason": "Parameter 'token' in anySwapOutUnderlyingWithPermit and _anySwapOut functions matches the description of token address. It's used to identify the token contract.",
                        "score": "95%",
                        "s_reason": "'token' parameter is consistently used as an address type in all contexts (function parameters and underlying() call). The 5% uncertainty comes from potential abstraction layers where 'token' could represent a wrapper contract rather than the final token address."
                    }
                },
                "amount": {
                    "amount": {
                        "reason": "Direct match in function parameters of anySwapOutUnderlyingWithPermit and _anySwapOut. Represents the number of tokens to transfer.",
                        "score": "100%",
                        "s_reason": "Exact parameter name match with consistent uint type across all functions. Clearly represents the token quantity being transferred."
                    }
                },
                "to": {
                    "recipientAddress": {
                        "reason": "Parameter 'to' in anySwapOutUnderlyingWithPermit and _anySwapOut functions likely represents the recipient address on the destination chain, though it could also refer to an intermediate contract.",
                        "score": "85%",
                        "s_reason": "'to' parameter is consistently an address type and emitted in LogAnySwapOut event. The 15% uncertainty comes from lack of explicit parameter naming documentation and potential intermediate routing use cases."
                    }
                },
                "_underlying": {
                    "tokenAddress": {
                        "reason": "_underlying is derived from the token parameter and represents the actual token address being transferred, providing an alternative mapping for tokenAddress."
                    }
                }
            }
        },
        "step2": {
            "toChainID": {
                "toChainID": {
                    "dataflows": [
                        {
                            "parameter": "toChainID",
                            "dataflow": {
                                "anySwapOutUnderlyingWithPermit": [
                                    "function anySwapOutUnderlyingWithPermit(\n        address from,\n        address token,\n        address to,\n        uint amount,\n        uint deadline,\n        uint8 v,\n        bytes32 r,\n        bytes32 s,\n        uint toChainID\n    ) external {\n        address _underlying = AnyswapV1ERC20(token).underlying();\n        IERC20(_underlying).permit(from, address(this), amount, deadline, v, r, s);\n        TransferHelper.safeTransferFrom(_underlying, from, token, amount);\n        AnyswapV1ERC20(token).depositVault(amount, from);\n        _anySwapOut(from, token, to, amount, toChainID);\n    }",
                                    "_anySwapOut(from, token, to, amount, toChainID);"
                                ],
                                "_anySwapOut": [
                                    "function _anySwapOut(address from, address token, address to, uint amount, uint toChainID) internal {\n        AnyswapV1ERC20(token).burn(from, amount);\n        emit LogAnySwapOut(token, from, to, amount, cID(), toChainID);\n    }",
                                    "emit LogAnySwapOut(token, from, to, amount, cID(), toChainID);"
                                ]
                            },
                            "coverage": "90",
                            "correctness": "95",
                            "score": "93",
                            "reason": "The parameter 'toChainID' is consistently used in both the dataflow and the original code, specifically in the functions 'anySwapOutUnderlyingWithPermit' and '_anySwapOut'. The coverage is high as it is passed through all relevant functions without omission. The correctness is also high as it is correctly utilized in the logic to emit events and perform cross-chain operations. The slight deduction in coverage accounts for potential unverified edge cases in chain ID handling, while correctness is nearly perfect due to clear and consistent usage."
                        },
                        {
                            "parameter": "toChainID",
                            "dataflow": {
                                "anySwapOutUnderlyingWithPermit": [
                                    "function anySwapOutUnderlyingWithPermit(\n        address from,\n        address token,\n        address to,\n        uint amount,\n        uint deadline,\n        uint8 v,\n        bytes32 r,\n        bytes32 s,\n        uint toChainID\n    ) external {\n        address _underlying = AnyswapV1ERC20(token).underlying();\n        IERC20(_underlying).permit(from, address(this), amount, deadline, v, r, s);\n        TransferHelper.safeTransferFrom(_underlying, from, token, amount);\n        AnyswapV1ERC20(token).depositVault(amount, from);\n        _anySwapOut(from, token, to, amount, toChainID);\n    }"
                                ],
                                "_anySwapOut": [
                                    "function _anySwapOut(address from, address token, address to, uint amount, uint toChainID) internal {\n        AnyswapV1ERC20(token).burn(from, amount);\n        emit LogAnySwapOut(token, from, to, amount, cID(), toChainID);\n    }"
                                ]
                            },
                            "coverage": "95",
                            "correctness": "90",
                            "score": "92",
                            "reason": "The parameter 'toChainID' is well-covered in the dataflow, appearing in both the 'anySwapOutUnderlyingWithPermit' and '_anySwapOut' functions. The correctness is high as it is correctly passed through the functions and used in the emit statement for logging. However, there is a slight deduction for not explicitly validating the 'toChainID' against a list of supported chain IDs, which could be a potential security consideration."
                        }
                    ],
                    "merge_dataflows": "function anySwapOutUnderlyingWithPermit(\n        address from,\n        address token,\n        address to,\n        uint amount,\n        uint deadline,\n        uint8 v,\n        bytes32 r,\n        bytes32 s,\n        uint toChainID\n    ) external {\n        address _underlying = AnyswapV1ERC20(token).underlying();\n        IERC20(_underlying).permit(from, address(this), amount, deadline, v, r, s);\n        TransferHelper.safeTransferFrom(_underlying, from, token, amount);\n        AnyswapV1ERC20(token).depositVault(amount, from);\n        _anySwapOut(from, token, to, amount, toChainID);\n    }\n    \n    function _anySwapOut(address from, address token, address to, uint amount, uint toChainID) internal {\n        AnyswapV1ERC20(token).burn(from, amount);\n        emit LogAnySwapOut(token, from, to, amount, cID(), toChainID);\n    }"
                }
            },
            "tokenAddress": {
                "token": {
                    "dataflows": [
                        {
                            "parameter": "token",
                            "dataflow": {
                                "anySwapOutUnderlyingWithPermit": [
                                    "function anySwapOutUnderlyingWithPermit(\n        address from,\n        address token,\n        address to,\n        uint amount,\n        uint deadline,\n        uint8 v,\n        bytes32 r,\n        bytes32 s,\n        uint toChainID\n    ) external {\n        address _underlying = AnyswapV1ERC20(token).underlying();\n        IERC20(_underlying).permit(from, address(this), amount, deadline, v, r, s);\n        TransferHelper.safeTransferFrom(_underlying, from, token, amount);\n        AnyswapV1ERC20(token).depositVault(amount, from);\n        _anySwapOut(from, token, to, amount, toChainID);\n    }"
                                ],
                                "_anySwapOut": [
                                    "function _anySwapOut(address from, address token, address to, uint amount, uint toChainID) internal {\n        AnyswapV1ERC20(token).burn(from, amount);\n        emit LogAnySwapOut(token, from, to, amount, cID(), toChainID);\n    }"
                                ],
                                "safeTransferFrom": [
                                    "function safeTransferFrom(address token, address from, address to, uint value) internal {\n        // bytes4(keccak256(bytes('transferFrom(address,address,uint256)')));\n        (bool success, bytes memory data) = token.call(abi.encodeWithSelector(0x23b872dd, from, to, value));\n        require(success && (data.length == 0 || abi.decode(data, (bool))), 'TransferHelper: TRANSFER_FROM_FAILED');\n    }"
                                ],
                                "_burn": [
                                    "function _burn(address from, uint value) internal {\n        balanceOf[from] = balanceOf[from].sub(value);\n        totalSupply = totalSupply.sub(value);\n        emit Transfer(from, address(0), value);\n    }"
                                ]
                            },
                            "coverage": "90",
                            "correctness": "95",
                            "score": "93",
                            "reason": "The dataflow for the parameter 'token' is well-covered in the provided code, with all relevant functions (anySwapOutUnderlyingWithPermit, _anySwapOut, safeTransferFrom, and _burn) correctly handling the token parameter. The correctness is high as the token parameter is consistently used and passed through these functions without any discrepancies. The slight deduction in coverage is due to the absence of explicit checks for token validity or existence in some functions, which could be considered for a more robust implementation."
                        },
                        {
                            "parameter": "token",
                            "dataflow": {
                                "anySwapOutUnderlyingWithPermit": [
                                    "function anySwapOutUnderlyingWithPermit(\n        address from,\n        address token,\n        address to,\n        uint amount,\n        uint deadline,\n        uint8 v,\n        bytes32 r,\n        bytes32 s,\n        uint toChainID\n    ) external {\n        address _underlying = AnyswapV1ERC20(token).underlying();\n        IERC20(_underlying).permit(from, address(this), amount, deadline, v, r, s);\n        TransferHelper.safeTransferFrom(_underlying, from, token, amount);\n        AnyswapV1ERC20(token).depositVault(amount, from);\n        _anySwapOut(from, token, to, amount, toChainID);\n    }"
                                ],
                                "_anySwapOut": [
                                    "function _anySwapOut(address from, address token, address to, uint amount, uint toChainID) internal {\n        AnyswapV1ERC20(token).burn(from, amount);\n        emit LogAnySwapOut(token, from, to, amount, cID(), toChainID);\n    }"
                                ],
                                "_burn": [
                                    "function _burn(address from, uint value) internal {\n        balanceOf[from] = balanceOf[from].sub(value);\n        totalSupply = totalSupply.sub(value);\n        emit Transfer(from, address(0), value);\n    }"
                                ]
                            },
                            "coverage": "90",
                            "correctness": "95",
                            "score": "92",
                            "reason": "The dataflow for the parameter 'token' is well-covered in the provided code, with clear usage in functions like anySwapOutUnderlyingWithPermit, _anySwapOut, and _burn. The correctness is high as the token parameter is consistently used to interact with AnyswapV1ERC20 and other relevant contracts. However, there is a slight redundancy in the TransferHelper.safeTransferFrom function listings which slightly impacts the coverage score."
                        }
                    ],
                    "merge_dataflows": "function anySwapOutUnderlyingWithPermit(\n        address from,\n        address token,\n        address to,\n        uint amount,\n        uint deadline,\n        uint8 v,\n        bytes32 r,\n        bytes32 s,\n        uint toChainID\n    ) external {\n        address _underlying = AnyswapV1ERC20(token).underlying();\n        IERC20(_underlying).permit(from, address(this), amount, deadline, v, r, s);\n        TransferHelper.safeTransferFrom(_underlying, from, token, amount);\n        AnyswapV1ERC20(token).depositVault(amount, from);\n        _anySwapOut(from, token, to, amount, toChainID);\n    }\n\nfunction _anySwapOut(address from, address token, address to, uint amount, uint toChainID) internal {\n        AnyswapV1ERC20(token).burn(from, amount);\n        emit LogAnySwapOut(token, from, to, amount, cID(), toChainID);\n    }\n\nfunction safeTransferFrom(address token, address from, address to, uint value) internal {\n        (bool success, bytes memory data) = token.call(abi.encodeWithSelector(0x23b872dd, from, to, value));\n        require(success && (data.length == 0 || abi.decode(data, (bool))), 'TransferHelper: TRANSFER_FROM_FAILED');\n    }\n\nfunction _burn(address from, uint value) internal {\n        balanceOf[from] = balanceOf[from].sub(value);\n        totalSupply = totalSupply.sub(value);\n        emit Transfer(from, address(0), value);\n    }"
                }
            },
            "amount": {
                "amount": {
                    "dataflows": [
                        {
                            "parameter": "amount",
                            "dataflow": {
                                "anySwapOutUnderlyingWithPermit": [
                                    "function anySwapOutUnderlyingWithPermit(\n        address from,\n        address token,\n        address to,\n        uint amount,\n        uint deadline,\n        uint8 v,\n        bytes32 r,\n        bytes32 s,\n        uint toChainID\n    ) external {\n        address _underlying = AnyswapV1ERC20(token).underlying();\n        IERC20(_underlying).permit(from, address(this), amount, deadline, v, r, s);\n        TransferHelper.safeTransferFrom(_underlying, from, token, amount);\n        AnyswapV1ERC20(token).depositVault(amount, from);\n        _anySwapOut(from, token, to, amount, toChainID);\n    }"
                                ],
                                "_anySwapOut": [
                                    "function _anySwapOut(address from, address token, address to, uint amount, uint toChainID) internal {\n        AnyswapV1ERC20(token).burn(from, amount);\n        emit LogAnySwapOut(token, from, to, amount, cID(), toChainID);\n    }"
                                ],
                                "safeTransferFrom": [
                                    "function safeTransferFrom(address token, address from, address to, uint value) internal {\n        // bytes4(keccak256(bytes('transferFrom(address,address,uint256)')));\n        (bool success, bytes memory data) = token.call(abi.encodeWithSelector(0x23b872dd, from, to, value));\n        require(success && (data.length == 0 || abi.decode(data, (bool))), 'TransferHelper: TRANSFER_FROM_FAILED');\n    }"
                                ],
                                "_burn": [
                                    "function _burn(address from, uint value) internal {\n        balanceOf[from] = balanceOf[from].sub(value);\n        totalSupply = totalSupply.sub(value);\n        emit Transfer(from, address(0), value);\n    }"
                                ]
                            },
                            "coverage": "95",
                            "correctness": "90",
                            "score": "93",
                            "reason": "The parameter 'amount' is extensively covered in the dataflow, appearing in multiple functions including 'anySwapOutUnderlyingWithPermit', '_anySwapOut', 'safeTransferFrom', and '_burn'. The dataflow correctly tracks the parameter through these functions, ensuring it is used and validated at each step. The correctness is slightly lower due to potential risks in external calls and permit operations, but overall, the handling of 'amount' is robust and consistent."
                        },
                        {
                            "parameter": "amount",
                            "dataflow": {
                                "anySwapOutUnderlyingWithPermit": [
                                    "function anySwapOutUnderlyingWithPermit(\n        address from,\n        address token,\n        address to,\n        uint amount,\n        uint deadline,\n        uint8 v,\n        bytes32 r,\n        bytes32 s,\n        uint toChainID\n    ) external {\n        address _underlying = AnyswapV1ERC20(token).underlying();\n        IERC20(_underlying).permit(from, address(this), amount, deadline, v, r, s);\n        TransferHelper.safeTransferFrom(_underlying, from, token, amount);\n        AnyswapV1ERC20(token).depositVault(amount, from);\n        _anySwapOut(from, token, to, amount, toChainID);\n    }"
                                ],
                                "_anySwapOut": [
                                    "function _anySwapOut(address from, address token, address to, uint amount, uint toChainID) internal {\n        AnyswapV1ERC20(token).burn(from, amount);\n        emit LogAnySwapOut(token, from, to, amount, cID(), toChainID);\n    }"
                                ],
                                "safeTransferFrom": [
                                    "function safeTransferFrom(address token, address from, address to, uint value) internal {\n        // bytes4(keccak256(bytes('transferFrom(address,address,uint256)')));\n        (bool success, bytes memory data) = token.call(abi.encodeWithSelector(0x23b872dd, from, to, value));\n        require(success && (data.length == 0 || abi.decode(data, (bool))), 'TransferHelper: TRANSFER_FROM_FAILED');\n    }"
                                ],
                                "_burn": [
                                    "function _burn(address from, uint value) internal {\n        balanceOf[from] = balanceOf[from].sub(value);\n        totalSupply = totalSupply.sub(value);\n        emit Transfer(from, address(0), value);\n    }"
                                ]
                            },
                            "coverage": "90",
                            "correctness": "95",
                            "score": "93",
                            "reason": "The parameter 'amount' is extensively covered in the provided dataflow and code, appearing in multiple functions such as 'anySwapOutUnderlyingWithPermit', '_anySwapOut', 'safeTransferFrom', and '_burn'. The dataflow accurately represents the parameter's usage in the original code, ensuring correct transfer, burn, and permit operations. The high correctness score reflects the accurate implementation of these operations without any evident discrepancies."
                        }
                    ],
                    "merge_dataflows": "function anySwapOutUnderlyingWithPermit(\n        address from,\n        address token,\n        address to,\n        uint amount,\n        uint deadline,\n        uint8 v,\n        bytes32 r,\n        bytes32 s,\n        uint toChainID\n    ) external {\n        address _underlying = AnyswapV1ERC20(token).underlying();\n        IERC20(_underlying).permit(from, address(this), amount, deadline, v, r, s);\n        TransferHelper.safeTransferFrom(_underlying, from, token, amount);\n        AnyswapV1ERC20(token).depositVault(amount, from);\n        _anySwapOut(from, token, to, amount, toChainID);\n    }\n\nfunction _anySwapOut(address from, address token, address to, uint amount, uint toChainID) internal {\n        AnyswapV1ERC20(token).burn(from, amount);\n        emit LogAnySwapOut(token, from, to, amount, cID(), toChainID);\n    }\n\nfunction safeTransferFrom(address token, address from, address to, uint value) internal {\n        (bool success, bytes memory data) = token.call(abi.encodeWithSelector(0x23b872dd, from, to, value));\n        require(success && (data.length == 0 || abi.decode(data, (bool))), 'TransferHelper: TRANSFER_FROM_FAILED');\n    }\n\nfunction _burn(address from, uint value) internal {\n        balanceOf[from] = balanceOf[from].sub(value);\n        totalSupply = totalSupply.sub(value);\n        emit Transfer(from, address(0), value);\n    }"
                }
            },
            "recipientAddress": {
                "to": {
                    "dataflows": [
                        {
                            "parameter": "to",
                            "dataflow": {
                                "anySwapOutUnderlyingWithPermit": [
                                    "function anySwapOutUnderlyingWithPermit(\n        address from,\n        address token,\n        address to,\n        uint amount,\n        uint deadline,\n        uint8 v,\n        bytes32 r,\n        bytes32 s,\n        uint toChainID\n    ) external {\n        address _underlying = AnyswapV1ERC20(token).underlying();\n        IERC20(_underlying).permit(from, address(this), amount, deadline, v, r, s);\n        TransferHelper.safeTransferFrom(_underlying, from, token, amount);\n        AnyswapV1ERC20(token).depositVault(amount, from);\n        _anySwapOut(from, token, to, amount, toChainID);\n    }",
                                    "_anySwapOut(from, token, to, amount, toChainID);"
                                ],
                                "_anySwapOut": [
                                    "function _anySwapOut(address from, address token, address to, uint amount, uint toChainID) internal {\n        AnyswapV1ERC20(token).burn(from, amount);\n        emit LogAnySwapOut(token, from, to, amount, cID(), toChainID);\n    }",
                                    "emit LogAnySwapOut(token, from, to, amount, cID(), toChainID);"
                                ],
                                "_safeTransfer": [
                                    "function _safeTransfer(address token, address to, uint value) private {\n        (bool success, bytes memory data) = token.call(abi.encodeWithSelector(SELECTOR, to, value));\n        require(success && (data.length == 0 || abi.decode(data, (bool))), 'AnyswapV1: TRANSFER_FAILED');\n    }",
                                    "(bool success, bytes memory data) = token.call(abi.encodeWithSelector(SELECTOR, to, value));"
                                ],
                                "burn": [
                                    "function burn(address to) external lock returns (uint amount0, uint amount1) {\n        (uint112 _reserve0, uint112 _reserve1,) = getReserves(); // gas savings\n        address _token0 = token0;                                // gas savings\n        address _token1 = token1;                                // gas savings\n        uint balance0 = IERC20Anyswap(_token0).balanceOf(address(this));\n        uint balance1 = IERC20Anyswap(_token1).balanceOf(address(this));\n        uint liquidity = balanceOf[address(this)];\n\n        bool feeOn = _mintFee(_reserve0,_reserve1);\n            if (_kLast != 0) {\n                if (rootK > rootKLast) {\n                    if (liquidity > 0) _mint(feeTo,liquidity);\n                }\n            }\r\n            else if (_kLast != 0) {\r\n                kLast = 0;\r\n            }\r\n\r\n            \r\n\r\n            \r\n\r\n            \r\n\r\n            \r\n\r\n            \r\n\r\n            \r\n\r\n            \r\n\r\n            \r\n\r\n            \r\n\r\n            \r\n\r\n            \r\n\r\n            \r\n\r\n            \r\nThe rest of the code is not relevant for the taint analysis of the 'to' parameter."
                                ]
                            },
                            "coverage": "95",
                            "correctness": "90",
                            "score": "92",
                            "reason": "The parameter 'to' is well-covered across the dataflow, from the initial function 'anySwapOutUnderlyingWithPermit' through '_anySwapOut' and into the 'burn' function where it is used in '_safeTransfer'. The correctness is high as 'to' is consistently passed and used as intended for transferring tokens. However, there's a minor deduction due to the irrelevant code segment in the 'burn' function that doesn't affect the 'to' parameter's dataflow but slightly reduces clarity."
                        },
                        {
                            "parameter": "to",
                            "dataflow": {
                                "anySwapOutUnderlyingWithPermit": [
                                    "function anySwapOutUnderlyingWithPermit(\n        address from,\n        address token,\n        address to,\n        uint amount,\n        uint deadline,\n        uint8 v,\n        bytes32 r,\n        bytes32 s,\n        uint toChainID\n    ) external {\n        address _underlying = AnyswapV1ERC20(token).underlying();\n        IERC20(_underlying).permit(from, address(this), amount, deadline, v, r, s);\n        TransferHelper.safeTransferFrom(_underlying, from, token, amount);\n        AnyswapV1ERC20(token).depositVault(amount, from);\n        _anySwapOut(from, token, to, amount, toChainID);\n    }"
                                ],
                                "_anySwapOut": [
                                    "function _anySwapOut(address from, address token, address to, uint amount, uint toChainID) internal {\n        AnyswapV1ERC20(token).burn(from, amount);\n        emit LogAnySwapOut(token, from, to, amount, cID(), toChainID);\n    }"
                                ],
                                "_safeTransfer": [
                                    "function _safeTransfer(address token, address to, uint value) private {\n        (bool success, bytes memory data) = token.call(abi.encodeWithSelector(SELECTOR, to, value));\n        require(success && (data.length == 0 || abi.decode(data, (bool))), 'AnyswapV1: TRANSFER_FAILED');\n    }"
                                ],
                                "_burn": [
                                    "function _burn(address from, uint value) internal {\n        balanceOf[from] = balanceOf[from].sub(value);\n        totalSupply = totalSupply.sub(value);\n        emit Transfer(from, address(0), value);\n    }"
                                ],
                                "burn": [
                                    "function burn(address to) external lock returns (uint amount0, uint amount1) {\n        (uint112 _reserve0, uint112 _reserve1,) = getReserves(); // gas savings\n        address _token0 = token0;                                // gas savings\n        address _token1 = token1;                                // gas savings\n        uint balance0 = IERC20Anyswap(_token0).balanceOf(address(this));\n        uint balance1 = IERC20Anyswap(_token1).balanceOf(address(this));\n        uint liquidity = balanceOf[address(this)];\n\n        bool feeOn = _mintFee(_reserve0, _reserve1);\n        uint _totalSupply = totalSupply; // gas savings\n        amount0 = liquidity.mul(balance0) / _totalSupply;\n        amount1 = liquidity.mul(balance1) / _totalSupply;\n\n       require(amount0 > 0 && amount1 > 0,'AnyswapV1: INSUFFICIENT_LIQUIDITY_BURNED');\n       _burn(address(this), liquidity); \t\t\t\t\t\t\t\t\t\t\t\t\t\t\t\t \t \t \t \t \t \t \t \t \t \t \t \t \t \t \t   }"
                                ]
                            },
                            "coverage": "90",
                            "correctness": "95",
                            "score": "92",
                            "reason": "The parameter 'to' is well-covered in the dataflow and code, appearing in multiple functions including 'anySwapOutUnderlyingWithPermit', '_anySwapOut', and 'burn'. The usage is consistent and correctly passed through the functions. However, there is a minor redundancy in the 'TransferHelper.safeTransferFrom' function calls which slightly affects the coverage score. The correctness is high as the parameter is correctly used in all relevant contexts without any apparent issues."
                        }
                    ],
                    "merge_dataflows": "function anySwapOutUnderlyingWithPermit(\n        address from,\n        address token,\n        address to,\n        uint amount,\n        uint deadline,\n        uint8 v,\n        bytes32 r,\n        bytes32 s,\n        uint toChainID\n    ) external {\n        address _underlying = AnyswapV1ERC20(token).underlying();\n        IERC20(_underlying).permit(from, address(this), amount, deadline, v, r, s);\n        TransferHelper.safeTransferFrom(_underlying, from, token, amount);\n        AnyswapV1ERC20(token).depositVault(amount, from);\n        _anySwapOut(from, token, to, amount, toChainID);\n    }\n\nfunction _anySwapOut(address from, address token, address to, uint amount, uint toChainID) internal {\n        AnyswapV1ERC20(token).burn(from, amount);\n        emit LogAnySwapOut(token, from, to, amount, cID(), toChainID);\n    }\n\nfunction _safeTransfer(address token, address to, uint value) private {\n        (bool success, bytes memory data) = token.call(abi.encodeWithSelector(SELECTOR, to, value));\n        require(success && (data.length == 0 || abi.decode(data, (bool))), 'AnyswapV1: TRANSFER_FAILED');\n    }\n\nfunction burn(address to) external lock returns (uint amount0, uint amount1) {\n        (uint112 _reserve0, uint112 _reserve1,) = getReserves(); // gas savings\n        address _token0 = token0;                                // gas savings\n        address _token1 = token1;                                // gas savings\n        uint balance0 = IERC20Anyswap(_token0).balanceOf(address(this));\n        uint balance1 = IERC20Anyswap(_token1).balanceOf(address(this));\n        uint liquidity = balanceOf[address(this)];\n\n        bool feeOn = _mintFee(_reserve0,_reserve1);\n            if (_kLast != 0) {\n                if (rootK > rootKLast) {\n                    if (liquidity > 0) _mint(feeTo,liquidity);\n                }\r\n            }\r\n            else if (_kLast != 0) {\r\n                kLast = 0;\r\n            }\r\n\r\n            \r\n\r\n            \r\n\r\n            \r\n\r\n            \r\n\r\n            \r\n\r\nThe rest of the code is not relevant for the taint analysis of the 'to' parameter.\r}\r"
                }
            }
        },
        "step3": {
            "toChainID": {
                "toChainID": {
                    "Check whether toChainID is authorized.": {
                        "original": [
                            {
                                "result": false,
                                "validation": [],
                                "reason": "无"
                            },
                            {
                                "result": false,
                                "validation": [],
                                "reason": "无"
                            },
                            {
                                "result": false,
                                "validation": [],
                                "reason": "无"
                            }
                        ],
                        "verify_filtered": []
                    },
                    "Check that the destination chain ID is not equal to the source chain ID.": {
                        "original": [
                            {
                                "result": false,
                                "validation": [],
                                "reason": "无"
                            },
                            {
                                "result": false,
                                "validation": [],
                                "reason": "无"
                            },
                            {
                                "result": false,
                                "validation": [],
                                "reason": "无"
                            }
                        ],
                        "verify_filtered": []
                    }
                }
            },
            "tokenAddress": {
                "token": {
                    "Check whether the tokenAddress is authorized to use.": {
                        "original": [
                            {
                                "result": false,
                                "validation": [],
                                "reason": "无"
                            },
                            {
                                "result": false,
                                "validation": [],
                                "reason": "无"
                            },
                            {
                                "result": false,
                                "validation": [],
                                "reason": "无"
                            }
                        ],
                        "verify_filtered": []
                    }
                }
            },
            "amount": {
                "amount": {
                    "Validate that amount is greater than 0": {
                        "original": [
                            {
                                "result": false,
                                "validation": [],
                                "reason": "无"
                            },
                            {
                                "result": false,
                                "validation": [],
                                "reason": "无"
                            },
                            {
                                "result": false,
                                "validation": [],
                                "reason": "无"
                            }
                        ],
                        "verify_filtered": []
                    },
                    "Validate that msg.sender's balance change before and after equals amount": {
                        "original": [
                            {
                                "result": false,
                                "validation": [],
                                "reason": "The code does not track or validate the balance change of msg.sender before and after the operation."
                            },
                            {
                                "result": false,
                                "validation": [],
                                "reason": "There is no explicit check or comparison of the sender's balance before and after the transfer to ensure it equals 'amount'."
                            },
                            {
                                "result": false,
                                "validation": [],
                                "reason": "The function performs transfers and burns but does not include logic to verify the sender's balance delta matches 'amount'."
                            }
                        ],
                        "verify_filtered": []
                    },
                    "Validate that the bridge's balance change before and after equals amount": {
                        "original": [
                            {
                                "result": false,
                                "validation": [],
                                "reason": "The code does not track or validate the bridge's balance changes before and after the operation."
                            },
                            {
                                "result": false,
                                "validation": [],
                                "reason": "No explicit checks or calculations are present in the code to compare the bridge's balance before and after the transfer."
                            },
                            {
                                "result": false,
                                "validation": [],
                                "reason": "The functions `anySwapOutUnderlyingWithPermit`, `_anySwapOut`, `safeTransferFrom`, and `_burn` do not include any logic to verify that the bridge's balance change equals the `amount` parameter."
                            }
                        ],
                        "verify_filtered": []
                    },
                    "Validate that msg.sender's balance ≥ amount": {
                        "original": [
                            {
                                "result": false,
                                "validation": [],
                                "reason": "无"
                            },
                            {
                                "result": false,
                                "validation": [],
                                "reason": "无"
                            },
                            {
                                "result": false,
                                "validation": [],
                                "reason": "无"
                            }
                        ],
                        "verify_filtered": []
                    }
                }
            },
            "recipientAddress": {
                "to": {
                    "Validate that recipientAddress is not the zero address": {
                        "original": [
                            {
                                "result": false,
                                "validation": [],
                                "reason": "无"
                            },
                            {
                                "result": false,
                                "validation": [],
                                "reason": "无"
                            },
                            {
                                "result": false,
                                "validation": [],
                                "reason": "无"
                            }
                        ],
                        "verify_filtered": []
                    }
                }
            }
        },
        "step4": {
            "toChainID": {
                "toChainID": {}
            },
            "tokenAddress": {
                "token": {}
            },
            "amount": {
                "amount": {}
            },
            "recipientAddress": {
                "to": {}
            }
        },
        "final_result": {
            "toChainID": {
                "toChainID": {
                    "Check whether toChainID is authorized.": [
                        {
                            "parameter": "toChainID",
                            "constraint": "Check whether toChainID is authorized.",
                            "validation": "",
                            "reason": "在step3中未找到约束相关代码，不执行后续步骤"
                        }
                    ],
                    "Check that the destination chain ID is not equal to the source chain ID.": [
                        {
                            "parameter": "toChainID",
                            "constraint": "Check that the destination chain ID is not equal to the source chain ID.",
                            "validation": "",
                            "reason": "在step3中未找到约束相关代码，不执行后续步骤"
                        }
                    ]
                }
            },
            "tokenAddress": {
                "token": {
                    "Check whether the tokenAddress is authorized to use.": [
                        {
                            "parameter": "token",
                            "constraint": "Check whether the tokenAddress is authorized to use.",
                            "validation": "",
                            "reason": "在step3中未找到约束相关代码，不执行后续步骤"
                        }
                    ]
                }
            },
            "amount": {
                "amount": {
                    "Validate that amount is greater than 0": [
                        {
                            "parameter": "amount",
                            "constraint": "Validate that amount is greater than 0",
                            "validation": "",
                            "reason": "在step3中未找到约束相关代码，不执行后续步骤"
                        }
                    ],
                    "Validate that msg.sender's balance change before and after equals amount": [
                        {
                            "parameter": "amount",
                            "constraint": "Validate that msg.sender's balance change before and after equals amount",
                            "validation": "",
                            "reason": "在step3中未找到约束相关代码，不执行后续步骤"
                        }
                    ],
                    "Validate that the bridge's balance change before and after equals amount": [
                        {
                            "parameter": "amount",
                            "constraint": "Validate that the bridge's balance change before and after equals amount",
                            "validation": "",
                            "reason": "在step3中未找到约束相关代码，不执行后续步骤"
                        }
                    ],
                    "Validate that msg.sender's balance ≥ amount": [
                        {
                            "parameter": "amount",
                            "constraint": "Validate that msg.sender's balance ≥ amount",
                            "validation": "",
                            "reason": "在step3中未找到约束相关代码，不执行后续步骤"
                        }
                    ]
                }
            },
            "recipientAddress": {
                "to": {
                    "Validate that recipientAddress is not the zero address": [
                        {
                            "parameter": "to",
                            "constraint": "Validate that recipientAddress is not the zero address",
                            "validation": "",
                            "reason": "在step3中未找到约束相关代码，不执行后续步骤"
                        }
                    ]
                }
            }
        },
        "context": {
            "event": "LogAnySwapOut",
            "call_graph": "anySwapOutUnderlyingWithPermit->_anySwapOut",
            "state_variables": {
                "totalSupply": "uint public totalSupply;",
                "balanceOf": "mapping(address => uint) public balanceOf;",
                "token0": "address public token0;",
                "token1": "address public token1;",
                "reserve0": "uint112 private reserve0;",
                "reserve1": "uint112 private reserve1;",
                "kLast": "uint public kLast;",
                "factory": "address public factory;",
                "unlocked": "uint private unlocked = 1;",
                "blockTimestampLast": "uint32 private blockTimestampLast;",
                "price0CumulativeLast": "uint public price0CumulativeLast;",
                "price1CumulativeLast": "uint public price1CumulativeLast;",
                "SELECTOR": "bytes4 private constant SELECTOR = bytes4(keccak256(bytes('transfer(address, uint256)')));",
                "Q112": "uint224 constant Q112 = 2**112;"
            },
            "external_functions": [
                "modifier lock(){ require(unlocked == 1, 'AnyswapV1: LOCKED'); unlocked = 0; _; unlocked = 1;}"
            ]
        },
        "step1-time": 38.10987210273743,
        "step2-time": 745.2548837661743,
        "step2-call_api_times": 28,
        "step3-time": 88.21185350418091,
        "step3-call_api_times": 8,
        "step4-time": 0.0010268688201904297,
        "step4-call_api_times": 0
    },
    "time": 895.7913691997528,
    "this_cost": 0.2609660000000001,
    "this_prompt_tokens": 86763,
    "this_completion_tokens": 10930
}