{
    "XBridge.listToken": {
        "step1": {
            "prompt1": "\n你是一位经验丰富的跨链协议分析专家。你的任务是将根据提供的 Solidity 代码，将指定的跨链属性映射到代码中的参数上；如果某属性在代码中找不到对应参数，则不在输出中列出该属性，如果存在多个参数对应同一属性的可能性，每个属性至多输出3种参数映射方案。请严格遵循以下定义的输入格式和输出格式：\n输入格式： 你将接收一个 JSON 对象作为输入，其结构如下： \n{\n\"attribute\": \n{ \n\"<attribute>\": \"<attribute description>\" ,\n\"<attribute>\": \"<attribute description>\",\n...\n}\n\"code\": \"...\" // Solidity 合约代码字符串 \n}\n输出格式：\n返回一个 JSON 对象数组，每项结构如下：\n[ \n{\n\"parameter\": \"...\", // 代码中最可能对应该属性的参数名\n\"attribute\": \"...\", // 输入的跨链属性 \n\"reason\": \"...\" // 简要说明：为何选择此参数，以及可能的歧义 \n}, ... \n]\nreason 中请同时指出该映射的核心依据和潜在的不确定点（例如：参数名相似度、上下文含义模糊等）。\n\n输入：\n{\n\"attribute\": {\"toChainID\": \"Specifies the destination blockchain network ID.\", \"tokenAddress\": \"Indicates the contract address of the token to be transferred.\", \"amount\": \"The number of tokens to be transferred across chains.\", \"nonce\": \"Check and mark that nonce has not been consumed to prevent replay\", \"recipientAddress\": \"The address that will receive the tokens on the destination chain.\", \"externalCallAddress\": \"The address of a contract to be called after the cross-chain transfer.\", \"externalCallFunction\": \"The specific function or calldata to be executed on the `externalCallAddress`.\", \"routerAddress\": \"The address of the cross-chain router or bridge handler.\"},\n\"code\": [\"XBridge.listToken:function listToken(tokenInfo memory baseToken, tokenInfo memory correspondingToken, bool _isMintable) external payable {\\n        address _baseToken = baseToken.token;\\n        address _correspondingToken = correspondingToken.token;\\n        require(_baseToken != address(0), \\\"INVALID_ADDR\\\");\\n        require(_correspondingToken != address(0), \\\"INVALID_ADDR\\\");\\n        require(tokenToTokenWithChainId[baseToken.chain][correspondingToken.chain][_baseToken] == address(0) && tokenToTokenWithChainId[baseToken.chain][correspondingToken.chain][_correspondingToken] == address(0), \\\"THIS_PAIR_ALREADY_LISTED\\\");\\n\\n        isMintableWithChainId[baseToken.chain][correspondingToken.chain][_baseToken][_correspondingToken] = _isMintable;\\n        isMintableWithChainId[baseToken.chain][correspondingToken.chain][_correspondingToken][_baseToken] = _isMintable;\\n        isMintableWithChainId[correspondingToken.chain][baseToken.chain][_baseToken][_correspondingToken] = _isMintable;\\n        isMintableWithChainId[correspondingToken.chain][baseToken.chain][_correspondingToken][_baseToken] = _isMintable;\\n\\n        tokenToTokenWithChainId[baseToken.chain][correspondingToken.chain][_baseToken] = _correspondingToken;\\n        tokenToTokenWithChainId[baseToken.chain][correspondingToken.chain][_correspondingToken] = _baseToken;\\n        tokenToTokenWithChainId[correspondingToken.chain][baseToken.chain][_baseToken] = _correspondingToken;\\n        tokenToTokenWithChainId[correspondingToken.chain][baseToken.chain][_correspondingToken] = _baseToken;\\n\\n\\n        if(_isMintable) {\\n            isWrappedWithChainId[baseToken.chain][correspondingToken.chain][_correspondingToken] = true;\\n            isWrappedWithChainId[correspondingToken.chain][baseToken.chain][_correspondingToken] = true;\\n            isWrapped[_correspondingToken] = true;\\n\\n        }\\n\\n        tokenOwnerWithChainId[baseToken.chain][correspondingToken.chain][_baseToken][_correspondingToken] = msg.sender;\\n        tokenOwnerWithChainId[baseToken.chain][correspondingToken.chain][_correspondingToken][_baseToken] = msg.sender;\\n        tokenOwnerWithChainId[correspondingToken.chain][baseToken.chain][_baseToken][_correspondingToken] = msg.sender;\\n        tokenOwnerWithChainId[correspondingToken.chain][baseToken.chain][_correspondingToken][_baseToken] = msg.sender;\\n\\n        if(_baseToken == _correspondingToken) _tokenOwner[_baseToken] = msg.sender;\\n        else {\\n            if(_baseToken.code.length > 0) _tokenOwner[_baseToken] = msg.sender;\\n            else _tokenOwner[_correspondingToken] = msg.sender;\\n        }\\n\\n        if(!excludeFeeFromListing[msg.sender]) transferListingFee(listingFeeCollector, msg.sender, msg.value);\\n\\n        emit TokenListed(_baseToken, baseToken.chain, _correspondingToken, correspondingToken.chain, _isMintable, msg.sender);\\n\\n    }\", \"XBridge.transferListingFee:function transferListingFee(address to, address _user,  uint256 _value) private nonReentrant {\\n        require(to != address(0), \\\"CANT_SEND_TO_NULL_ADDRESS\\\");\\n        require(_value >= listingFee, \\\"INCREASE_LISTING_FEE\\\");\\n        (bool success, ) = payable(to).call{value:listingFee}(\\\"\\\");\\n        require(success, \\\"LISTING_FEE_TRANSFER_FAILED\\\");\\n        uint256 remainingEth = _value - listingFee;\\n        if (remainingEth > 0) {\\n            (success,) = payable(_user).call{value: remainingEth}(\\\"\\\");\\n            require(success, \\\"REFUND_REMAINING_ETHER_SENT_FAILED\\\");\\n        }\\n    }\"]\n}\n",
            "outputs1": [
                [
                    {
                        "parameter": "baseToken.chain",
                        "attribute": "toChainID",
                        "reason": "The 'baseToken.chain' parameter likely represents the source or destination chain ID based on the context of cross-chain token listing. However, there is ambiguity as it could also represent the source chain ID rather than the destination."
                    },
                    {
                        "parameter": "correspondingToken.chain",
                        "attribute": "toChainID",
                        "reason": "The 'correspondingToken.chain' parameter is another candidate for 'toChainID' as it represents the chain ID of the corresponding token, which could be the destination chain. The exact role (source or destination) is not explicitly clear from the context."
                    },
                    {
                        "parameter": "_baseToken",
                        "attribute": "tokenAddress",
                        "reason": "The '_baseToken' parameter is a strong candidate for 'tokenAddress' as it represents the address of the token being listed for cross-chain transfer. The context supports this mapping clearly."
                    },
                    {
                        "parameter": "_correspondingToken",
                        "attribute": "tokenAddress",
                        "reason": "The '_correspondingToken' parameter could also map to 'tokenAddress' as it represents the address of the corresponding token on another chain, which is part of the cross-chain transfer process."
                    },
                    {
                        "parameter": "_value",
                        "attribute": "amount",
                        "reason": "The '_value' parameter in the 'transferListingFee' function likely represents an amount of tokens or Ether being transferred, which could correspond to 'amount'. However, this might specifically relate to a listing fee rather than a cross-chain token transfer amount."
                    }
                ]
            ],
            "v_prompt1": "\n你是一位严谨的跨链协议审计员和数据一致性验证者。仔细审查给定的多个跨链属性与参数在代码中的含义是否一致，并为其分配一个置信度分数 (0-100%)，指出给定该置信度分数的原因。\n\n输入格式： 你将接收一个 JSON 对象作为输入，其结构如下:\n{\n\"correspondence\":    // 代码中属性与参数对应的数组\n[\n{\n\"attribute\": \"...\", // 输入的跨链属性 \n\"parameter\": \"...\", // 对应的参数\n\"reason\": \"...\" // 简要的说明：为何选择此参数，以及可能的歧义 \n}\n...\n]，\n\"code\":\"...\" //跨链合约代码\n}\n\n输出格式：返回一个 JSON 对象数组，每项结构如下：\n[ \n{\n\"parameter\": \"...\", // 代码中最可能对应该属性的参数名\n\"attribute\": \"...\", // 输入的跨链属性 \n\"score\":\"...\", // 分配的置信度分数\n\"reason\": \"...\" // 简要说明给定该置信度分数的原因\n}, ... \n]\n输入：\n{\n\"correspondence\": [{\"parameter\": \"baseToken.chain\", \"attribute\": \"toChainID\", \"reason\": \"The 'baseToken.chain' parameter likely represents the source or destination chain ID based on the context of cross-chain token listing. However, there is ambiguity as it could also represent the source chain ID rather than the destination.\"}, {\"parameter\": \"correspondingToken.chain\", \"attribute\": \"toChainID\", \"reason\": \"The 'correspondingToken.chain' parameter is another candidate for 'toChainID' as it represents the chain ID of the corresponding token, which could be the destination chain. The exact role (source or destination) is not explicitly clear from the context.\"}, {\"parameter\": \"_baseToken\", \"attribute\": \"tokenAddress\", \"reason\": \"The '_baseToken' parameter is a strong candidate for 'tokenAddress' as it represents the address of the token being listed for cross-chain transfer. The context supports this mapping clearly.\"}, {\"parameter\": \"_correspondingToken\", \"attribute\": \"tokenAddress\", \"reason\": \"The '_correspondingToken' parameter could also map to 'tokenAddress' as it represents the address of the corresponding token on another chain, which is part of the cross-chain transfer process.\"}, {\"parameter\": \"_value\", \"attribute\": \"amount\", \"reason\": \"The '_value' parameter in the 'transferListingFee' function likely represents an amount of tokens or Ether being transferred, which could correspond to 'amount'. However, this might specifically relate to a listing fee rather than a cross-chain token transfer amount.\"}],\n\"code\" [\"XBridge.listToken:function listToken(tokenInfo memory baseToken, tokenInfo memory correspondingToken, bool _isMintable) external payable {\\n        address _baseToken = baseToken.token;\\n        address _correspondingToken = correspondingToken.token;\\n        require(_baseToken != address(0), \\\"INVALID_ADDR\\\");\\n        require(_correspondingToken != address(0), \\\"INVALID_ADDR\\\");\\n        require(tokenToTokenWithChainId[baseToken.chain][correspondingToken.chain][_baseToken] == address(0) && tokenToTokenWithChainId[baseToken.chain][correspondingToken.chain][_correspondingToken] == address(0), \\\"THIS_PAIR_ALREADY_LISTED\\\");\\n\\n        isMintableWithChainId[baseToken.chain][correspondingToken.chain][_baseToken][_correspondingToken] = _isMintable;\\n        isMintableWithChainId[baseToken.chain][correspondingToken.chain][_correspondingToken][_baseToken] = _isMintable;\\n        isMintableWithChainId[correspondingToken.chain][baseToken.chain][_baseToken][_correspondingToken] = _isMintable;\\n        isMintableWithChainId[correspondingToken.chain][baseToken.chain][_correspondingToken][_baseToken] = _isMintable;\\n\\n        tokenToTokenWithChainId[baseToken.chain][correspondingToken.chain][_baseToken] = _correspondingToken;\\n        tokenToTokenWithChainId[baseToken.chain][correspondingToken.chain][_correspondingToken] = _baseToken;\\n        tokenToTokenWithChainId[correspondingToken.chain][baseToken.chain][_baseToken] = _correspondingToken;\\n        tokenToTokenWithChainId[correspondingToken.chain][baseToken.chain][_correspondingToken] = _baseToken;\\n\\n\\n        if(_isMintable) {\\n            isWrappedWithChainId[baseToken.chain][correspondingToken.chain][_correspondingToken] = true;\\n            isWrappedWithChainId[correspondingToken.chain][baseToken.chain][_correspondingToken] = true;\\n            isWrapped[_correspondingToken] = true;\\n\\n        }\\n\\n        tokenOwnerWithChainId[baseToken.chain][correspondingToken.chain][_baseToken][_correspondingToken] = msg.sender;\\n        tokenOwnerWithChainId[baseToken.chain][correspondingToken.chain][_correspondingToken][_baseToken] = msg.sender;\\n        tokenOwnerWithChainId[correspondingToken.chain][baseToken.chain][_baseToken][_correspondingToken] = msg.sender;\\n        tokenOwnerWithChainId[correspondingToken.chain][baseToken.chain][_correspondingToken][_baseToken] = msg.sender;\\n\\n        if(_baseToken == _correspondingToken) _tokenOwner[_baseToken] = msg.sender;\\n        else {\\n            if(_baseToken.code.length > 0) _tokenOwner[_baseToken] = msg.sender;\\n            else _tokenOwner[_correspondingToken] = msg.sender;\\n        }\\n\\n        if(!excludeFeeFromListing[msg.sender]) transferListingFee(listingFeeCollector, msg.sender, msg.value);\\n\\n        emit TokenListed(_baseToken, baseToken.chain, _correspondingToken, correspondingToken.chain, _isMintable, msg.sender);\\n\\n    }\", \"XBridge.transferListingFee:function transferListingFee(address to, address _user,  uint256 _value) private nonReentrant {\\n        require(to != address(0), \\\"CANT_SEND_TO_NULL_ADDRESS\\\");\\n        require(_value >= listingFee, \\\"INCREASE_LISTING_FEE\\\");\\n        (bool success, ) = payable(to).call{value:listingFee}(\\\"\\\");\\n        require(success, \\\"LISTING_FEE_TRANSFER_FAILED\\\");\\n        uint256 remainingEth = _value - listingFee;\\n        if (remainingEth > 0) {\\n            (success,) = payable(_user).call{value: remainingEth}(\\\"\\\");\\n            require(success, \\\"REFUND_REMAINING_ETHER_SENT_FAILED\\\");\\n        }\\n    }\"]:\n}\n\n",
            "v_outputs1": [
                [
                    {
                        "parameter": "baseToken.chain",
                        "attribute": "toChainID",
                        "score": "50%",
                        "reason": "The 'baseToken.chain' parameter could represent either the source or destination chain ID, but the context does not clearly specify its role as 'toChainID'. The bidirectional mappings in the code suggest it could be either, leading to ambiguity."
                    },
                    {
                        "parameter": "correspondingToken.chain",
                        "attribute": "toChainID",
                        "score": "70%",
                        "reason": "The 'correspondingToken.chain' parameter is more likely to represent the destination chain ID ('toChainID') as it refers to the chain of the corresponding token, which is typically the target in cross-chain transfers. However, without explicit documentation, some ambiguity remains."
                    },
                    {
                        "parameter": "_baseToken",
                        "attribute": "tokenAddress",
                        "score": "90%",
                        "reason": "The '_baseToken' parameter clearly represents the address of the token being listed for cross-chain transfer, making it a strong match for 'tokenAddress'. The context and usage support this mapping with high confidence."
                    },
                    {
                        "parameter": "_correspondingToken",
                        "attribute": "tokenAddress",
                        "score": "80%",
                        "reason": "The '_correspondingToken' parameter also maps well to 'tokenAddress' as it represents the address of the corresponding token on another chain. However, it might be secondary to '_baseToken' in some contexts, slightly reducing confidence."
                    },
                    {
                        "parameter": "_value",
                        "attribute": "amount",
                        "score": "60%",
                        "reason": "The '_value' parameter likely represents an amount (e.g., Ether or tokens), but its specific role in 'transferListingFee' suggests it is more related to a fee payment rather than a cross-chain transfer amount. This contextual difference lowers confidence in the mapping."
                    }
                ]
            ],
            "formatted_outputs1": {
                "baseToken.chain": {
                    "toChainID": {
                        "reason": "The 'baseToken.chain' parameter likely represents the source or destination chain ID based on the context of cross-chain token listing. However, there is ambiguity as it could also represent the source chain ID rather than the destination.",
                        "score": "50%",
                        "s_reason": "The 'baseToken.chain' parameter could represent either the source or destination chain ID, but the context does not clearly specify its role as 'toChainID'. The bidirectional mappings in the code suggest it could be either, leading to ambiguity."
                    }
                },
                "correspondingToken.chain": {
                    "toChainID": {
                        "reason": "The 'correspondingToken.chain' parameter is another candidate for 'toChainID' as it represents the chain ID of the corresponding token, which could be the destination chain. The exact role (source or destination) is not explicitly clear from the context.",
                        "score": "70%",
                        "s_reason": "The 'correspondingToken.chain' parameter is more likely to represent the destination chain ID ('toChainID') as it refers to the chain of the corresponding token, which is typically the target in cross-chain transfers. However, without explicit documentation, some ambiguity remains."
                    }
                },
                "_baseToken": {
                    "tokenAddress": {
                        "reason": "The '_baseToken' parameter is a strong candidate for 'tokenAddress' as it represents the address of the token being listed for cross-chain transfer. The context supports this mapping clearly.",
                        "score": "90%",
                        "s_reason": "The '_baseToken' parameter clearly represents the address of the token being listed for cross-chain transfer, making it a strong match for 'tokenAddress'. The context and usage support this mapping with high confidence."
                    }
                },
                "_correspondingToken": {
                    "tokenAddress": {
                        "reason": "The '_correspondingToken' parameter could also map to 'tokenAddress' as it represents the address of the corresponding token on another chain, which is part of the cross-chain transfer process.",
                        "score": "80%",
                        "s_reason": "The '_correspondingToken' parameter also maps well to 'tokenAddress' as it represents the address of the corresponding token on another chain. However, it might be secondary to '_baseToken' in some contexts, slightly reducing confidence."
                    }
                },
                "_value": {
                    "amount": {
                        "reason": "The '_value' parameter in the 'transferListingFee' function likely represents an amount of tokens or Ether being transferred, which could correspond to 'amount'. However, this might specifically relate to a listing fee rather than a cross-chain token transfer amount.",
                        "score": "60%",
                        "s_reason": "The '_value' parameter likely represents an amount (e.g., Ether or tokens), but its specific role in 'transferListingFee' suggests it is more related to a fee payment rather than a cross-chain transfer amount. This contextual difference lowers confidence in the mapping."
                    }
                }
            }
        },
        "step2": {
            "toChainID": {
                "correspondingToken.chain": {
                    "dataflows": [
                        {
                            "parameter": "correspondingToken.chain",
                            "dataflow": {
                                "listToken": [
                                    "require(tokenToTokenWithChainId[baseToken.chain][correspondingToken.chain][_baseToken] == address(0) && tokenToTokenWithChainId[baseToken.chain][correspondingToken.chain][_correspondingToken] == address(0), \"THIS_PAIR_ALREADY_LISTED\");",
                                    "isMintableWithChainId[baseToken.chain][correspondingToken.chain][_baseToken][_correspondingToken] = _isMintable;",
                                    "isMintableWithChainId[baseToken.chain][correspondingToken.chain][_correspondingToken][_baseToken] = _isMintable;",
                                    "isMintableWithChainId[correspondingToken.chain][baseToken.chain][_baseToken][_correspondingToken] = _isMintable;",
                                    "isMintableWithChainId[correspondingToken.chain][baseToken.chain][_correspondingToken][_baseToken] = _isMintable;",
                                    "tokenToTokenWithChainId[baseToken.chain][correspondingToken.chain][_baseToken] = _correspondingToken;",
                                    "tokenToTokenWithChainId[baseToken.chain][correspondingToken.chain][_correspondingToken] = _baseToken;",
                                    "tokenToTokenWithChainId[correspondingToken.chain][baseToken.chain][_baseToken] = _corresponding Token;",
                                    "tokenTo Token With Chain Id [ corresponding Token . chain ][ base Token . chain ][ _ corresponding Token ] = _ base Token ;",
                                    "if(_ is Mint able) { is Wrapped With Chain Id [ base Token . chain ][ corresponding Token . chain ][ _ corresponding Token ] = true ; is Wrapped With Chain Id [ corresponding Token . chain ][ base Token . chain ][ _ corresponding Token ] = true ; is Wrapped [ _ corresponding Token ] = true ; }",
                                    "token Owner With Chain Id [ base Token . chain ][ corresponding Token . chain ][ _ base Token ][ _ corresponding Token ] = msg . sender ; token Owner With Chain Id [ base Token . chain ][ corresponding Token . chain ][ _ corresponding Token ][ _ base Token ] = msg . sender ; token Owner With Chain Id [ corresponding Token . chain ][ base Token . chain ][ _ base Token ][ _ corresponding Token ] = msg . sender ; token Owner With Chain Id [ corresponding Token . chain ][ base Token . chain ][ _ corresponding Token ][] = msg.sender;"
                                ]
                            },
                            "coverage": "95",
                            "correctness": "90",
                            "score": "92",
                            "reason": "The dataflow code provided covers almost all instances where 'correspondingToken.chain' is used in the original code, including checks, mappings, and conditional logic. However, there is a minor syntax error in one of the lines ('tokenTo Token With Chain Id [ corresponding Token . chain ][ base Token . chain ][ _ corresponding Token ] = _ base Token ;') which affects correctness. The parameter is consistently used across multiple mappings and conditions, demonstrating thorough coverage and correct usage in the majority of cases."
                        },
                        {
                            "parameter": "correspondingToken.chain",
                            "dataflow": {
                                "listToken": [
                                    "function listToken(tokenInfo memory baseToken, tokenInfo memory correspondingToken, bool _isMintable) external payable {",
                                    "require(tokenToTokenWithChainId[baseToken.chain][correspondingToken.chain][_baseToken] == address(0) && tokenToTokenWithChainId[baseToken.chain][correspondingToken.chain][_correspondingToken] == address(0), \"THIS_PAIR_ALREADY_LISTED\");",
                                    "isMintableWithChainId[baseToken.chain][correspondingToken.chain][_baseToken][_correspondingToken] = _isMintable;",
                                    "isMintableWithChainId[baseToken.chain][correspondingToken.chain][_correspondingToken][_baseToken] = _isMintable;",
                                    "isMintableWithChainId[correspondingToken.chain][baseToken.chain][_baseToken][_correspondingToken] = _isMintable;",
                                    "isMintableWithChainId[correspondingToken.chain][baseToken.chain][_correspondingToken][_baseToken] = _isMintable;",
                                    "tokenToTokenWithChainId[baseToken.chain][correspondingToken.chain][_baseToken] = _correspondingToken;",
                                    "tokenToTokenWithChainId[baseToken.chain][correspondingToken.chain][_correspondingToken] = _baseToken;",
                                    "tokenToTokenWithChainId[correspondingToken.chain][baseToken.chain][_base Token] = _corresponding Token;",
                                    "tokenTo Token With Chain Id [ corresponding Token . chain ][ base Token . chain ][ _ corresponding Token ] = _ base Token ;",
                                    "if(_ is Mint able) { is Wrapped With Chain Id [ base Token . chain ][ corresponding Token . chain ][ _ corresponding Token ] = true ; is Wrapped With Chain Id [ corresponding Token . chain ][ base Token . chain ][ _ corresponding Token ] = true ; is Wrapped [_ corresponding Token ] = true ; }",
                                    "token Owner With Chain Id [ base Token . chain ][ corresponding Token . chain ][ _ base Token ][ _ corresponding Token ] = msg . sender ; token Owner With Chain Id [ base Token . chain ]["
                                ]
                            },
                            "coverage": "95",
                            "correctness": "90",
                            "score": "92",
                            "reason": "The parameter 'correspondingToken.chain' is extensively used in the dataflow and the original code, covering all critical operations such as token mapping, mintability checks, and ownership assignments. The correctness is high as the parameter is consistently applied across all relevant functions without discrepancies. Minor deductions are due to potential readability issues in the dataflow snippet where formatting errors were observed (e.g., spaces in variable names like '_base Token'). The core logic remains intact and correctly references the parameter."
                        }
                    ],
                    "merge_dataflows": "function listToken(tokenInfo memory baseToken, tokenInfo memory correspondingToken, bool _isMintable) external payable { require(tokenToTokenWithChainId[baseToken.chain][correspondingToken.chain][_baseToken] == address(0) && tokenToTokenWithChainId[baseToken.chain][correspondingToken.chain][_correspondingToken] == address(0), \"THIS_PAIR_ALREADY_LISTED\"); isMintableWithChainId[baseToken.chain][correspondingToken.chain][_baseToken][_correspondingToken] = _isMintable; isMintableWithChainId[baseToken.chain][correspondingToken.chain][_correspondingToken][_baseToken] = _isMintable; isMintableWithChainId[correspondingToken.chain][baseToken.chain][_baseToken][_correspondingToken] = _isMintable; isMintableWithChainId[correspondingToken.chain][baseToken.chain][_correspondingToken][_baseToken] = _isMintable; tokenToTokenWithChainId[baseToken.chain][correspondingToken.chain][_base Token] = _ corresponding Token ; tokenTo Token With Chain Id [ base Token . chain ][ corresponding Token . chain ][ _ corresponding Token ] = _ base Token ; tokenTo Token With Chain Id [ corresponding Token . chain ][ base Token . chain ][ _ base Token ] = _ corresponding Token ; tokenTo Token With Chain Id [ corresponding Token . chain ][ base Token . chain ][ _ corresponding Token ] = _ base Token ; if(_ is Mint able) { is Wrapped With Chain Id [ base Token . chain ][ corresponding Token . chain ][ _ corresponding Token ] = true ; is Wrapped With Chain Id [ corresponding Token . chain ][ base Token . chain ][ _ corresponding Token ] = true ; is Wrapped [_ corresponding Token ] = true ; } token Owner With Chain Id [ base Token . chain ][ corresponding Token . chain ][ _ base Token ][] = msg.sender;"
                }
            },
            "tokenAddress": {
                "_baseToken": {
                    "dataflows": [
                        {
                            "parameter": "_baseToken",
                            "dataflow": {
                                "listToken": [
                                    "address _baseToken = baseToken.token;",
                                    "require(_baseToken != address(0), \"INVALID_ADDR\");",
                                    "require(tokenToTokenWithChainId[baseToken.chain][correspondingToken.chain][_baseToken] == address(0) && tokenToTokenWithChainId[baseToken.chain][correspondingToken.chain][_correspondingToken] == address(0), \"THIS_PAIR_ALREADY_LISTED\");",
                                    "isMintableWithChainId[baseToken.chain][correspondingToken.chain][_baseToken][_correspondingToken] = _isMintable;",
                                    "isMintableWithChainId[baseToken.chain][correspondingToken.chain][_correspondingToken][_baseToken] = _isMintable;",
                                    "isMintableWithChainId[correspondingToken.chain][baseToken.chain][_baseToken][_correspondingToken] = _isMintable;",
                                    "isMintableWithChainId[correspondingToken.chain][baseToken.chain][_correspondingToken][_baseToken] = _isMintable;",
                                    "tokenToTokenWithChainId[baseToken.chain][correspondingToken.chain][_baseToken] = _correspondingToken;",
                                    "tokenToTokenWithChainId[baseToken.chain][correspondingToken.chain][_correspondingToken] = _baseToken;",
                                    "tokenTo TokenWithChainId[corresponding Token. chain] [ base Token . chain ] [ _ base Token ] = _ corresponding Token ;",
                                    "tokenTo TokenWith Chain Id [ corresponding Token . chain ] [ base Token . chain ] [ _ corresponding Token ] = _ base Token ;",
                                    "tokenOwner With Chain Id [ base Token . chain ] [ corresponding Token . chain ] [ _ base Token ] [ _ corresponding Token ] = msg.sender;",
                                    "tokenOwner With Chain Id [ base Token . chain ] [ corresponding Token . chain ] [ _ corresponding Token ] [ _ base Token ] = msg.sender;",
                                    "tokenOwner With Chain Id [ corresponding Token . chain ] [ base Token . chain ] [ _ base Token ] [ _ corresponding Token ] = msg.sender;",
                                    "tokenOwner With Chain Id [ corresponding Token . chain ] [ base Token . chain ] [ _ corresponding Token ] [ _ base Token ] = msg.sender;",
                                    "if(_base token == _ corresponding token) { \n            token Owner [_ base token] = msg.sender;\n        } else {\n            if(_ base token.code.length > 0) {\n                token Owner [_ base token] = msg.sender;\n            } else {\n                token Owner [_ corresponding token] = msg.sender;\n            }\n        }",
                                    "emit Listed (_ Base To ken ,  Base To ken . Chain ,  Corresponding To ken ,  Corresponding To ken . Chain ,  Is Mint able , Msg.Sender);"
                                ]
                            },
                            "coverage": "95",
                            "correctness": "100",
                            "score": "98",
                            "reason": "The dataflow provided covers almost all instances where '_baseToken' is used in the original code, including assignments, checks, and mappings. The correctness is perfect as the extracted dataflow accurately reflects the parameter's usage in the original code. The minor deduction in coverage is due to the absence of the 'excludeFeeFromListing' check in the dataflow, which indirectly involves '_baseToken' through 'msg.sender'."
                        },
                        {
                            "parameter": "_baseToken",
                            "dataflow": {
                                "listToken": [
                                    "address _baseToken = baseToken.token;",
                                    "require(_baseToken != address(0), \"INVALID_ADDR\");",
                                    "require(tokenToTokenWithChainId[baseToken.chain][correspondingToken.chain][_baseToken] == address(0) && tokenToTokenWithChainId[baseToken.chain][correspondingToken.chain][_correspondingToken] == address(0), \"THIS_PAIR_ALREADY_LISTED\");",
                                    "isMintableWithChainId[baseToken.chain][correspondingToken.chain][_baseToken][_correspondingToken] = _isMintable;",
                                    "isMintableWithChainId[baseToken.chain][correspondingToken.chain][_correspondingToken][_baseToken] = _isMintable;",
                                    "isMintableWithChainId[correspondingToken.chain][baseToken.chain][_baseToken][_correspondingToken] = _isMintable;",
                                    "isMintableWithChainId[correspondingToken.chain][baseToken.chain][_correspondingToken][_baseToken] = _isMintable;",
                                    "tokenToTokenWithChainId[baseToken.chain][correspondingToken.chain][_baseToken] = _correspondingToken;",
                                    "tokenToTokenWithChainId[baseToken.chain][correspondingToken.chain][_correspondingToken] = _baseToken;",
                                    "tokenToTokenWithChainId[correspondingToken.chain][baseToken.chain][_baseToken] = _correspondingToken;",
                                    "tokenToTokenizer>"
                                ]
                            },
                            "transferListingFee": [
                                "function transferListingFee(address to, address _user, uint256 _value) private nonReentrant {",
                                "require(to != address(0), \"CANT_SEND_TO_NULL_ADDRESS\");",
                                "require(_value >= listingFee, \"INCREASE_LISTING_FEE\");",
                                "(bool success, ) = payable(to).call{value:listingFee}(\"\");",
                                "require(success, \"LISTING_FEE_TRANSFER_FAILED\");",
                                "uint256 remainingEth = _value - listingFee;",
                                "if (remainingEth > 0) {",
                                "(success,) = payable(_user).call{value: remainingEth}(\"\");",
                                "require(success, \"REFUND_REMAINING_ETHER_SENT_FAILED\");",
                                "}"
                            ],
                            "coverage": "95",
                            "correctness": "100",
                            "score": "98",
                            "reason": "The dataflow code provided for the parameter '_baseToken' covers almost all instances where the parameter is used in the original code, including initialization, validation, and multiple mappings. The correctness is perfect as all usages are accurately reflected. The minor deduction in coverage is due to the indirect usage in emit TokenListed event where the parameter is part of a larger structure, but this does not affect the core functionality."
                        }
                    ],
                    "merge_dataflows": "address _baseToken = baseToken.token;\nrequire(_baseToken != address(0), \"INVALID_ADDR\");\nrequire(tokenToTokenWithChainId[baseToken.chain][correspondingToken.chain][_baseToken] == address(0) && tokenToTokenWithChainId[baseToken.chain][correspondingToken.chain][_correspondingToken] == address(0), \"THIS_PAIR_ALREADY_LISTED\");\nisMintableWithChainId[baseToken.chain][correspondingToken.chain][_baseToken][_correspondingToken] = _isMintable;\nisMintableWithChainId[baseToken.chain][correspondingToken.chain][_correspondingToken][_baseToken] = _isMintable;\nisMintableWithChainId[correspondingToken.chain][baseToken.chain][_baseToken][_correspondingToken] = _isMintable;\nisMintableWithChainId[correspondingToken.chain][baseToken.chain][_correspondingToken][_baseToken] = _isMintable;\ntokenToTokenWithChainId[baseToken.chain][correspondingToken.chain][_baseToken] = _correspondingToken;\ntokenToTokenWithChainId[baseToken.chain][correspondingToken.chain][_correspondingToken] = _baseToken;\ntokenTo TokenWithChainId[corresponding Token. chain] [ base Token . chain ] [ _ base Token ] = _ corresponding Token ;\ntokenTo TokenWith Chain Id [ corresponding Token . chain ] [ base Token . chain ] [ _ corresponding Token ] = _ base Token ;\ntokenOwner With Chain Id [ base Token . chain ] [ corresponding Token . chain ] [ _ base Token ] [ _ corresponding Token ] = msg.sender;\ntokenOwner With Chain Id [ base Token . chain ] [ corresponding Token . chain ] [ _ corresponding Token ] [ _ base Token ] = msg.sender;\ntokenOwner With Chain Id [ corresponding Token . chain ] [ base Token . chain ] [ _ base Token ] [ _ corresponding Token ] = msg.sender;\ntokenOwner With Chain Id [ corresponding Token . chain ] [ base Token . chain ] [ _ corresponding Token ] [ _ base Token ] = msg.sender;\nif(_base token == _ corresponding token) { \n            token Owner [_ base token] = msg.sender;\n        } else {\n            if(_ base token.code.length > 0) {\n                token Owner [_ base token] = msg.sender;\n            } else {\n                token Owner [_ corresponding token] = msg.sender;\n            }\n        }\nemit Listed (_ Base To ken ,  Base To ken . Chain ,  Corresponding To ken ,  Corresponding To ken . Chain ,  Is Mint able , Msg.Sender);"
                }
            },
            "amount": {
                "_value": {
                    "dataflows": [
                        {
                            "parameter": "_value",
                            "dataflow": {
                                "listToken": [
                                    "function listToken(tokenInfo memory baseToken, tokenInfo memory correspondingToken, bool _isMintable) external payable {\n        address _baseToken = baseToken.token;\n        address _correspondingToken = correspondingToken.token;\n        require(_baseToken != address(0), \"INVALID_ADDR\");\n        require(_correspondingToken != address(0), \"INVALID_ADDR\");\n        require(tokenToTokenWithChainId[baseToken.chain][correspondingToken.chain][_baseToken] == address(0) && tokenToTokenWithChainId[baseToken.chain][correspondingToken.chain][_correspondingToken] == address(0), \"THIS_PAIR_ALREADY_LISTED\");\n\n        isMintableWithChainId[baseToken.chain][correspondingToken.chain][_baseToken][_correspondingToken] = _isMintable;\n        isMintableWithChainId[baseToken.chain][correspondingToken.chain][_correspondingToken][_baseToken] = _isMintable;\n        isMintableWithChainId[correspondingToken.chain][baseToken.chain][_baseToken][_correspondingToken] = _isMintable;\n        isMintableWithChainId[correspondingToken.chain][baseToken.chain][_correspondingToken][_baseToken] = _isMintable;\n\n        tokenToNodeWithChainId[baseNode.chain][correspondingNode.chain][_baseNode] = _correspondingNode;\n        tokenToNodeWithChainId[baseNode.chain][correspondingNode.chain][_correspondingNode] = _baseNode;\n        tokenToNodeWithChainId[correspondingNode.chain][baseNode.chain][_baseNode] = _correspondingNode;\n        tokenToNodeWithChainId[correspondingNode.chain][baseNode.chain][_correspondingNode] = _baseNode;",
                                    "if(!excludeFeeFromListing[msg.sender]) transferListingFee(listingFeeCollector, msg.sender, msg.value);"
                                ],
                                "transferListingFee": [
                                    "function transferListingFee(address to, address _user,  uint256 _value) private nonReentrant {\n        require(to != address(0), \"CANT_SEND_TO_NULL_ADDRESS\");\n        require(_value >= listingFee, \"INCREASE_LISTING_FEE\");\n        (bool success, ) = payable(to).call{value:listingFee}(\"\");\n        require(success, \"LISTING_FEE_TRANSFER_FAILED\");\n        uint256 remainingEth = _value - listingFee;\n        if (remainingEth > 0) {\n            (success,) = payable(_user).call{value: remainingEth}(\"\");\n            require(success, \"REFUND_REMAINING_ETHER_SENT_FAILED\");\n        }\n    }"
                                ]
                            },
                            "coverage": "95",
                            "correctness": "90",
                            "score": "92",
                            "reason": "The dataflow code for '_value' covers almost all relevant parts of the original code, including the transferListingFee function and its usage in the listToken function. However, there are minor discrepancies in the tokenToNodeWithChainId mappings in the dataflow code which do not exist in the original code (they should be tokenToTokenWithChainId). The correctness is slightly lower due to these inconsistencies, but overall the coverage and correctness are high."
                        },
                        {
                            "parameter": "_value",
                            "dataflow": {
                                "listToken": [
                                    "function listToken(tokenInfo memory baseToken, tokenInfo memory correspondingToken, bool _isMintable) external payable {\n        address _baseToken = baseToken.token;\n        address _correspondingToken = correspondingToken.token;\n        require(_baseToken != address(0), \"INVALID_ADDR\");\n        require(_correspondingToken != address(0), \"INVALID_ADDR\");\n        require(tokenToTokenWithChainId[baseToken.chain][correspondingToken.chain][_baseToken] == address(0) && tokenToTokenWithChainId[baseToken.chain][correspondingToken.chain][_correspondingToken] == address(0), \"THIS_PAIR_ALREADY_LISTED\");\n\n        isMintableWithChainId[baseToken.chain][correspondingToken.chain][_baseToken][_correspondingToken] = _isMintable;\n        isMintableWithChainId[baseToken.chain][correspondingToken.chain][_correspondingToken][_baseToken] = _isMintable;\n        isMintableWithChainId[correspondingToken.chain][baseToken.chain][_baseToken][_correspondingToken] = _isMintable;\n        isMintableWithChainId[correspondingToken.chain][baseToken.chain][_correspondingToken][_baseToken] = _isMintable;",
                                    "if(!excludeFeeFromListing[msg.sender]) transferListingFee(listingFeeCollector, msg.sender, msg.value);"
                                ],
                                "transferListingFee": [
                                    "function transferListingFee(address to, address _user,  uint256 _value) private nonReentrant {\n        require(to != address(0), \"CANT_SEND_TO_NULL_ADDRESS\");\n        require(_value >= listingFee, \"INCREASE_LISTING_FEE\");\n        (bool success, ) = payable(to).call{value:listingFee}(\"\");\n        require(success, \"LISTING_FEE_TRANSFER_FAILED\");\n        uint256 remainingEth = _value - listingFee;\n        if (remainingEth > 0) {\n            (success,) = payable(_user).call{value: remainingEth}(\"\");\n            require(success, \"REFUND_REMAINING_ETHER_SENT_FAILED\");\n        }\n    }"
                                ]
                            },
                            "coverage": "90",
                            "correctness": "95",
                            "score": "92",
                            "reason": "The dataflow code for '_value' covers most of the relevant parts in the original code, including its usage in the 'transferListingFee' function where it's checked against 'listingFee' and used for ETH transfers. The correctness is high as the extracted logic matches the original implementation precisely. Minor deduction in coverage due to not explicitly showing all possible control flow paths involving '_value'."
                        }
                    ],
                    "merge_dataflows": "function listToken(tokenInfo memory baseToken, tokenInfo memory correspondingToken, bool _isMintable) external payable {\n        address _baseToken = baseToken.token;\n        address _correspondingToken = correspondingToken.token;\n        require(_baseToken != address(0), \"INVALID_ADDR\");\n        require(_correspondingToken != address(0), \"INVALID_ADDR\");\n        require(tokenToTokenWithChainId[baseToken.chain][correspondingToken.chain][_baseToken] == address(0) && tokenToTokenWithChainId[baseToken.chain][correspondingToken.chain][_correspondingToken] == address(0), \"THIS_PAIR_ALREADY_LISTED\");\n\n        isMintableWithChainId[baseToken.chain][correspondingToken.chain][_baseToken][_correspondingToken] = _isMintable;\n        isMintableWithChainId[baseToken.chain][correspondingToken.chain][_correspondingToken][_baseToken] = _isMintable;\n        isMintableWithChainId[correspondingToken.chain][baseToken.chain][_baseToken][_correspondingToken] = _isMintable;\n        isMintableWithChainId[correspondingToken.chain][baseToken.chain][_correspondingToken][_baseToken] = _isMintable;\n\n        tokenToNodeWithChainId[baseNode.chain][correspondingNode.chain][_baseNode] = _correspondingNode;\n        tokenToNodeWithChainId[baseNode.chain][correspondingNode.chain][_correspondingNode] = _baseNode;\n        tokenToNodeWithChainId[correspondingNode.chain][baseNode.chain][_baseNode] = _correspondingNode;\n        tokenToNodeWithChainId[correspondingNode.chain][baseNode.chain][_correspondingNode] = _baseNode;\n\n        if(!excludeFeeFromListing[msg.sender]) transferListingFee(listingFeeCollector, msg.sender, msg.value);\n    }\n\n    function transferListingFee(address to, address _user,  uint256 _value) private nonReentrant {\n        require(to != address(0), \"CANT_SEND_TO_NULL_ADDRESS\");\n        require(_value >= listingFee, \"INCREASE_LISTING_FEE\");\n        (bool success, ) = payable(to).call{value:listingFee}(\"\");\n        require(success, \"LISTING_FEE_TRANSFER_FAILED\");\n        uint256 remainingEth = _value - listingFee;\n        if (remainingEth > 0) {\n            (success,) = payable(_user).call{value: remainingEth}(\"\");\n            require(success, \"REFUND_REMAINING_ETHER_SENT_FAILED\");\n        }\n    }"
                }
            }
        },
        "step3": {
            "toChainID": {
                "correspondingToken.chain": {
                    "Check whether toChainID is authorized.": {
                        "original": [
                            {
                                "result": false,
                                "validation": [],
                                "reason": "无"
                            },
                            {
                                "result": false,
                                "validation": [],
                                "reason": "无"
                            },
                            {
                                "result": false,
                                "validation": [],
                                "reason": "无"
                            }
                        ],
                        "verify_filtered": []
                    },
                    "Check that the destination chain ID is not equal to the source chain ID.": {
                        "original": [
                            {
                                "result": false,
                                "validation": [],
                                "reason": "The code does not explicitly check if the destination chain ID (correspondingToken.chain) is different from the source chain ID (baseToken.chain)."
                            },
                            {
                                "result": false,
                                "validation": [],
                                "reason": "No require or assert statement is found that enforces the constraint that correspondingToken.chain must not be equal to baseToken.chain."
                            },
                            {
                                "result": false,
                                "validation": [],
                                "reason": "The code performs operations using both chain IDs but does not validate their inequality as per the given constraint."
                            }
                        ],
                        "verify_filtered": []
                    }
                }
            },
            "tokenAddress": {
                "_baseToken": {
                    "Check whether the tokenAddress is authorized to use.": {
                        "original": [
                            {
                                "result": false,
                                "validation": [],
                                "reason": "无"
                            },
                            {
                                "result": false,
                                "validation": [],
                                "reason": "无"
                            },
                            {
                                "result": false,
                                "validation": [],
                                "reason": "无"
                            }
                        ],
                        "verify_filtered": []
                    }
                }
            },
            "amount": {
                "_value": {
                    "Validate that amount is greater than 0": {
                        "original": [
                            {
                                "result": false,
                                "validation": [],
                                "reason": "无"
                            },
                            {
                                "result": false,
                                "validation": [],
                                "reason": "无"
                            },
                            {
                                "result": false,
                                "validation": [],
                                "reason": "无"
                            }
                        ],
                        "verify_filtered": []
                    },
                    "Validate that msg.sender's balance change before and after equals amount": {
                        "original": [
                            {
                                "result": false,
                                "validation": [],
                                "reason": "无"
                            },
                            {
                                "result": false,
                                "validation": [],
                                "reason": "无"
                            },
                            {
                                "result": false,
                                "validation": [],
                                "reason": "无"
                            }
                        ],
                        "verify_filtered": []
                    },
                    "Validate that the bridge's balance change before and after equals amount": {
                        "original": [
                            {
                                "result": false,
                                "validation": [],
                                "reason": "无"
                            },
                            {
                                "result": false,
                                "validation": [],
                                "reason": "无"
                            },
                            {
                                "result": false,
                                "validation": [],
                                "reason": "无"
                            }
                        ],
                        "verify_filtered": []
                    },
                    "Validate that msg.sender's balance ≥ amount": {
                        "original": [
                            {
                                "result": false,
                                "validation": [],
                                "reason": "无"
                            },
                            {
                                "result": false,
                                "validation": [],
                                "reason": "无"
                            },
                            {
                                "result": false,
                                "validation": [],
                                "reason": "无"
                            }
                        ],
                        "verify_filtered": []
                    }
                }
            }
        },
        "step4": {
            "toChainID": {
                "correspondingToken.chain": {}
            },
            "tokenAddress": {
                "_baseToken": {}
            },
            "amount": {
                "_value": {}
            }
        },
        "final_result": {
            "toChainID": {
                "correspondingToken.chain": {
                    "Check whether toChainID is authorized.": [
                        {
                            "parameter": "correspondingToken.chain",
                            "constraint": "Check whether toChainID is authorized.",
                            "validation": "",
                            "reason": "在step3中未找到约束相关代码，不执行后续步骤"
                        }
                    ],
                    "Check that the destination chain ID is not equal to the source chain ID.": [
                        {
                            "parameter": "correspondingToken.chain",
                            "constraint": "Check that the destination chain ID is not equal to the source chain ID.",
                            "validation": "",
                            "reason": "在step3中未找到约束相关代码，不执行后续步骤"
                        }
                    ]
                }
            },
            "tokenAddress": {
                "_baseToken": {
                    "Check whether the tokenAddress is authorized to use.": [
                        {
                            "parameter": "_baseToken",
                            "constraint": "Check whether the tokenAddress is authorized to use.",
                            "validation": "",
                            "reason": "在step3中未找到约束相关代码，不执行后续步骤"
                        }
                    ]
                }
            },
            "amount": {
                "_value": {
                    "Validate that amount is greater than 0": [
                        {
                            "parameter": "_value",
                            "constraint": "Validate that amount is greater than 0",
                            "validation": "",
                            "reason": "在step3中未找到约束相关代码，不执行后续步骤"
                        }
                    ],
                    "Validate that msg.sender's balance change before and after equals amount": [
                        {
                            "parameter": "_value",
                            "constraint": "Validate that msg.sender's balance change before and after equals amount",
                            "validation": "",
                            "reason": "在step3中未找到约束相关代码，不执行后续步骤"
                        }
                    ],
                    "Validate that the bridge's balance change before and after equals amount": [
                        {
                            "parameter": "_value",
                            "constraint": "Validate that the bridge's balance change before and after equals amount",
                            "validation": "",
                            "reason": "在step3中未找到约束相关代码，不执行后续步骤"
                        }
                    ],
                    "Validate that msg.sender's balance ≥ amount": [
                        {
                            "parameter": "_value",
                            "constraint": "Validate that msg.sender's balance ≥ amount",
                            "validation": "",
                            "reason": "在step3中未找到约束相关代码，不执行后续步骤"
                        }
                    ]
                }
            }
        },
        "context": {
            "event": "TokenListed",
            "call_graph": "listToken",
            "state_variables": {
                "listingFeeCollector": "address public listingFeeCollector;",
                "isWrapped": "mapping(address => bool) public isWrapped;",
                "excludeFeeFromListing": "mapping(address => bool) public excludeFeeFromListing;",
                "isWrappedWithChainId": "mapping(uint256 => mapping(uint256 => mapping(address => bool))) public isWrappedWithChainId;",
                "tokenOwnerWithChainId": "mapping(uint256 => mapping(uint256 => mapping(address => mapping(address => address)))) public tokenOwnerWithChainId;",
                "tokenToTokenWithChainId": "mapping(uint256 => mapping(uint256 => mapping(address => address))) public tokenToTokenWithChainId;",
                "isMintableWithChainId": "mapping(uint256 => mapping(uint256 => mapping(address => mapping(address => bool)))) public isMintableWithChainId;",
                "_tokenOwner": "mapping(address => address) public _tokenOwner;",
                "listingFee": "uint256 public listingFee;",
                "_NOT_ENTERED": "uint256 private constant _NOT_ENTERED = 1;",
                "_status": "uint256 private _status;",
                "_ENTERED": "uint256 private constant _ENTERED = 2;"
            },
            "external_functions": [
                "modifier nonReentrant(){ _nonReentrantBefore(); _; _nonReentrantAfter();}",
                "function _nonReentrantAfter() private{ _status = _NOT_ENTERED;}",
                "function _nonReentrantBefore() private{ require(_status != _ENTERED, \"ReentrancyGuard: reentrant call\"); _status = _ENTERED;}"
            ]
        },
        "step1-time": 33.980971574783325,
        "step2-time": 950.6282894611359,
        "step2-call_api_times": 21,
        "step3-time": 64.9993085861206,
        "step3-call_api_times": 7,
        "step4-time": 0.001001119613647461,
        "step4-call_api_times": 0
    },
    "time": 1175.5863258838654,
    "this_cost": 0.16462200000000002,
    "this_prompt_tokens": 43043,
    "this_completion_tokens": 9817
}