{
    "d5972f1432570efe297b754cd2693d6f": [
        "C:\\Users\\wy\\Desktop\\rag\\dataset\\XBridge20240424\\@openzeppelin\\contracts-upgradeable\\utils\\AddressUpgradeable.sol",
        "AddressUpgradeable",
        0
    ],
    "4213f1701c2999f67f11de98a51e01f6": [
        "C:\\Users\\wy\\Desktop\\rag\\dataset\\XBridge20240424\\@openzeppelin\\contracts-upgradeable\\utils\\AddressUpgradeable.sol",
        "AddressUpgradeable",
        0
    ],
    "270e14dfa6c4d340344714fd6a36fd00": [
        "C:\\Users\\wy\\Desktop\\rag\\dataset\\XBridge20240424\\@openzeppelin\\contracts-upgradeable\\utils\\AddressUpgradeable.sol",
        "AddressUpgradeable",
        0
    ],
    "3deb235bd39105633ff4aa02a367005e": [
        "C:\\Users\\wy\\Desktop\\rag\\dataset\\XBridge20240424\\@openzeppelin\\contracts-upgradeable\\utils\\AddressUpgradeable.sol",
        "AddressUpgradeable",
        0
    ],
    "9587564662cef65eec554844bed6f202": [
        "C:\\Users\\wy\\Desktop\\rag\\dataset\\XBridge20240424\\@openzeppelin\\contracts-upgradeable\\utils\\AddressUpgradeable.sol",
        "AddressUpgradeable",
        0
    ],
    "415fb10c2d7ae7d060a260635249aa7d": [
        "C:\\Users\\wy\\Desktop\\rag\\dataset\\XBridge20240424\\@openzeppelin\\contracts-upgradeable\\utils\\AddressUpgradeable.sol",
        "AddressUpgradeable",
        0
    ],
    "994685aae3cda8dbbf0ffec7f803d344": [
        "C:\\Users\\wy\\Desktop\\rag\\dataset\\XBridge20240424\\@openzeppelin\\contracts-upgradeable\\utils\\AddressUpgradeable.sol",
        "AddressUpgradeable",
        0
    ],
    "bf41c57fa7b52bd9c9ca315357eacff8": [
        "C:\\Users\\wy\\Desktop\\rag\\dataset\\XBridge20240424\\@openzeppelin\\contracts-upgradeable\\utils\\AddressUpgradeable.sol",
        "AddressUpgradeable",
        0
    ],
    "219660ec0d55ecb352a5cec40b996f90": [
        "C:\\Users\\wy\\Desktop\\rag\\dataset\\XBridge20240424\\@openzeppelin\\contracts-upgradeable\\utils\\AddressUpgradeable.sol",
        "AddressUpgradeable",
        0
    ],
    "701d9cff42a9c0251737fde00a72ac47": [
        "C:\\Users\\wy\\Desktop\\rag\\dataset\\XBridge20240424\\@openzeppelin\\contracts-upgradeable\\utils\\AddressUpgradeable.sol",
        "AddressUpgradeable",
        0
    ],
    "970cb86012633b951e216a6e31e36148": [
        "C:\\Users\\wy\\Desktop\\rag\\dataset\\XBridge20240424\\@openzeppelin\\contracts-upgradeable\\utils\\AddressUpgradeable.sol",
        "AddressUpgradeable",
        0
    ],
    "daaf718a17d848032c9640555f62540a": [
        "C:\\Users\\wy\\Desktop\\rag\\dataset\\XBridge20240424\\@openzeppelin\\contracts-upgradeable\\utils\\AddressUpgradeable.sol",
        "AddressUpgradeable",
        0
    ],
    "8bb1093039f962e441f6f911e07a815f": [
        "C:\\Users\\wy\\Desktop\\rag\\dataset\\XBridge20240424\\@openzeppelin\\contracts-upgradeable\\utils\\AddressUpgradeable.sol",
        "AddressUpgradeable",
        0
    ],
    "e93da15c2984cd69b8afe0c4d207be03": [
        "C:\\Users\\wy\\Desktop\\rag\\dataset\\XBridge20240424\\@openzeppelin\\contracts-upgradeable\\proxy\\utils\\Initializable.sol",
        "Initializable",
        0
    ],
    "1a6252080d84aef759ba74b9428fe9e9": [
        "C:\\Users\\wy\\Desktop\\rag\\dataset\\XBridge20240424\\@openzeppelin\\contracts-upgradeable\\proxy\\utils\\Initializable.sol",
        "Initializable",
        0
    ],
    "23aa96204ffc2db51ee93543ead72d21": [
        "C:\\Users\\wy\\Desktop\\rag\\dataset\\XBridge20240424\\@openzeppelin\\contracts-upgradeable\\proxy\\utils\\Initializable.sol",
        "Initializable",
        0
    ],
    "319a89ab9d2834e2aa4d9f74c10ee085": [
        "C:\\Users\\wy\\Desktop\\rag\\dataset\\XBridge20240424\\@openzeppelin\\contracts-upgradeable\\proxy\\utils\\Initializable.sol",
        "Initializable",
        1
    ],
    "cc253d6e6a28a0a885ffc20460167c1a": [
        "C:\\Users\\wy\\Desktop\\rag\\dataset\\XBridge20240424\\@openzeppelin\\contracts-upgradeable\\proxy\\utils\\Initializable.sol",
        "Initializable",
        1
    ],
    "9aa43424d4ca4ac38d1414b683de0171": [
        "C:\\Users\\wy\\Desktop\\rag\\dataset\\XBridge20240424\\@openzeppelin\\contracts-upgradeable\\proxy\\utils\\Initializable.sol",
        "Initializable",
        1
    ],
    "51711f974026a47cf07ddd644d9d6314": [
        "C:\\Users\\wy\\Desktop\\rag\\dataset\\XBridge20240424\\@openzeppelin\\contracts-upgradeable\\utils\\ContextUpgradeable.sol",
        "ContextUpgradeable",
        0
    ],
    "b455fef82ed6bfd2959d8c51c633ee72": [
        "C:\\Users\\wy\\Desktop\\rag\\dataset\\XBridge20240424\\@openzeppelin\\contracts-upgradeable\\utils\\ContextUpgradeable.sol",
        "ContextUpgradeable",
        0
    ],
    "3bc534219d7c704e82b1271e27e1e9f4": [
        "C:\\Users\\wy\\Desktop\\rag\\dataset\\XBridge20240424\\@openzeppelin\\contracts-upgradeable\\utils\\ContextUpgradeable.sol",
        "ContextUpgradeable",
        0
    ],
    "c1cd6682c49c03f9b0f4ec879236408a": [
        "C:\\Users\\wy\\Desktop\\rag\\dataset\\XBridge20240424\\@openzeppelin\\contracts-upgradeable\\utils\\ContextUpgradeable.sol",
        "ContextUpgradeable",
        0
    ],
    "44fcf94abcb0d2c66ce3e37a497edc8f": [
        "C:\\Users\\wy\\Desktop\\rag\\dataset\\XBridge20240424\\@openzeppelin\\contracts-upgradeable\\access\\OwnableUpgradeable.sol",
        "OwnableUpgradeable",
        0
    ],
    "3b504a3884e033490deaf74fead3a48e": [
        "C:\\Users\\wy\\Desktop\\rag\\dataset\\XBridge20240424\\@openzeppelin\\contracts-upgradeable\\access\\OwnableUpgradeable.sol",
        "OwnableUpgradeable",
        0
    ],
    "c000c329207e63e4293ec575de9eb28a": [
        "C:\\Users\\wy\\Desktop\\rag\\dataset\\XBridge20240424\\@openzeppelin\\contracts-upgradeable\\access\\OwnableUpgradeable.sol",
        "OwnableUpgradeable",
        0
    ],
    "e5e005d7adac2d25dba9788a40cee105": [
        "C:\\Users\\wy\\Desktop\\rag\\dataset\\XBridge20240424\\@openzeppelin\\contracts-upgradeable\\access\\OwnableUpgradeable.sol",
        "OwnableUpgradeable",
        0
    ],
    "8681199fd134b528e368ae053a4153df": [
        "C:\\Users\\wy\\Desktop\\rag\\dataset\\XBridge20240424\\@openzeppelin\\contracts-upgradeable\\access\\OwnableUpgradeable.sol",
        "OwnableUpgradeable",
        0
    ],
    "03e524f71217fb5b3a29866055e9c31d": [
        "C:\\Users\\wy\\Desktop\\rag\\dataset\\XBridge20240424\\@openzeppelin\\contracts-upgradeable\\access\\OwnableUpgradeable.sol",
        "OwnableUpgradeable",
        0
    ],
    "a02e4901485cd8c78e4e4b73a0aa53b5": [
        "C:\\Users\\wy\\Desktop\\rag\\dataset\\XBridge20240424\\@openzeppelin\\contracts-upgradeable\\access\\OwnableUpgradeable.sol",
        "OwnableUpgradeable",
        0
    ],
    "c5a518feff109806e8b681a11a2ae056": [
        "C:\\Users\\wy\\Desktop\\rag\\dataset\\XBridge20240424\\@openzeppelin\\contracts-upgradeable\\access\\OwnableUpgradeable.sol",
        "OwnableUpgradeable",
        1
    ],
    "fdb427b7985133c60b2358311b26f832": [
        "C:\\Users\\wy\\Desktop\\rag\\dataset\\XBridge20240424\\@openzeppelin\\contracts-upgradeable\\security\\ReentrancyGuardUpgradeable.sol",
        "ReentrancyGuardUpgradeable",
        0
    ],
    "a4c1f8d704aaf3afdc555372d159b346": [
        "C:\\Users\\wy\\Desktop\\rag\\dataset\\XBridge20240424\\@openzeppelin\\contracts-upgradeable\\security\\ReentrancyGuardUpgradeable.sol",
        "ReentrancyGuardUpgradeable",
        0
    ],
    "9fe009c878eded584b8bd1d53330600d": [
        "C:\\Users\\wy\\Desktop\\rag\\dataset\\XBridge20240424\\@openzeppelin\\contracts-upgradeable\\security\\ReentrancyGuardUpgradeable.sol",
        "ReentrancyGuardUpgradeable",
        0
    ],
    "f948c9aac88fb1ff4e26070d4360cf11": [
        "C:\\Users\\wy\\Desktop\\rag\\dataset\\XBridge20240424\\@openzeppelin\\contracts-upgradeable\\security\\ReentrancyGuardUpgradeable.sol",
        "ReentrancyGuardUpgradeable",
        0
    ],
    "1ec60d2ee1cb1ea0c1f65892f9c9507b": [
        "C:\\Users\\wy\\Desktop\\rag\\dataset\\XBridge20240424\\@openzeppelin\\contracts-upgradeable\\security\\ReentrancyGuardUpgradeable.sol",
        "ReentrancyGuardUpgradeable",
        0
    ],
    "b42933d168b2a798e6d2eeeabba2beaa": [
        "C:\\Users\\wy\\Desktop\\rag\\dataset\\XBridge20240424\\@openzeppelin\\contracts-upgradeable\\security\\ReentrancyGuardUpgradeable.sol",
        "ReentrancyGuardUpgradeable",
        1
    ],
    "5e1d12e61f4bf4b37161d9b684742570": [
        "C:\\Users\\wy\\Desktop\\rag\\dataset\\XBridge20240424\\contracts\\interfaces\\IERC20.sol",
        "IERC20",
        0
    ],
    "3ac17e7782366957c960d337a4a648cd": [
        "C:\\Users\\wy\\Desktop\\rag\\dataset\\XBridge20240424\\contracts\\interfaces\\IERC20.sol",
        "IERC20",
        0
    ],
    "f4ffe0b79c8a4a1a9720675d3ac08278": [
        "C:\\Users\\wy\\Desktop\\rag\\dataset\\XBridge20240424\\contracts\\interfaces\\IERC20.sol",
        "IERC20",
        0
    ],
    "c93791d09d789aed33b9725d482af442": [
        "C:\\Users\\wy\\Desktop\\rag\\dataset\\XBridge20240424\\contracts\\interfaces\\IERC20.sol",
        "IERC20",
        0
    ],
    "7c80d707df648dc123a10c69a1150edc": [
        "C:\\Users\\wy\\Desktop\\rag\\dataset\\XBridge20240424\\contracts\\interfaces\\IERC20.sol",
        "IERC20",
        0
    ],
    "359ece5a67467cccf835eeb464b71fef": [
        "C:\\Users\\wy\\Desktop\\rag\\dataset\\XBridge20240424\\contracts\\interfaces\\IERC20.sol",
        "IERC20",
        0
    ],
    "54fcc18fc5af6f55053554dd926d02c5": [
        "C:\\Users\\wy\\Desktop\\rag\\dataset\\XBridge20240424\\contracts\\interfaces\\IERC20.sol",
        "IERC20",
        0
    ],
    "1e45b0017dba236277251bf2bb9e8f65": [
        "C:\\Users\\wy\\Desktop\\rag\\dataset\\XBridge20240424\\contracts\\interfaces\\IERC20.sol",
        "IERC20",
        0
    ],
    "40bf4235c287eecfd5bf6e3a2bcac50b": [
        "C:\\Users\\wy\\Desktop\\rag\\dataset\\XBridge20240424\\contracts\\interfaces\\IERC20.sol",
        "IERC20",
        0
    ],
    "f43a71e0a1403aec3aba8797d6e8b478": [
        "C:\\Users\\wy\\Desktop\\rag\\dataset\\XBridge20240424\\contracts\\interfaces\\IUniswapV2Router01.sol",
        "IUniswapV2Router01",
        0
    ],
    "acc6e2880152c70b0faf29590c3bef42": [
        "C:\\Users\\wy\\Desktop\\rag\\dataset\\XBridge20240424\\contracts\\interfaces\\IUniswapV2Router01.sol",
        "IUniswapV2Router01",
        0
    ],
    "17ade7643473d8a0fd0743d064676bd2": [
        "C:\\Users\\wy\\Desktop\\rag\\dataset\\XBridge20240424\\contracts\\interfaces\\IUniswapV2Router01.sol",
        "IUniswapV2Router01",
        0
    ],
    "2d6226a1b1ce5d322f83cf1f962ae598": [
        "C:\\Users\\wy\\Desktop\\rag\\dataset\\XBridge20240424\\contracts\\interfaces\\IUniswapV2Router01.sol",
        "IUniswapV2Router01",
        0
    ],
    "ff1ea321d85086b99c927def517ce55a": [
        "C:\\Users\\wy\\Desktop\\rag\\dataset\\XBridge20240424\\contracts\\interfaces\\IUniswapV2Router01.sol",
        "IUniswapV2Router01",
        0
    ],
    "4ce57e936262ce59d6f4f1dc549b7384": [
        "C:\\Users\\wy\\Desktop\\rag\\dataset\\XBridge20240424\\contracts\\interfaces\\IUniswapV2Router01.sol",
        "IUniswapV2Router01",
        0
    ],
    "90e70435f0748c03152d32297bf13026": [
        "C:\\Users\\wy\\Desktop\\rag\\dataset\\XBridge20240424\\contracts\\interfaces\\IUniswapV2Router01.sol",
        "IUniswapV2Router01",
        0
    ],
    "cd33143ef02a9e554db7cc28bfcf27c5": [
        "C:\\Users\\wy\\Desktop\\rag\\dataset\\XBridge20240424\\contracts\\interfaces\\IUniswapV2Router01.sol",
        "IUniswapV2Router01",
        0
    ],
    "18c53699a477afd9450f021b6ed173c6": [
        "C:\\Users\\wy\\Desktop\\rag\\dataset\\XBridge20240424\\contracts\\interfaces\\IUniswapV2Router01.sol",
        "IUniswapV2Router01",
        0
    ],
    "302b6389dc54761b37ae9541b567ca03": [
        "C:\\Users\\wy\\Desktop\\rag\\dataset\\XBridge20240424\\contracts\\interfaces\\IUniswapV2Router01.sol",
        "IUniswapV2Router01",
        0
    ],
    "e8e71ba83904154719e35c73cf2a8710": [
        "C:\\Users\\wy\\Desktop\\rag\\dataset\\XBridge20240424\\contracts\\interfaces\\IUniswapV2Router01.sol",
        "IUniswapV2Router01",
        0
    ],
    "8a86bdf45593944d2233dbeb2289863a": [
        "C:\\Users\\wy\\Desktop\\rag\\dataset\\XBridge20240424\\contracts\\interfaces\\IUniswapV2Router01.sol",
        "IUniswapV2Router01",
        0
    ],
    "34ab7a3518ea51ebf06a9560718779ea": [
        "C:\\Users\\wy\\Desktop\\rag\\dataset\\XBridge20240424\\contracts\\interfaces\\IUniswapV2Router01.sol",
        "IUniswapV2Router01",
        0
    ],
    "16cec08bdc6a696e311b4e48e5961fef": [
        "C:\\Users\\wy\\Desktop\\rag\\dataset\\XBridge20240424\\contracts\\interfaces\\IUniswapV2Router01.sol",
        "IUniswapV2Router01",
        0
    ],
    "cb789b739af5b3c028131dcb32990c94": [
        "C:\\Users\\wy\\Desktop\\rag\\dataset\\XBridge20240424\\contracts\\interfaces\\IUniswapV2Router01.sol",
        "IUniswapV2Router01",
        0
    ],
    "93d2f838b7fdeb036cdefe84a2e99bbe": [
        "C:\\Users\\wy\\Desktop\\rag\\dataset\\XBridge20240424\\contracts\\interfaces\\IUniswapV2Router01.sol",
        "IUniswapV2Router01",
        0
    ],
    "ecf52132211fe995bc4f06d31c57dbee": [
        "C:\\Users\\wy\\Desktop\\rag\\dataset\\XBridge20240424\\contracts\\interfaces\\IUniswapV2Router01.sol",
        "IUniswapV2Router01",
        0
    ],
    "f27081709ffe0fe9c4d022ba1e51538a": [
        "C:\\Users\\wy\\Desktop\\rag\\dataset\\XBridge20240424\\contracts\\interfaces\\IUniswapV2Router01.sol",
        "IUniswapV2Router01",
        0
    ],
    "d0dc2eafb1d550b4b006faca45979717": [
        "C:\\Users\\wy\\Desktop\\rag\\dataset\\XBridge20240424\\contracts\\interfaces\\IUniswapV2Router01.sol",
        "IUniswapV2Router01",
        0
    ],
    "fad51cb1adba916997f5d389538ea81a": [
        "C:\\Users\\wy\\Desktop\\rag\\dataset\\XBridge20240424\\contracts\\interfaces\\IUniswapV2Router02.sol",
        "IUniswapV2Router02",
        0
    ],
    "25ae0e1761cb74d993ce2ca9a2279720": [
        "C:\\Users\\wy\\Desktop\\rag\\dataset\\XBridge20240424\\contracts\\interfaces\\IUniswapV2Router02.sol",
        "IUniswapV2Router02",
        0
    ],
    "a3a571f314f7f4cf3d7a9df5ef1ffd81": [
        "C:\\Users\\wy\\Desktop\\rag\\dataset\\XBridge20240424\\contracts\\interfaces\\IUniswapV2Router02.sol",
        "IUniswapV2Router02",
        0
    ],
    "a70a51d4b87425f4c0c3d98c6d252590": [
        "C:\\Users\\wy\\Desktop\\rag\\dataset\\XBridge20240424\\contracts\\interfaces\\IUniswapV2Router02.sol",
        "IUniswapV2Router02",
        0
    ],
    "3e1036d26e009a39669f7df921413bc7": [
        "C:\\Users\\wy\\Desktop\\rag\\dataset\\XBridge20240424\\contracts\\interfaces\\IUniswapV2Router02.sol",
        "IUniswapV2Router02",
        0
    ],
    "79783b3f509f341a6db26799738a3a85": [
        "C:\\Users\\wy\\Desktop\\rag\\dataset\\XBridge20240424\\contracts\\interfaces\\IUniswapV2Factory.sol",
        "IUniswapV2Factory",
        0
    ],
    "c0967d89dee44d465f71939609a4c0fc": [
        "C:\\Users\\wy\\Desktop\\rag\\dataset\\XBridge20240424\\contracts\\XBridge4.sol",
        "XBridge",
        0
    ],
    "659d432344dc229857d6303c689415fc": [
        "C:\\Users\\wy\\Desktop\\rag\\dataset\\XBridge20240424\\contracts\\XBridge4.sol",
        "XBridge",
        0
    ],
    "3e0b815ae3825e7faa0c1f548b660089": [
        "C:\\Users\\wy\\Desktop\\rag\\dataset\\XBridge20240424\\contracts\\XBridge4.sol",
        "XBridge",
        0
    ],
    "f63b0c56f95ac6eb2f75f4f0a583c07d": [
        "C:\\Users\\wy\\Desktop\\rag\\dataset\\XBridge20240424\\contracts\\XBridge4.sol",
        "XBridge",
        0
    ],
    "918617485851b11ae47d5bd2863b5a57": [
        "C:\\Users\\wy\\Desktop\\rag\\dataset\\XBridge20240424\\contracts\\XBridge4.sol",
        "XBridge",
        0
    ],
    "900ebd78fd4f54790e25f01904354427": [
        "C:\\Users\\wy\\Desktop\\rag\\dataset\\XBridge20240424\\contracts\\XBridge4.sol",
        "XBridge",
        0
    ],
    "ee152c8c632f3617e8674567c8b5e55c": [
        "C:\\Users\\wy\\Desktop\\rag\\dataset\\XBridge20240424\\contracts\\XBridge4.sol",
        "XBridge",
        0
    ],
    "8489d8235aa1823cb23761cdb1f6d8cb": [
        "C:\\Users\\wy\\Desktop\\rag\\dataset\\XBridge20240424\\contracts\\XBridge4.sol",
        "XBridge",
        0
    ],
    "f94ca7d1fac053779b52a3083bce0987": [
        "C:\\Users\\wy\\Desktop\\rag\\dataset\\XBridge20240424\\contracts\\XBridge4.sol",
        "XBridge",
        0
    ],
    "b5596b1036650a8d4438bfc41aafc6f7": [
        "C:\\Users\\wy\\Desktop\\rag\\dataset\\XBridge20240424\\contracts\\XBridge4.sol",
        "XBridge",
        0
    ],
    "149d3b1982461565c220241bbe13fdd6": [
        "C:\\Users\\wy\\Desktop\\rag\\dataset\\XBridge20240424\\contracts\\XBridge4.sol",
        "XBridge",
        0
    ],
    "1dbbc92042752ced19cd9f2d90e5d8dc": [
        "C:\\Users\\wy\\Desktop\\rag\\dataset\\XBridge20240424\\contracts\\XBridge4.sol",
        "XBridge",
        0
    ],
    "a4da60afd0f29157f1beaba6f440702c": [
        "C:\\Users\\wy\\Desktop\\rag\\dataset\\XBridge20240424\\contracts\\XBridge4.sol",
        "XBridge",
        0
    ],
    "625f122a0061d1d5ceaf58c41773b653": [
        "C:\\Users\\wy\\Desktop\\rag\\dataset\\XBridge20240424\\contracts\\XBridge4.sol",
        "XBridge",
        0
    ],
    "403e0009ce137636b960d54ae377c2dc": [
        "C:\\Users\\wy\\Desktop\\rag\\dataset\\XBridge20240424\\contracts\\XBridge4.sol",
        "XBridge",
        0
    ],
    "49232e3b9f048585f5cc0614d1e7e860": [
        "C:\\Users\\wy\\Desktop\\rag\\dataset\\XBridge20240424\\contracts\\XBridge4.sol",
        "XBridge",
        0
    ],
    "01b3f747099dbe6820529f3617a174bc": [
        "C:\\Users\\wy\\Desktop\\rag\\dataset\\XBridge20240424\\contracts\\XBridge4.sol",
        "XBridge",
        0
    ],
    "dc5d4236b3b92785c40ced7a53720809": [
        "C:\\Users\\wy\\Desktop\\rag\\dataset\\XBridge20240424\\contracts\\XBridge4.sol",
        "XBridge",
        0
    ],
    "10ad9491a14900983895dc190ce7c70b": [
        "C:\\Users\\wy\\Desktop\\rag\\dataset\\XBridge20240424\\contracts\\XBridge4.sol",
        "XBridge",
        0
    ],
    "7302a9c165b8fc2d3f47dc7bae391cd0": [
        "C:\\Users\\wy\\Desktop\\rag\\dataset\\XBridge20240424\\contracts\\XBridge4.sol",
        "XBridge",
        0
    ],
    "a9553a7e9b67bcfdf2267c8c7afd8d75": [
        "C:\\Users\\wy\\Desktop\\rag\\dataset\\XBridge20240424\\contracts\\XBridge4.sol",
        "XBridge",
        0
    ],
    "375abb0ccee4c5c93071b06f432b5bb3": [
        "C:\\Users\\wy\\Desktop\\rag\\dataset\\XBridge20240424\\contracts\\XBridge4.sol",
        "XBridge",
        0
    ],
    "1d264bb9dfe8e7f88b03618cc48cac42": [
        "C:\\Users\\wy\\Desktop\\rag\\dataset\\XBridge20240424\\contracts\\XBridge4.sol",
        "XBridge",
        0
    ],
    "45a4338418c391496f8444743c96a8de": [
        "C:\\Users\\wy\\Desktop\\rag\\dataset\\XBridge20240424\\contracts\\XBridge4.sol",
        "XBridge",
        0
    ],
    "ce211716ca8068a97b0b60a8c071477d": [
        "C:\\Users\\wy\\Desktop\\rag\\dataset\\XBridge20240424\\contracts\\XBridge4.sol",
        "XBridge",
        0
    ],
    "dd98b667cc644f5fa8f7e4aba1b4600d": [
        "C:\\Users\\wy\\Desktop\\rag\\dataset\\XBridge20240424\\contracts\\XBridge4.sol",
        "XBridge",
        0
    ],
    "0bd71e34afe9955d25fce9d94cc405fb": [
        "C:\\Users\\wy\\Desktop\\rag\\dataset\\XBridge20240424\\contracts\\XBridge4.sol",
        "XBridge",
        0
    ],
    "68e291ae64705221c5ad33907a4a3b20": [
        "C:\\Users\\wy\\Desktop\\rag\\dataset\\XBridge20240424\\contracts\\XBridge4.sol",
        "XBridge",
        0
    ],
    "901f75e33c2ea6af4e0b41ef1f71f90b": [
        "C:\\Users\\wy\\Desktop\\rag\\dataset\\XBridge20240424\\contracts\\XBridge4.sol",
        "XBridge",
        0
    ],
    "7df48612823337da431274b0077259db": [
        "C:\\Users\\wy\\Desktop\\rag\\dataset\\XBridge20240424\\contracts\\XBridge4.sol",
        "XBridge",
        0
    ],
    "3350c771b9378a80c60b323d963b808c": [
        "C:\\Users\\wy\\Desktop\\rag\\dataset\\XBridge20240424\\contracts\\XBridge4.sol",
        "XBridge",
        0
    ],
    "8c3ee1315c4e81a87903eb8639d36abf": [
        "C:\\Users\\wy\\Desktop\\rag\\dataset\\XBridge20240424\\contracts\\XBridge4.sol",
        "XBridge",
        0
    ],
    "07ce70008c5b7c97bfb8d1026482199c": [
        "C:\\Users\\wy\\Desktop\\rag\\dataset\\XBridge20240424\\contracts\\XBridge4.sol",
        "XBridge",
        0
    ],
    "e2863590246bdc08db39f71129b59bf3": [
        "C:\\Users\\wy\\Desktop\\rag\\dataset\\XBridge20240424\\contracts\\XBridge4.sol",
        "XBridge",
        0
    ],
    "8b7b68963ae73a294f9e2ff32fbc4291": [
        "C:\\Users\\wy\\Desktop\\rag\\dataset\\XBridge20240424\\contracts\\XBridge4.sol",
        "XBridge",
        0
    ],
    "735e18b1222dd2ebd0d83f1a2048aa82": [
        "C:\\Users\\wy\\Desktop\\rag\\dataset\\XBridge20240424\\contracts\\XBridge4.sol",
        "XBridge",
        0
    ],
    "ba4a513f6e6b6870fb06a1d328eae473": [
        "C:\\Users\\wy\\Desktop\\rag\\dataset\\XBridge20240424\\contracts\\XBridge4.sol",
        "XBridge",
        0
    ]
}