{
    "84b7c2935570b8eee07614e1b199dd6d": [
        "C:\\Users\\wy\\Desktop\\rag\\dataset\\Allbridge20230402\\Bridge.sol",
        "IBridge",
        0
    ],
    "3bc534219d7c704e82b1271e27e1e9f4": [
        "C:\\Users\\wy\\Desktop\\rag\\dataset\\Allbridge20230402\\Bridge.sol",
        "Context",
        0
    ],
    "c1cd6682c49c03f9b0f4ec879236408a": [
        "C:\\Users\\wy\\Desktop\\rag\\dataset\\Allbridge20230402\\Bridge.sol",
        "Context",
        0
    ],
    "a92be8b99a18c3ea93031b87b0f14746": [
        "C:\\Users\\wy\\Desktop\\rag\\dataset\\Allbridge20230402\\Bridge.sol",
        "Ownable",
        0
    ],
    "c000c329207e63e4293ec575de9eb28a": [
        "C:\\Users\\wy\\Desktop\\rag\\dataset\\Allbridge20230402\\Bridge.sol",
        "Ownable",
        0
    ],
    "e5e005d7adac2d25dba9788a40cee105": [
        "C:\\Users\\wy\\Desktop\\rag\\dataset\\Allbridge20230402\\Bridge.sol",
        "Ownable",
        0
    ],
    "8681199fd134b528e368ae053a4153df": [
        "C:\\Users\\wy\\Desktop\\rag\\dataset\\Allbridge20230402\\Bridge.sol",
        "Ownable",
        0
    ],
    "03e524f71217fb5b3a29866055e9c31d": [
        "C:\\Users\\wy\\Desktop\\rag\\dataset\\Allbridge20230402\\Bridge.sol",
        "Ownable",
        0
    ],
    "a02e4901485cd8c78e4e4b73a0aa53b5": [
        "C:\\Users\\wy\\Desktop\\rag\\dataset\\Allbridge20230402\\Bridge.sol",
        "Ownable",
        0
    ],
    "c5a518feff109806e8b681a11a2ae056": [
        "C:\\Users\\wy\\Desktop\\rag\\dataset\\Allbridge20230402\\Bridge.sol",
        "Ownable",
        1
    ],
    "5e1d12e61f4bf4b37161d9b684742570": [
        "C:\\Users\\wy\\Desktop\\rag\\dataset\\Allbridge20230402\\Bridge.sol",
        "IERC20",
        0
    ],
    "3ac17e7782366957c960d337a4a648cd": [
        "C:\\Users\\wy\\Desktop\\rag\\dataset\\Allbridge20230402\\Bridge.sol",
        "IERC20",
        0
    ],
    "f4ffe0b79c8a4a1a9720675d3ac08278": [
        "C:\\Users\\wy\\Desktop\\rag\\dataset\\Allbridge20230402\\Bridge.sol",
        "IERC20",
        0
    ],
    "c93791d09d789aed33b9725d482af442": [
        "C:\\Users\\wy\\Desktop\\rag\\dataset\\Allbridge20230402\\Bridge.sol",
        "IERC20",
        0
    ],
    "7c80d707df648dc123a10c69a1150edc": [
        "C:\\Users\\wy\\Desktop\\rag\\dataset\\Allbridge20230402\\Bridge.sol",
        "IERC20",
        0
    ],
    "359ece5a67467cccf835eeb464b71fef": [
        "C:\\Users\\wy\\Desktop\\rag\\dataset\\Allbridge20230402\\Bridge.sol",
        "IERC20",
        0
    ],
    "4025788d8802eb9f22e195dc2bedffee": [
        "C:\\Users\\wy\\Desktop\\rag\\dataset\\Allbridge20230402\\Bridge.sol",
        "IERC20Metadata",
        0
    ],
    "290eeefbf46324b8fc0db56342aa8b5c": [
        "C:\\Users\\wy\\Desktop\\rag\\dataset\\Allbridge20230402\\Bridge.sol",
        "IERC20Metadata",
        0
    ],
    "af3fd982db2d33756fe4782a6d55350a": [
        "C:\\Users\\wy\\Desktop\\rag\\dataset\\Allbridge20230402\\Bridge.sol",
        "IERC20Metadata",
        0
    ],
    "922315639585b649e96671e76c175ffd": [
        "C:\\Users\\wy\\Desktop\\rag\\dataset\\Allbridge20230402\\Bridge.sol",
        "ERC20",
        0
    ],
    "f77b43360b4a43f841600b693c01d19a": [
        "C:\\Users\\wy\\Desktop\\rag\\dataset\\Allbridge20230402\\Bridge.sol",
        "ERC20",
        0
    ],
    "b244f0cd75b34ae01aa3653aef24e0fc": [
        "C:\\Users\\wy\\Desktop\\rag\\dataset\\Allbridge20230402\\Bridge.sol",
        "ERC20",
        0
    ],
    "018a53273ac8e5a3d284f02143b7dd8c": [
        "C:\\Users\\wy\\Desktop\\rag\\dataset\\Allbridge20230402\\Bridge.sol",
        "ERC20",
        0
    ],
    "edb2b6e1669957d5cfae0073283d1f0a": [
        "C:\\Users\\wy\\Desktop\\rag\\dataset\\Allbridge20230402\\Bridge.sol",
        "ERC20",
        0
    ],
    "55ed6875b4a2e03408080394832a7564": [
        "C:\\Users\\wy\\Desktop\\rag\\dataset\\Allbridge20230402\\Bridge.sol",
        "ERC20",
        0
    ],
    "4ef56ffedbf7b443cf09a0abc70a56e1": [
        "C:\\Users\\wy\\Desktop\\rag\\dataset\\Allbridge20230402\\Bridge.sol",
        "ERC20",
        0
    ],
    "d7cbdea72a1a98a5910dc39323a9b2cc": [
        "C:\\Users\\wy\\Desktop\\rag\\dataset\\Allbridge20230402\\Bridge.sol",
        "ERC20",
        0
    ],
    "f9fa876f069cc0d7cb5c67a7d65b94dd": [
        "C:\\Users\\wy\\Desktop\\rag\\dataset\\Allbridge20230402\\Bridge.sol",
        "ERC20",
        0
    ],
    "b685cf3e0a377ec775d100f2ccf9d00a": [
        "C:\\Users\\wy\\Desktop\\rag\\dataset\\Allbridge20230402\\Bridge.sol",
        "ERC20",
        0
    ],
    "7dc046b2a87bd95486821f3994a45d23": [
        "C:\\Users\\wy\\Desktop\\rag\\dataset\\Allbridge20230402\\Bridge.sol",
        "ERC20",
        0
    ],
    "276ad04d934d7e49159d289a38528efb": [
        "C:\\Users\\wy\\Desktop\\rag\\dataset\\Allbridge20230402\\Bridge.sol",
        "ERC20",
        0
    ],
    "45bda4851569e2e4162a050f3d9ce3b4": [
        "C:\\Users\\wy\\Desktop\\rag\\dataset\\Allbridge20230402\\Bridge.sol",
        "ERC20",
        0
    ],
    "f8ca088d30427bbbf6d3c5867cec1edb": [
        "C:\\Users\\wy\\Desktop\\rag\\dataset\\Allbridge20230402\\Bridge.sol",
        "ERC20",
        0
    ],
    "b39ff0d6698d0420c0caa224e5a376f6": [
        "C:\\Users\\wy\\Desktop\\rag\\dataset\\Allbridge20230402\\Bridge.sol",
        "ERC20",
        0
    ],
    "07176c0267db1a9417f782e6926589a7": [
        "C:\\Users\\wy\\Desktop\\rag\\dataset\\Allbridge20230402\\Bridge.sol",
        "ERC20",
        0
    ],
    "bbd5ae4778720cb8c0e70c9dba128b9d": [
        "C:\\Users\\wy\\Desktop\\rag\\dataset\\Allbridge20230402\\Bridge.sol",
        "ERC20",
        0
    ],
    "794bc174086627f549d880e81d707dbf": [
        "C:\\Users\\wy\\Desktop\\rag\\dataset\\Allbridge20230402\\Bridge.sol",
        "ERC20",
        0
    ],
    "f0092a061adb173adfe7077f2d51530f": [
        "C:\\Users\\wy\\Desktop\\rag\\dataset\\Allbridge20230402\\Bridge.sol",
        "ERC20",
        0
    ],
    "abaa7b8952c208d58b77455671572ce3": [
        "C:\\Users\\wy\\Desktop\\rag\\dataset\\Allbridge20230402\\Bridge.sol",
        "IERC20Permit",
        0
    ],
    "357d86867bcb5e898ef823b379affee2": [
        "C:\\Users\\wy\\Desktop\\rag\\dataset\\Allbridge20230402\\Bridge.sol",
        "IERC20Permit",
        0
    ],
    "0a5129288a98701e3042bb219b8117b2": [
        "C:\\Users\\wy\\Desktop\\rag\\dataset\\Allbridge20230402\\Bridge.sol",
        "IERC20Permit",
        0
    ],
    "d5972f1432570efe297b754cd2693d6f": [
        "C:\\Users\\wy\\Desktop\\rag\\dataset\\Allbridge20230402\\Bridge.sol",
        "Address",
        0
    ],
    "4213f1701c2999f67f11de98a51e01f6": [
        "C:\\Users\\wy\\Desktop\\rag\\dataset\\Allbridge20230402\\Bridge.sol",
        "Address",
        0
    ],
    "9bd9227b4301edafa41944a5a4cc096d": [
        "C:\\Users\\wy\\Desktop\\rag\\dataset\\Allbridge20230402\\Bridge.sol",
        "Address",
        0
    ],
    "3deb235bd39105633ff4aa02a367005e": [
        "C:\\Users\\wy\\Desktop\\rag\\dataset\\Allbridge20230402\\Bridge.sol",
        "Address",
        0
    ],
    "e318cf9d6fc0d1d8455ee479a7548ba2": [
        "C:\\Users\\wy\\Desktop\\rag\\dataset\\Allbridge20230402\\Bridge.sol",
        "Address",
        0
    ],
    "e5ef5c80e3f7edacb669876c8d0bdeda": [
        "C:\\Users\\wy\\Desktop\\rag\\dataset\\Allbridge20230402\\Bridge.sol",
        "Address",
        0
    ],
    "994685aae3cda8dbbf0ffec7f803d344": [
        "C:\\Users\\wy\\Desktop\\rag\\dataset\\Allbridge20230402\\Bridge.sol",
        "Address",
        0
    ],
    "ecc83687edc03f1dbae68952e8efe2c3": [
        "C:\\Users\\wy\\Desktop\\rag\\dataset\\Allbridge20230402\\Bridge.sol",
        "Address",
        0
    ],
    "219660ec0d55ecb352a5cec40b996f90": [
        "C:\\Users\\wy\\Desktop\\rag\\dataset\\Allbridge20230402\\Bridge.sol",
        "Address",
        0
    ],
    "7bd3e0c4b0038fdfdd3c32bfa76e6e64": [
        "C:\\Users\\wy\\Desktop\\rag\\dataset\\Allbridge20230402\\Bridge.sol",
        "Address",
        0
    ],
    "595b1e5bcf25838a84e8abc3e73dc129": [
        "C:\\Users\\wy\\Desktop\\rag\\dataset\\Allbridge20230402\\Bridge.sol",
        "Address",
        0
    ],
    "bbc9884216fd41f84a3992818f5d5fee": [
        "C:\\Users\\wy\\Desktop\\rag\\dataset\\Allbridge20230402\\Bridge.sol",
        "SafeERC20",
        0
    ],
    "9eb9618f71dfee4a30771f1023a3d8e5": [
        "C:\\Users\\wy\\Desktop\\rag\\dataset\\Allbridge20230402\\Bridge.sol",
        "SafeERC20",
        0
    ],
    "c2bd582892198b8539dd21a42c270285": [
        "C:\\Users\\wy\\Desktop\\rag\\dataset\\Allbridge20230402\\Bridge.sol",
        "SafeERC20",
        0
    ],
    "283c693a22bba694a515167c6ad409c7": [
        "C:\\Users\\wy\\Desktop\\rag\\dataset\\Allbridge20230402\\Bridge.sol",
        "SafeERC20",
        0
    ],
    "03cdf989058dd62b884101feaff7d1d8": [
        "C:\\Users\\wy\\Desktop\\rag\\dataset\\Allbridge20230402\\Bridge.sol",
        "SafeERC20",
        0
    ],
    "0140feae353e3ccf05432f452224abe7": [
        "C:\\Users\\wy\\Desktop\\rag\\dataset\\Allbridge20230402\\Bridge.sol",
        "SafeERC20",
        0
    ],
    "3255af138c94ef435c7b1a72a5640b11": [
        "C:\\Users\\wy\\Desktop\\rag\\dataset\\Allbridge20230402\\Bridge.sol",
        "SafeERC20",
        0
    ],
    "b584abd0b7f50934d10d32072fbe1a94": [
        "C:\\Users\\wy\\Desktop\\rag\\dataset\\Allbridge20230402\\Bridge.sol",
        "Math",
        0
    ],
    "97ac6427d500c267e7e4b602d5f627f9": [
        "C:\\Users\\wy\\Desktop\\rag\\dataset\\Allbridge20230402\\Bridge.sol",
        "Math",
        0
    ],
    "d3aea1791eb19968b37838a8a7acf85d": [
        "C:\\Users\\wy\\Desktop\\rag\\dataset\\Allbridge20230402\\Bridge.sol",
        "Math",
        0
    ],
    "d35eb45b0cbfbbb13f6a42b2682611eb": [
        "C:\\Users\\wy\\Desktop\\rag\\dataset\\Allbridge20230402\\Bridge.sol",
        "Math",
        0
    ],
    "f838e58f17aac489cef6179b4923fb90": [
        "C:\\Users\\wy\\Desktop\\rag\\dataset\\Allbridge20230402\\Bridge.sol",
        "Math",
        0
    ],
    "c1a459fd412ee746ef11b6840ec97867": [
        "C:\\Users\\wy\\Desktop\\rag\\dataset\\Allbridge20230402\\Bridge.sol",
        "Math",
        0
    ],
    "cc4e85403e1b2aceb7800dad32e430bc": [
        "C:\\Users\\wy\\Desktop\\rag\\dataset\\Allbridge20230402\\Bridge.sol",
        "Math",
        0
    ],
    "31ce8a62c5361b016e1dae8a2eb3f1e3": [
        "C:\\Users\\wy\\Desktop\\rag\\dataset\\Allbridge20230402\\Bridge.sol",
        "Math",
        0
    ],
    "9daccc054707b43628291c1f7457d636": [
        "C:\\Users\\wy\\Desktop\\rag\\dataset\\Allbridge20230402\\Bridge.sol",
        "SafeCast",
        0
    ],
    "02e3003caf2ec6610696b41c36847d85": [
        "C:\\Users\\wy\\Desktop\\rag\\dataset\\Allbridge20230402\\Bridge.sol",
        "SafeCast",
        0
    ],
    "73ffd6cc3a561c07921505c444701765": [
        "C:\\Users\\wy\\Desktop\\rag\\dataset\\Allbridge20230402\\Bridge.sol",
        "SafeCast",
        0
    ],
    "16e0889064ea37c3940d6fc66f212a87": [
        "C:\\Users\\wy\\Desktop\\rag\\dataset\\Allbridge20230402\\Bridge.sol",
        "SafeCast",
        0
    ],
    "dc0fcc9042cc0fc867d00e3b58490436": [
        "C:\\Users\\wy\\Desktop\\rag\\dataset\\Allbridge20230402\\Bridge.sol",
        "SafeCast",
        0
    ],
    "3909870959b7f79c45ca8b44c31bee4f": [
        "C:\\Users\\wy\\Desktop\\rag\\dataset\\Allbridge20230402\\Bridge.sol",
        "SafeCast",
        0
    ],
    "636af14b9cd07fc8ab6ed9e4db6cf70e": [
        "C:\\Users\\wy\\Desktop\\rag\\dataset\\Allbridge20230402\\Bridge.sol",
        "SafeCast",
        0
    ],
    "dc65b390c3594e064f335705297eb620": [
        "C:\\Users\\wy\\Desktop\\rag\\dataset\\Allbridge20230402\\Bridge.sol",
        "SafeCast",
        0
    ],
    "43178134ee2af2350e25aede18d2b5bc": [
        "C:\\Users\\wy\\Desktop\\rag\\dataset\\Allbridge20230402\\Bridge.sol",
        "SafeCast",
        0
    ],
    "63ad2efa5cba801c12b124f8a2597dd7": [
        "C:\\Users\\wy\\Desktop\\rag\\dataset\\Allbridge20230402\\Bridge.sol",
        "SafeCast",
        0
    ],
    "807e3d31dcdc8e3101453251ea55f203": [
        "C:\\Users\\wy\\Desktop\\rag\\dataset\\Allbridge20230402\\Bridge.sol",
        "SafeCast",
        0
    ],
    "a8045544c7b2904589ab8f6fe2b170a3": [
        "C:\\Users\\wy\\Desktop\\rag\\dataset\\Allbridge20230402\\Bridge.sol",
        "SafeCast",
        0
    ],
    "2ba3b1a70d6e57ac6ecadebc34e82196": [
        "C:\\Users\\wy\\Desktop\\rag\\dataset\\Allbridge20230402\\Bridge.sol",
        "SafeCast",
        0
    ],
    "3dc4b78575196328d2e1e252d58937db": [
        "C:\\Users\\wy\\Desktop\\rag\\dataset\\Allbridge20230402\\Bridge.sol",
        "SafeCast",
        0
    ],
    "0995a51502f5195291b28ed43fa36ba4": [
        "C:\\Users\\wy\\Desktop\\rag\\dataset\\Allbridge20230402\\Bridge.sol",
        "SafeCast",
        0
    ],
    "c0496a85ff227bd0e1bf67d9ca914e5f": [
        "C:\\Users\\wy\\Desktop\\rag\\dataset\\Allbridge20230402\\Bridge.sol",
        "SafeCast",
        0
    ],
    "adfb48be8939aaf65619e8b8b8bb6705": [
        "C:\\Users\\wy\\Desktop\\rag\\dataset\\Allbridge20230402\\Bridge.sol",
        "SafeCast",
        0
    ],
    "d5d664f6b9b08b2c7fb2142931a277a9": [
        "C:\\Users\\wy\\Desktop\\rag\\dataset\\Allbridge20230402\\Bridge.sol",
        "SafeCast",
        0
    ],
    "d81f852e4d32069501ba5bb6e5626400": [
        "C:\\Users\\wy\\Desktop\\rag\\dataset\\Allbridge20230402\\Bridge.sol",
        "SafeCast",
        0
    ],
    "3bc22daa9e0f85173c0e9d7431e80d74": [
        "C:\\Users\\wy\\Desktop\\rag\\dataset\\Allbridge20230402\\Bridge.sol",
        "SafeCast",
        0
    ],
    "e8c2fc4b0f4f1b55fe3d8c72f720ca53": [
        "C:\\Users\\wy\\Desktop\\rag\\dataset\\Allbridge20230402\\Bridge.sol",
        "SafeCast",
        0
    ],
    "0382eb3a4f1bfb8ccba071356978f3fe": [
        "C:\\Users\\wy\\Desktop\\rag\\dataset\\Allbridge20230402\\Bridge.sol",
        "SafeCast",
        0
    ],
    "c880dd9766b46695db1af3b48e6c5a54": [
        "C:\\Users\\wy\\Desktop\\rag\\dataset\\Allbridge20230402\\Bridge.sol",
        "SafeCast",
        0
    ],
    "7b32bd1948fd63455cb3230d4a7fcdd9": [
        "C:\\Users\\wy\\Desktop\\rag\\dataset\\Allbridge20230402\\Bridge.sol",
        "SafeCast",
        0
    ],
    "eb0a12fd3294025509bdd75f8fb97954": [
        "C:\\Users\\wy\\Desktop\\rag\\dataset\\Allbridge20230402\\Bridge.sol",
        "SafeCast",
        0
    ],
    "18df939fafacb582bf0399b03374f315": [
        "C:\\Users\\wy\\Desktop\\rag\\dataset\\Allbridge20230402\\Bridge.sol",
        "SafeCast",
        0
    ],
    "17d2f57f3539105dd5a4eeb777732146": [
        "C:\\Users\\wy\\Desktop\\rag\\dataset\\Allbridge20230402\\Bridge.sol",
        "SafeCast",
        0
    ],
    "7c494b70aa3cc278a52a0afc3a96e737": [
        "C:\\Users\\wy\\Desktop\\rag\\dataset\\Allbridge20230402\\Bridge.sol",
        "SafeCast",
        0
    ],
    "b2e7d6086e055bff7687b9cfe20bb731": [
        "C:\\Users\\wy\\Desktop\\rag\\dataset\\Allbridge20230402\\Bridge.sol",
        "SafeCast",
        0
    ],
    "f19943783b6d29966d655561cbdd6ac8": [
        "C:\\Users\\wy\\Desktop\\rag\\dataset\\Allbridge20230402\\Bridge.sol",
        "SafeCast",
        0
    ],
    "78648a8e7ebafef46430585b5afd3040": [
        "C:\\Users\\wy\\Desktop\\rag\\dataset\\Allbridge20230402\\Bridge.sol",
        "SafeCast",
        0
    ],
    "a2a69f5cf9062fee30b150c609117a71": [
        "C:\\Users\\wy\\Desktop\\rag\\dataset\\Allbridge20230402\\Bridge.sol",
        "SafeCast",
        0
    ],
    "7f873dfdd23b3e69b6e1f256f67645dd": [
        "C:\\Users\\wy\\Desktop\\rag\\dataset\\Allbridge20230402\\Bridge.sol",
        "SafeCast",
        0
    ],
    "6a3781b963a9e1dc5de438c470079481": [
        "C:\\Users\\wy\\Desktop\\rag\\dataset\\Allbridge20230402\\Bridge.sol",
        "SafeCast",
        0
    ],
    "cdef829d0fef53a79eed443025e7964a": [
        "C:\\Users\\wy\\Desktop\\rag\\dataset\\Allbridge20230402\\Bridge.sol",
        "SafeCast",
        0
    ],
    "abc0bf60a42d73076142b65c8b2dfa55": [
        "C:\\Users\\wy\\Desktop\\rag\\dataset\\Allbridge20230402\\Bridge.sol",
        "SafeCast",
        0
    ],
    "bf138cac73b6f75580769a57d8805f3e": [
        "C:\\Users\\wy\\Desktop\\rag\\dataset\\Allbridge20230402\\Bridge.sol",
        "SafeCast",
        0
    ],
    "0d3e2e4e5f7d34a35f8f8fb3cd0771f2": [
        "C:\\Users\\wy\\Desktop\\rag\\dataset\\Allbridge20230402\\Bridge.sol",
        "SafeCast",
        0
    ],
    "2d33fdc7b3b526532f7c3097ce35f979": [
        "C:\\Users\\wy\\Desktop\\rag\\dataset\\Allbridge20230402\\Bridge.sol",
        "SafeCast",
        0
    ],
    "73c3ad5f4adcd9f9246e7b9756e0e972": [
        "C:\\Users\\wy\\Desktop\\rag\\dataset\\Allbridge20230402\\Bridge.sol",
        "SafeCast",
        0
    ],
    "515315cf385f49543f8ca142831ea9fc": [
        "C:\\Users\\wy\\Desktop\\rag\\dataset\\Allbridge20230402\\Bridge.sol",
        "SafeCast",
        0
    ],
    "0698ff18c09b2702e32180f4a6bae2f9": [
        "C:\\Users\\wy\\Desktop\\rag\\dataset\\Allbridge20230402\\Bridge.sol",
        "SafeCast",
        0
    ],
    "45207f8f4b10e0e377e073434a3fb2dc": [
        "C:\\Users\\wy\\Desktop\\rag\\dataset\\Allbridge20230402\\Bridge.sol",
        "SafeCast",
        0
    ],
    "9bc134850bbbc5068497b6f9529ae311": [
        "C:\\Users\\wy\\Desktop\\rag\\dataset\\Allbridge20230402\\Bridge.sol",
        "SafeCast",
        0
    ],
    "f40deec7d648fb734eadbd8356bf057b": [
        "C:\\Users\\wy\\Desktop\\rag\\dataset\\Allbridge20230402\\Bridge.sol",
        "SafeCast",
        0
    ],
    "a1b88b0e340ae6de2a34ddcb431afa18": [
        "C:\\Users\\wy\\Desktop\\rag\\dataset\\Allbridge20230402\\Bridge.sol",
        "SafeCast",
        0
    ],
    "6445a6219a14ecb6f3ba69784792ba7b": [
        "C:\\Users\\wy\\Desktop\\rag\\dataset\\Allbridge20230402\\Bridge.sol",
        "SafeCast",
        0
    ],
    "68dacbf53a05f75827511974b570d077": [
        "C:\\Users\\wy\\Desktop\\rag\\dataset\\Allbridge20230402\\Bridge.sol",
        "SafeCast",
        0
    ],
    "262f5dba4ff21c3c7b95f7182e18fa6c": [
        "C:\\Users\\wy\\Desktop\\rag\\dataset\\Allbridge20230402\\Bridge.sol",
        "SafeCast",
        0
    ],
    "74c52828b97cdef2f50eb8aae4777990": [
        "C:\\Users\\wy\\Desktop\\rag\\dataset\\Allbridge20230402\\Bridge.sol",
        "SafeCast",
        0
    ],
    "d90909858fbd1c24a63d2a38809d3eb4": [
        "C:\\Users\\wy\\Desktop\\rag\\dataset\\Allbridge20230402\\Bridge.sol",
        "SafeCast",
        0
    ],
    "718a2fc1935ce10715c9e7e814f2c0d2": [
        "C:\\Users\\wy\\Desktop\\rag\\dataset\\Allbridge20230402\\Bridge.sol",
        "SafeCast",
        0
    ],
    "6425571ca82dbb4c331347c16babd676": [
        "C:\\Users\\wy\\Desktop\\rag\\dataset\\Allbridge20230402\\Bridge.sol",
        "SafeCast",
        0
    ],
    "659059b73ef3f0a04b5648190b2ecadf": [
        "C:\\Users\\wy\\Desktop\\rag\\dataset\\Allbridge20230402\\Bridge.sol",
        "SafeCast",
        0
    ],
    "9f65268b432ef4146995bef6e706684d": [
        "C:\\Users\\wy\\Desktop\\rag\\dataset\\Allbridge20230402\\Bridge.sol",
        "SafeCast",
        0
    ],
    "943603aae82179c3f177e043d6f30743": [
        "C:\\Users\\wy\\Desktop\\rag\\dataset\\Allbridge20230402\\Bridge.sol",
        "SafeCast",
        0
    ],
    "d64d6ec39dcf9705368fa8eb59e1da73": [
        "C:\\Users\\wy\\Desktop\\rag\\dataset\\Allbridge20230402\\Bridge.sol",
        "SafeCast",
        0
    ],
    "b046ae4f087fd3be9d3de0cf7e10cb05": [
        "C:\\Users\\wy\\Desktop\\rag\\dataset\\Allbridge20230402\\Bridge.sol",
        "SafeCast",
        0
    ],
    "1d99ab76a7ffabbd7f1f70f39cf4eeab": [
        "C:\\Users\\wy\\Desktop\\rag\\dataset\\Allbridge20230402\\Bridge.sol",
        "SafeCast",
        0
    ],
    "0157ced7ebda67cceceb25b0c1ae32e1": [
        "C:\\Users\\wy\\Desktop\\rag\\dataset\\Allbridge20230402\\Bridge.sol",
        "SafeCast",
        0
    ],
    "98b54e0bdcf45e982e5c218f2c14ed4a": [
        "C:\\Users\\wy\\Desktop\\rag\\dataset\\Allbridge20230402\\Bridge.sol",
        "SafeCast",
        0
    ],
    "30d0b75830c9171d26e4bf97817dcdea": [
        "C:\\Users\\wy\\Desktop\\rag\\dataset\\Allbridge20230402\\Bridge.sol",
        "SafeCast",
        0
    ],
    "0bb8f62138b9aaa1cc98a90f987b644c": [
        "C:\\Users\\wy\\Desktop\\rag\\dataset\\Allbridge20230402\\Bridge.sol",
        "SafeCast",
        0
    ],
    "63ee91ae3be7d597b1d4e06993eaf8c9": [
        "C:\\Users\\wy\\Desktop\\rag\\dataset\\Allbridge20230402\\Bridge.sol",
        "SafeCast",
        0
    ],
    "80d331c08649ed5dd63897bf0b00a3c6": [
        "C:\\Users\\wy\\Desktop\\rag\\dataset\\Allbridge20230402\\Bridge.sol",
        "RewardManager",
        0
    ],
    "e96881d5c86c05abeed6c1c34042544a": [
        "C:\\Users\\wy\\Desktop\\rag\\dataset\\Allbridge20230402\\Bridge.sol",
        "RewardManager",
        0
    ],
    "5e1ed1b6214038cc1f9548a53e6ef58c": [
        "C:\\Users\\wy\\Desktop\\rag\\dataset\\Allbridge20230402\\Bridge.sol",
        "RewardManager",
        0
    ],
    "ccc45450cf1f5220a61896566154d472": [
        "C:\\Users\\wy\\Desktop\\rag\\dataset\\Allbridge20230402\\Bridge.sol",
        "RewardManager",
        0
    ],
    "00ef2cf7e50c75c7cb242ab5d814f80a": [
        "C:\\Users\\wy\\Desktop\\rag\\dataset\\Allbridge20230402\\Bridge.sol",
        "RewardManager",
        0
    ],
    "c08ad5870224b71cfd8add04d1b3f544": [
        "C:\\Users\\wy\\Desktop\\rag\\dataset\\Allbridge20230402\\Bridge.sol",
        "Pool",
        0
    ],
    "dd69ff1c65d98f7fae22d3c3b6a64fed": [
        "C:\\Users\\wy\\Desktop\\rag\\dataset\\Allbridge20230402\\Bridge.sol",
        "Pool",
        0
    ],
    "a0ef2be32b8f760715b2dcc794b00a79": [
        "C:\\Users\\wy\\Desktop\\rag\\dataset\\Allbridge20230402\\Bridge.sol",
        "Pool",
        0
    ],
    "43efd67f708271f35c369363537e7d76": [
        "C:\\Users\\wy\\Desktop\\rag\\dataset\\Allbridge20230402\\Bridge.sol",
        "Pool",
        0
    ],
    "7f6414c03d14dfa63c06fbbff8e31742": [
        "C:\\Users\\wy\\Desktop\\rag\\dataset\\Allbridge20230402\\Bridge.sol",
        "Pool",
        0
    ],
    "2b44a961caae00ef043c7089a3aa4d07": [
        "C:\\Users\\wy\\Desktop\\rag\\dataset\\Allbridge20230402\\Bridge.sol",
        "Pool",
        0
    ],
    "28f22bc56bb4c4f3fb38e45a494d21fa": [
        "C:\\Users\\wy\\Desktop\\rag\\dataset\\Allbridge20230402\\Bridge.sol",
        "Pool",
        0
    ],
    "ff1a596999192cd0d97db811aac71b7f": [
        "C:\\Users\\wy\\Desktop\\rag\\dataset\\Allbridge20230402\\Bridge.sol",
        "Pool",
        0
    ],
    "d3aa3bf96bd940e4f26539106aac9f6c": [
        "C:\\Users\\wy\\Desktop\\rag\\dataset\\Allbridge20230402\\Bridge.sol",
        "Pool",
        0
    ],
    "2f9623208f72910972e7feab2dd5aaee": [
        "C:\\Users\\wy\\Desktop\\rag\\dataset\\Allbridge20230402\\Bridge.sol",
        "Pool",
        0
    ],
    "870d83d87bb3cb180d88e791dfb0a958": [
        "C:\\Users\\wy\\Desktop\\rag\\dataset\\Allbridge20230402\\Bridge.sol",
        "Pool",
        0
    ],
    "66a4eeae47bf9712b9816495a15a411d": [
        "C:\\Users\\wy\\Desktop\\rag\\dataset\\Allbridge20230402\\Bridge.sol",
        "Pool",
        1
    ],
    "803e54c8659326174c6afdbc295773ce": [
        "C:\\Users\\wy\\Desktop\\rag\\dataset\\Allbridge20230402\\Bridge.sol",
        "IRouter",
        0
    ],
    "fd5c2c069e5706d9e35f11d45b34f11e": [
        "C:\\Users\\wy\\Desktop\\rag\\dataset\\Allbridge20230402\\Bridge.sol",
        "Router",
        0
    ],
    "0c46eed3a77e9cc5c0cafc5a02063139": [
        "C:\\Users\\wy\\Desktop\\rag\\dataset\\Allbridge20230402\\Bridge.sol",
        "Router",
        0
    ],
    "f22c747b5446bd30cfad3387b6946c9a": [
        "C:\\Users\\wy\\Desktop\\rag\\dataset\\Allbridge20230402\\Bridge.sol",
        "Router",
        0
    ],
    "885933e239dd7412934ef7d6e74232bb": [
        "C:\\Users\\wy\\Desktop\\rag\\dataset\\Allbridge20230402\\Bridge.sol",
        "Router",
        0
    ],
    "1f14c4ffe81cd73d76f29def68c892d0": [
        "C:\\Users\\wy\\Desktop\\rag\\dataset\\Allbridge20230402\\Bridge.sol",
        "Router",
        0
    ],
    "ec035fd86a96baf506cbe49a71f16d42": [
        "C:\\Users\\wy\\Desktop\\rag\\dataset\\Allbridge20230402\\Bridge.sol",
        "IWormhole",
        0
    ],
    "4b3b290723a059ac06d593edf3cb8619": [
        "C:\\Users\\wy\\Desktop\\rag\\dataset\\Allbridge20230402\\Bridge.sol",
        "IWormhole",
        0
    ],
    "192cdde5541bfbe808a58787d69bd786": [
        "C:\\Users\\wy\\Desktop\\rag\\dataset\\Allbridge20230402\\Bridge.sol",
        "IWormhole",
        0
    ],
    "5941df5b856991355180c18ded8c2e0f": [
        "C:\\Users\\wy\\Desktop\\rag\\dataset\\Allbridge20230402\\Bridge.sol",
        "IWormhole",
        0
    ],
    "62ad13e2c7922916baeb607f60b7bf6b": [
        "C:\\Users\\wy\\Desktop\\rag\\dataset\\Allbridge20230402\\Bridge.sol",
        "IWormhole",
        0
    ],
    "0d4ae09e7b44d0437a8b159989887e09": [
        "C:\\Users\\wy\\Desktop\\rag\\dataset\\Allbridge20230402\\Bridge.sol",
        "IWormhole",
        0
    ],
    "f9856ab731dbe6a1f680161fd333112f": [
        "C:\\Users\\wy\\Desktop\\rag\\dataset\\Allbridge20230402\\Bridge.sol",
        "IWormhole",
        0
    ],
    "c6ec5515b1bed18396b93bd2a4283d54": [
        "C:\\Users\\wy\\Desktop\\rag\\dataset\\Allbridge20230402\\Bridge.sol",
        "IWormhole",
        0
    ],
    "7dfe07c727955b6df811ee7aa54b80de": [
        "C:\\Users\\wy\\Desktop\\rag\\dataset\\Allbridge20230402\\Bridge.sol",
        "IWormhole",
        0
    ],
    "831e0dba365ebbaed47bfc7d768fa944": [
        "C:\\Users\\wy\\Desktop\\rag\\dataset\\Allbridge20230402\\Bridge.sol",
        "IWormhole",
        0
    ],
    "7680264d17c88d9aa49cecd985f37a52": [
        "C:\\Users\\wy\\Desktop\\rag\\dataset\\Allbridge20230402\\Bridge.sol",
        "IWormhole",
        0
    ],
    "ad793e53799552d5dbde2456911c61af": [
        "C:\\Users\\wy\\Desktop\\rag\\dataset\\Allbridge20230402\\Bridge.sol",
        "IWormhole",
        0
    ],
    "9719d2ab83219516a1d7675846097c2b": [
        "C:\\Users\\wy\\Desktop\\rag\\dataset\\Allbridge20230402\\Bridge.sol",
        "IWormhole",
        0
    ],
    "f6651ca68ef21a03775aa7c2b78d458e": [
        "C:\\Users\\wy\\Desktop\\rag\\dataset\\Allbridge20230402\\Bridge.sol",
        "IWormhole",
        0
    ],
    "9206c26cc20e39e2f054185ff9262e69": [
        "C:\\Users\\wy\\Desktop\\rag\\dataset\\Allbridge20230402\\Bridge.sol",
        "IGasOracle",
        0
    ],
    "6949ee45fd8ab6fd6e3e6cb278b14888": [
        "C:\\Users\\wy\\Desktop\\rag\\dataset\\Allbridge20230402\\Bridge.sol",
        "IGasOracle",
        0
    ],
    "d18a3f7daf1b93f976ecacbbf582f5c6": [
        "C:\\Users\\wy\\Desktop\\rag\\dataset\\Allbridge20230402\\Bridge.sol",
        "IMessenger",
        0
    ],
    "68ce806ed134ca3bdcbff86a1cbf1d4c": [
        "C:\\Users\\wy\\Desktop\\rag\\dataset\\Allbridge20230402\\Bridge.sol",
        "IMessenger",
        0
    ],
    "40edb5884ed5d53ebc7bd4f29f889370": [
        "C:\\Users\\wy\\Desktop\\rag\\dataset\\Allbridge20230402\\Bridge.sol",
        "IMessenger",
        0
    ],
    "ae767563326d8c9680f2f6be05213d98": [
        "C:\\Users\\wy\\Desktop\\rag\\dataset\\Allbridge20230402\\Bridge.sol",
        "IMessenger",
        0
    ],
    "91f99202c88c04afbd7095a58f1f5725": [
        "C:\\Users\\wy\\Desktop\\rag\\dataset\\Allbridge20230402\\Bridge.sol",
        "GasUsage",
        0
    ],
    "09c6f386fa3f3402dba95fcbec5ae78c": [
        "C:\\Users\\wy\\Desktop\\rag\\dataset\\Allbridge20230402\\Bridge.sol",
        "GasUsage",
        0
    ],
    "5c6e2024e62f5d6ac976b3db8477a343": [
        "C:\\Users\\wy\\Desktop\\rag\\dataset\\Allbridge20230402\\Bridge.sol",
        "GasUsage",
        0
    ],
    "d6a6d2a71d32cf1871e8ed9a7a3694c6": [
        "C:\\Users\\wy\\Desktop\\rag\\dataset\\Allbridge20230402\\Bridge.sol",
        "GasUsage",
        0
    ],
    "06766ba25aca5e3870ba9ae39d92e1cd": [
        "C:\\Users\\wy\\Desktop\\rag\\dataset\\Allbridge20230402\\Bridge.sol",
        "GasOracle",
        0
    ],
    "0ee4fa63706a9554a2190a67b8fa46e0": [
        "C:\\Users\\wy\\Desktop\\rag\\dataset\\Allbridge20230402\\Bridge.sol",
        "HashUtils",
        0
    ],
    "fc3e52ce3682b4c96225d4708e55d0d7": [
        "C:\\Users\\wy\\Desktop\\rag\\dataset\\Allbridge20230402\\Bridge.sol",
        "HashUtils",
        0
    ],
    "b7a369a5df274ca0393266fefbfc7945": [
        "C:\\Users\\wy\\Desktop\\rag\\dataset\\Allbridge20230402\\Bridge.sol",
        "HashUtils",
        0
    ],
    "2b64953d205b5786eff14d7dfed9b500": [
        "C:\\Users\\wy\\Desktop\\rag\\dataset\\Allbridge20230402\\Bridge.sol",
        "HashUtils",
        0
    ],
    "daf0cc7b8b6d7ee4bba496867a910fee": [
        "C:\\Users\\wy\\Desktop\\rag\\dataset\\Allbridge20230402\\Bridge.sol",
        "WormholeMessenger",
        0
    ],
    "e06c725ca982e264b71ef43cd139f38b": [
        "C:\\Users\\wy\\Desktop\\rag\\dataset\\Allbridge20230402\\Bridge.sol",
        "WormholeMessenger",
        0
    ],
    "26d45f548f26e4f506df179445fa840a": [
        "C:\\Users\\wy\\Desktop\\rag\\dataset\\Allbridge20230402\\Bridge.sol",
        "WormholeMessenger",
        0
    ],
    "ea73debafa55f3a3f09120399721e156": [
        "C:\\Users\\wy\\Desktop\\rag\\dataset\\Allbridge20230402\\Bridge.sol",
        "WormholeMessenger",
        0
    ],
    "c9fb9011cc00342c4803869e6c54ad5c": [
        "C:\\Users\\wy\\Desktop\\rag\\dataset\\Allbridge20230402\\Bridge.sol",
        "WormholeMessenger",
        0
    ],
    "d16b9cc711daba06e3826e38551ef2dc": [
        "C:\\Users\\wy\\Desktop\\rag\\dataset\\Allbridge20230402\\Bridge.sol",
        "WormholeMessenger",
        0
    ],
    "8f69198c4c721493b184d868d4b29441": [
        "C:\\Users\\wy\\Desktop\\rag\\dataset\\Allbridge20230402\\Bridge.sol",
        "WormholeMessenger",
        0
    ],
    "8d1f536e69926e8b0c9c421956a55a0e": [
        "C:\\Users\\wy\\Desktop\\rag\\dataset\\Allbridge20230402\\Bridge.sol",
        "Messenger",
        0
    ],
    "cc2be922bc864bd61ee2bc7f942fee5f": [
        "C:\\Users\\wy\\Desktop\\rag\\dataset\\Allbridge20230402\\Bridge.sol",
        "Messenger",
        0
    ],
    "16a9c2c7f75d95cf1182268863604c2c": [
        "C:\\Users\\wy\\Desktop\\rag\\dataset\\Allbridge20230402\\Bridge.sol",
        "Messenger",
        0
    ],
    "0804a49fb06850e999ea41bfa76e7e17": [
        "C:\\Users\\wy\\Desktop\\rag\\dataset\\Allbridge20230402\\Bridge.sol",
        "Messenger",
        0
    ],
    "fa9a9843fed0fdbf57c92c96b589a0e1": [
        "C:\\Users\\wy\\Desktop\\rag\\dataset\\Allbridge20230402\\Bridge.sol",
        "Messenger",
        0
    ],
    "b6ec0c53f50cf1e4e1c9acfbc5dd1633": [
        "C:\\Users\\wy\\Desktop\\rag\\dataset\\Allbridge20230402\\Bridge.sol",
        "MessengerGateway",
        0
    ],
    "2f4ce3a5e322bed04fbaa2a8e31ef6f3": [
        "C:\\Users\\wy\\Desktop\\rag\\dataset\\Allbridge20230402\\Bridge.sol",
        "MessengerGateway",
        0
    ],
    "988f0c6cee1f8f916ece894f07bd5e6c": [
        "C:\\Users\\wy\\Desktop\\rag\\dataset\\Allbridge20230402\\Bridge.sol",
        "MessengerGateway",
        0
    ],
    "a2172e93a44f20a1cc70a2fc35acdd94": [
        "C:\\Users\\wy\\Desktop\\rag\\dataset\\Allbridge20230402\\Bridge.sol",
        "MessengerGateway",
        0
    ],
    "d867cccb1e65a7fb91493aa2ebda0502": [
        "C:\\Users\\wy\\Desktop\\rag\\dataset\\Allbridge20230402\\Bridge.sol",
        "MessengerGateway",
        0
    ],
    "e383394a625986dab2c4cb5d059d6768": [
        "C:\\Users\\wy\\Desktop\\rag\\dataset\\Allbridge20230402\\Bridge.sol",
        "MessengerGateway",
        0
    ],
    "d6391c076930f19631ee71828703a468": [
        "C:\\Users\\wy\\Desktop\\rag\\dataset\\Allbridge20230402\\Bridge.sol",
        "MessengerGateway",
        0
    ],
    "8350d26c1f3836722b10958b37fecae6": [
        "C:\\Users\\wy\\Desktop\\rag\\dataset\\Allbridge20230402\\Bridge.sol",
        "Bridge",
        0
    ],
    "698ae9058478a35fb19e9e38befad22c": [
        "C:\\Users\\wy\\Desktop\\rag\\dataset\\Allbridge20230402\\Bridge.sol",
        "Bridge",
        0
    ],
    "0c46ec8e89447762cab20fe8a3e889a9": [
        "C:\\Users\\wy\\Desktop\\rag\\dataset\\Allbridge20230402\\Bridge.sol",
        "Bridge",
        0
    ],
    "549d64ef2d187b1886d67986341f5fb8": [
        "C:\\Users\\wy\\Desktop\\rag\\dataset\\Allbridge20230402\\Bridge.sol",
        "Bridge",
        0
    ],
    "ad321f6a0af8abf002bef3dd3f59e5cd": [
        "C:\\Users\\wy\\Desktop\\rag\\dataset\\Allbridge20230402\\Bridge.sol",
        "Bridge",
        0
    ],
    "7c616c044f2bcfb1be781b85c50f430b": [
        "C:\\Users\\wy\\Desktop\\rag\\dataset\\Allbridge20230402\\Bridge.sol",
        "Bridge",
        0
    ],
    "f090cff34eb52b929e60a86ff98ca3f5": [
        "C:\\Users\\wy\\Desktop\\rag\\dataset\\Allbridge20230402\\Bridge.sol",
        "Bridge",
        0
    ],
    "1c7e96514e730fb3c596efc49d402afe": [
        "C:\\Users\\wy\\Desktop\\rag\\dataset\\Allbridge20230402\\Pool.sol",
        "RewardManager",
        0
    ],
    "4e9e778642d68eb198559ba7fc3fa7ee": [
        "C:\\Users\\wy\\Desktop\\rag\\dataset\\Allbridge20230402\\Pool.sol",
        "RewardManager",
        0
    ],
    "ab5ed5e40dbe5ffc5a76ff3f59fd6ba6": [
        "C:\\Users\\wy\\Desktop\\rag\\dataset\\Allbridge20230402\\Pool.sol",
        "RewardManager",
        0
    ],
    "ffb63cb56f304c13261e4ed56ed64b84": [
        "C:\\Users\\wy\\Desktop\\rag\\dataset\\Allbridge20230402\\Pool.sol",
        "Pool",
        0
    ],
    "4b3e098f1db244d06965a25f518e74ed": [
        "C:\\Users\\wy\\Desktop\\rag\\dataset\\Allbridge20230402\\Pool.sol",
        "Pool",
        0
    ],
    "845be3ecdbbdbaf9ed3b2e5f100d15c2": [
        "C:\\Users\\wy\\Desktop\\rag\\dataset\\Allbridge20230402\\Pool.sol",
        "Pool",
        0
    ],
    "4f1cc114664a1732f42a12a43f5d1029": [
        "C:\\Users\\wy\\Desktop\\rag\\dataset\\Allbridge20230402\\Pool.sol",
        "Pool",
        0
    ],
    "ccb32bac80243b6d2ce2ad6cf4a785a2": [
        "C:\\Users\\wy\\Desktop\\rag\\dataset\\Allbridge20230402\\WrappedToken\\Context.sol",
        "Context",
        0
    ],
    "98b540da9047ee99bce7fadde65d04b7": [
        "C:\\Users\\wy\\Desktop\\rag\\dataset\\Allbridge20230402\\WrappedToken\\IERC20.sol",
        "IERC20",
        0
    ],
    "c134d67e13a988b449de71dd226682ab": [
        "C:\\Users\\wy\\Desktop\\rag\\dataset\\Allbridge20230402\\WrappedToken\\IERC20.sol",
        "IERC20",
        0
    ],
    "31948c56feeb04e94e6fed21ad223edb": [
        "C:\\Users\\wy\\Desktop\\rag\\dataset\\Allbridge20230402\\WrappedToken\\WrappedToken.sol",
        "WrappedToken",
        0
    ],
    "70f770a099c743d1fc1196715965db4e": [
        "C:\\Users\\wy\\Desktop\\rag\\dataset\\Allbridge20230402\\WrappedToken\\WrappedToken.sol",
        "WrappedToken",
        0
    ],
    "c7f53bd121d3b8374f778c3371f3f95e": [
        "C:\\Users\\wy\\Desktop\\rag\\dataset\\Allbridge20230402\\WrappedToken\\WrappedToken.sol",
        "WrappedToken",
        0
    ],
    "8572f20ecd43eb9f02a2efc81fdc4578": [
        "C:\\Users\\wy\\Desktop\\rag\\dataset\\Allbridge20230402\\WrappedToken\\WrappedToken.sol",
        "WrappedToken",
        0
    ],
    "b002d129ce65d0f4df01da6ede3b5e4d": [
        "C:\\Users\\wy\\Desktop\\rag\\dataset\\Allbridge20230402\\WrappedToken\\WrappedToken.sol",
        "WrappedToken",
        0
    ],
    "c396c5ca1d21fa7e84c10681e8d59b07": [
        "C:\\Users\\wy\\Desktop\\rag\\dataset\\Allbridge20230402\\WrappedToken\\WrappedToken.sol",
        "WrappedToken",
        0
    ],
    "bb4ad2b782229755936696d1b68b36a4": [
        "C:\\Users\\wy\\Desktop\\rag\\dataset\\Allbridge20230402\\WrappedToken\\WrappedToken.sol",
        "WrappedToken",
        0
    ],
    "c3e34cfaf7176fb234da98e9806cd30c": [
        "C:\\Users\\wy\\Desktop\\rag\\dataset\\Allbridge20230402\\WrappedToken\\WrappedToken.sol",
        "WrappedToken",
        0
    ],
    "c55a5b1246016fdf37a661f5e7a055bc": [
        "C:\\Users\\wy\\Desktop\\rag\\dataset\\Allbridge20230402\\WrappedToken\\WrappedToken.sol",
        "WrappedToken",
        0
    ],
    "b331c72739837fa12f11982f8c38e0b5": [
        "C:\\Users\\wy\\Desktop\\rag\\dataset\\Allbridge20230402\\WrappedToken\\WrappedToken.sol",
        "WrappedToken",
        0
    ],
    "50d1e1ba3bd1f4f1bd155d6ba6d92c94": [
        "C:\\Users\\wy\\Desktop\\rag\\dataset\\Allbridge20230402\\WrappedToken\\WrappedToken.sol",
        "WrappedToken",
        0
    ],
    "7a69347dba8b80ddf14aefecacfea413": [
        "C:\\Users\\wy\\Desktop\\rag\\dataset\\Allbridge20230402\\WrappedToken\\WrappedToken.sol",
        "WrappedToken",
        0
    ],
    "253ef71dc9c070b72b4c4116772fb8cf": [
        "C:\\Users\\wy\\Desktop\\rag\\dataset\\Allbridge20230402\\WrappedToken\\WrappedToken.sol",
        "WrappedToken",
        0
    ],
    "e2239d9e745ebdf6b32c010e92a540c1": [
        "C:\\Users\\wy\\Desktop\\rag\\dataset\\Allbridge20230402\\WrappedToken\\WrappedToken.sol",
        "WrappedToken",
        0
    ],
    "e569637c46233bc3065857fbcf12f65a": [
        "C:\\Users\\wy\\Desktop\\rag\\dataset\\Allbridge20230402\\WrappedToken\\WrappedToken.sol",
        "WrappedToken",
        0
    ],
    "c2174f44f62948f6e0d2d8f2085211ad": [
        "C:\\Users\\wy\\Desktop\\rag\\dataset\\Allbridge20230402\\WrappedToken\\WrappedToken.sol",
        "WrappedToken",
        0
    ],
    "fded38cdcad8a1dc1cd492177818a7ca": [
        "C:\\Users\\wy\\Desktop\\rag\\dataset\\Allbridge20230402\\WrappedToken\\WrappedToken.sol",
        "WrappedToken",
        0
    ],
    "37a378e4bf7267e9c1372b97c2f92b17": [
        "C:\\Users\\wy\\Desktop\\rag\\dataset\\Allbridge20230402\\WrappedToken\\WrappedToken.sol",
        "WrappedToken",
        0
    ],
    "c73ffec8be8861a4433ee22a6bf25bb3": [
        "C:\\Users\\wy\\Desktop\\rag\\dataset\\Allbridge20230402\\WrappedToken\\WrappedToken.sol",
        "WrappedToken",
        0
    ],
    "f7745f15903633a0ae970d1ffac10a13": [
        "C:\\Users\\wy\\Desktop\\rag\\dataset\\Allbridge20230402\\WrappedToken\\WrappedToken.sol",
        "WrappedToken",
        0
    ],
    "bb77bef5f11610ecceeba0800cc44b56": [
        "C:\\Users\\wy\\Desktop\\rag\\dataset\\Allbridge20230402\\WrappedToken\\WrappedToken.sol",
        "WrappedToken",
        1
    ]
}