{
    "6c216aaf8fbc7fe0b0d71e90c12664c2": [
        "C:\\Users\\wy\\Desktop\\rag\\dataset\\thorchain20210723\\THORChain_Router.sol",
        "iERC20",
        0
    ],
    "3f95dcddaef548b13d618b240ab30876": [
        "C:\\Users\\wy\\Desktop\\rag\\dataset\\thorchain20210723\\THORChain_Router.sol",
        "iERC20",
        0
    ],
    "4d19caa0ab703674345a8f0a3bacfa76": [
        "C:\\Users\\wy\\Desktop\\rag\\dataset\\thorchain20210723\\THORChain_Router.sol",
        "iRUNE",
        0
    ],
    "b8fcc6a4d4235bffcf344d38c5a2ae31": [
        "C:\\Users\\wy\\Desktop\\rag\\dataset\\thorchain20210723\\THORChain_Router.sol",
        "iROUTER",
        0
    ],
    "1e6994c006078804c2e3e56ba7b7594a": [
        "C:\\Users\\wy\\Desktop\\rag\\dataset\\thorchain20210723\\THORChain_Router.sol",
        "THORChain_Router",
        0
    ],
    "5ff6be2d28701d049bde0c8ca8b4e763": [
        "C:\\Users\\wy\\Desktop\\rag\\dataset\\thorchain20210723\\THORChain_Router.sol",
        "THORChain_Router",
        0
    ],
    "ec1034f77adf2b42b0da658b2e89fc5d": [
        "C:\\Users\\wy\\Desktop\\rag\\dataset\\thorchain20210723\\THORChain_Router.sol",
        "THORChain_Router",
        0
    ],
    "2452d760f1e759846f8152a764c104bd": [
        "C:\\Users\\wy\\Desktop\\rag\\dataset\\thorchain20210723\\THORChain_Router.sol",
        "THORChain_Router",
        0
    ],
    "e65e550d9b6b976c0b02a40ed73955bb": [
        "C:\\Users\\wy\\Desktop\\rag\\dataset\\thorchain20210723\\THORChain_Router.sol",
        "THORChain_Router",
        0
    ],
    "fe84b682cb4872dbb4b21ed3ae51787b": [
        "C:\\Users\\wy\\Desktop\\rag\\dataset\\thorchain20210723\\THORChain_Router.sol",
        "THORChain_Router",
        0
    ],
    "2acae2e055c4c244b7b7aadab3461d55": [
        "C:\\Users\\wy\\Desktop\\rag\\dataset\\thorchain20210723\\THORChain_Router.sol",
        "THORChain_Router",
        0
    ],
    "25dde29dea1e70272d67742c9e40d214": [
        "C:\\Users\\wy\\Desktop\\rag\\dataset\\thorchain20210723\\THORChain_Router.sol",
        "THORChain_Router",
        0
    ],
    "37a961a1422e5eb66b5641cea4d87186": [
        "C:\\Users\\wy\\Desktop\\rag\\dataset\\thorchain20210723\\THORChain_Router.sol",
        "THORChain_Router",
        0
    ],
    "ac38ea662f9f2a9b590419b9fea7aefd": [
        "C:\\Users\\wy\\Desktop\\rag\\dataset\\thorchain20210723\\THORChain_Router.sol",
        "THORChain_Router",
        0
    ],
    "bfd26885a528af04ff7161b74f7a2107": [
        "C:\\Users\\wy\\Desktop\\rag\\dataset\\thorchain20210723\\THORChain_Router.sol",
        "THORChain_Router",
        1
    ]
}