{
    "Pool.withdraw->RewardManager._withdrawLp": {
        "step1": {
            "prompt1": "\n你是一位经验丰富的跨链协议分析专家。你的任务是将根据提供的 Solidity 代码，将指定的跨链属性映射到代码中的参数上；如果某属性在代码中找不到对应参数，则不在输出中列出该属性，如果存在多个参数对应同一属性的可能性，每个属性至多输出3种参数映射方案。请严格遵循以下定义的输入格式和输出格式：\n输入格式： 你将接收一个 JSON 对象作为输入，其结构如下： \n{\n\"attribute\": \n{ \n\"<attribute>\": \"<attribute description>\" ,\n\"<attribute>\": \"<attribute description>\",\n...\n}\n\"code\": \"...\" // Solidity 合约代码字符串 \n}\n输出格式：\n返回一个 JSON 对象数组，每项结构如下：\n[ \n{\n\"parameter\": \"...\", // 代码中最可能对应该属性的参数名\n\"attribute\": \"...\", // 输入的跨链属性 \n\"reason\": \"...\" // 简要说明：为何选择此参数，以及可能的歧义 \n}, ... \n]\nreason 中请同时指出该映射的核心依据和潜在的不确定点（例如：参数名相似度、上下文含义模糊等）。\n\n输入：\n{\n\"attribute\": {\"toChainID\": \"Specifies the destination blockchain network ID.\", \"tokenAddress\": \"Indicates the contract address of the token to be transferred.\", \"amount\": \"The number of tokens to be transferred across chains.\", \"nonce\": \"Check and mark that nonce has not been consumed to prevent replay\", \"recipientAddress\": \"The address that will receive the tokens on the destination chain.\", \"externalCallAddress\": \"The address of a contract to be called after the cross-chain transfer.\", \"externalCallFunction\": \"The specific function or calldata to be executed on the `externalCallAddress`.\", \"routerAddress\": \"The address of the cross-chain router or bridge handler.\"},\n\"code\": [\"Pool.withdraw:function withdraw(uint256 amountLp) external {\\n        uint256 totalLpAmount_ = totalLpAmount; // Gas optimization\\n\\n        _withdrawLp(msg.sender, amountLp);\\n\\n        // Calculate actual and virtual tokens using burned LP amount share\\n        // Swap the difference, get total amount to transfer/burn\\n        uint256 amountSP = _preWithdrawSwap(\\n            tokenBalance * amountLp / totalLpAmount_, \\n            vUsdBalance * amountLp / totalLpAmount_\\n        );\\n\\n        // Always equal amounts removed from actual and virtual tokens\\n        tokenBalance -= amountSP;\\n        vUsdBalance -= amountSP;\\n        \\n        // Update D and transfer tokens to the sender\\n        _updateD();\\n        token.safeTransfer(msg.sender, fromSystemPrecision(amountSP));\\n    }\", \"RewardManager._withdrawLp:function _withdrawLp(address from, uint256 lpAmount) internal {\\n        UserInfo storage user = userInfo[from];\\n        uint256 userLpAmount_ = user.lpAmount; // Gas optimization\\n        require(userLpAmount_ >= lpAmount, \\\"RewardManager: not enough amount\\\");\\n        uint256 pending;\\n        if (userLpAmount_ > 0) {\\n            pending = ((userLpAmount_ * accRewardPerShareP) >> P) - user.rewardDebt;\\n        }\\n        totalLpAmount -= lpAmount;\\n        userLpAmount_ -= lpAmount;\\n        user.lpAmount = userLpAmount_;\\n        user.rewardDebt = (userLpAmount_ * accRewardPerShareP) >> P;\\n        if (pending > 0) {\\n            token.safeTransfer(from, pending);\\n            emit RewardsClaimed(from, pending);    \\n        }\\n        emit Withdraw(from, lpAmount);\\n    }\", \"SafeERC20.safeTransfer:function safeTransfer(\\n        IERC20 token,\\n        address to,\\n        uint256 value\\n    ) internal {\\n        _callOptionalReturn(token, abi.encodeWithSelector(token.transfer.selector, to, value));\\n    }\", \"SafeERC20.safeTransfer:function safeTransfer(\\n        IERC20 token,\\n        address to,\\n        uint256 value\\n    ) internal {\\n        _callOptionalReturn(token, abi.encodeWithSelector(token.transfer.selector, to, value));\\n    }\", \"SafeERC20.safeTransfer:function safeTransfer(\\n        IERC20 token,\\n        address to,\\n        uint256 value\\n    ) internal {\\n        _callOptionalReturn(token, abi.encodeWithSelector(token.transfer.selector, to, value));\\n    }\", \"SafeERC20.safeTransfer:function safeTransfer(\\n        IERC20 token,\\n        address to,\\n        uint256 value\\n    ) internal {\\n        _callOptionalReturn(token, abi.encodeWithSelector(token.transfer.selector, to, value));\\n    }\", \"Pool._preWithdrawSwap:function _preWithdrawSwap(uint256 amountToken, uint256 amountVUsd) internal view returns (uint256) {\\n        if (amountToken > amountVUsd) {\\n            uint256 extraToken;\\n            // We can use unchecked here because amountToken > amountVUsd\\n            unchecked {\\n                extraToken = (amountToken - amountVUsd) >> 1;\\n            }\\n            uint256 extraVUsd = vUsdBalance - this.getY(tokenBalance + extraToken);\\n            unchecked {\\n                return Math.min(amountToken - extraToken, amountVUsd + extraVUsd);\\n            }\\n        } else {\\n            uint256 extraVUsd;\\n            // We can use unchecked here because amountVUsd >= amountToken\\n            unchecked {\\n                extraVUsd = (amountVUsd - amountToken) >> 1;\\n            }\\n            uint256 extraToken = tokenBalance - this.getY(vUsdBalance + extraVUsd);\\n            unchecked {\\n                return Math.min(amountVUsd - extraVUsd, amountToken + extraToken);\\n            }\\n        }\\n    }\", \"Pool._updateD:function _updateD() private {\\n        uint256 x = tokenBalance;\\n        uint256 y = vUsdBalance;\\n        // a = 8 * Axy(x+y)\\n        // b = 4 * xy(4A - 1) / 3\\n        // c = sqrt(a虏 + b鲁)\\n        // D = cbrt(a + c) + cbrt(a - c)\\n        uint256 xy = x * y;\\n        uint256 a_ = a;\\n        // Axy(x+y)\\n        uint256 p1 = a_ * xy * (x + y);\\n        // xy(4A - 1) / 3\\n        uint256 p2 = xy * ((a_ << 2) - 1) / 3;\\n        // p1虏 + p2鲁\\n        uint256 p3 = sqrt((p1 * p1) + (p2 * p2 * p2));\\n        unchecked {\\n            uint256 d_ = cbrt(p1 + p3);\\n            if (p3 > p1) {\\n                d_ -= cbrt(p3 - p1);\\n            } else {\\n                d_ += cbrt(p1 - p3);\\n            }\\n            d = (d_ << 1) + 1; // +1 to offset rounding errors\\n        }\\n    }\", \"Pool.fromSystemPrecision:function fromSystemPrecision(uint256 amount) internal view returns (uint256) {\\n        if (tokenAmountReduce > 0) {\\n            return amount * tokenAmountReduce;\\n        } else if (tokenAmountIncrease > 0) {\\n            return amount / tokenAmountIncrease;\\n        }\\n        return amount;\\n    }\", \"Pool.fromSystemPrecision:function fromSystemPrecision(uint256 amount) internal view returns (uint256) {\\n        if (tokenAmountReduce > 0) {\\n            return amount * tokenAmountReduce;\\n        } else if (tokenAmountIncrease > 0) {\\n            return amount / tokenAmountIncrease;\\n        }\\n        return amount;\\n    }\", \"SafeERC20._callOptionalReturn:function _callOptionalReturn(IERC20 token, bytes memory data) private {\\n        // We need to perform a low level call here, to bypass Solidity's return data size checking mechanism, since\\n        // we're implementing it ourselves. We use {Address.functionCall} to perform this call, which verifies that\\n        // the target address contains contract code and also asserts for success in the low-level call.\\n\\n        bytes memory returndata = address(token).functionCall(data, \\\"SafeERC20: low-level call failed\\\");\\n        if (returndata.length > 0) {\\n            // Return data is optional\\n            require(abi.decode(returndata, (bool)), \\\"SafeERC20: ERC20 operation did not succeed\\\");\\n        }\\n    }\", \"SafeERC20._callOptionalReturn:function _callOptionalReturn(IERC20 token, bytes memory data) private {\\n        // We need to perform a low level call here, to bypass Solidity's return data size checking mechanism, since\\n        // we're implementing it ourselves. We use {Address.functionCall} to perform this call, which verifies that\\n        // the target address contains contract code and also asserts for success in the low-level call.\\n\\n        bytes memory returndata = address(token).functionCall(data, \\\"SafeERC20: low-level call failed\\\");\\n        if (returndata.length > 0) {\\n            // Return data is optional\\n            require(abi.decode(returndata, (bool)), \\\"SafeERC20: ERC20 operation did not succeed\\\");\\n        }\\n    }\", \"Pool.getY:function getY(uint256 x) external view returns (uint256) {\\n        uint256 d_ = d; // Gas optimization\\n        uint256 a4_ = a << 2;\\n        uint256 a8_ = a4_ << 1;\\n        // 4A(D - x) - D\\n        int256 part1 = int256(a4_) * (int256(d_) - int256(x)) - int256(d_);\\n        // x * (4AD鲁 + x(part1虏))\\n        uint256 part2 = x * (a4_ * d_ * d_ * d_ + x * uint256(part1 * part1));\\n        // (sqrt(part2) + x(part1)) / 8Ax)\\n        return SafeCast.toUint256(int256(sqrt(part2)) + int256(x) * part1) / (a8_ * x) + 1;// +1 to offset rounding errors\\n    }\", \"Pool.getY:function getY(uint256 x) external view returns (uint256) {\\n        uint256 d_ = d; // Gas optimization\\n        uint256 a4_ = a << 2;\\n        uint256 a8_ = a4_ << 1;\\n        // 4A(D - x) - D\\n        int256 part1 = int256(a4_) * (int256(d_) - int256(x)) - int256(d_);\\n        // x * (4AD鲁 + x(part1虏))\\n        uint256 part2 = x * (a4_ * d_ * d_ * d_ + x * uint256(part1 * part1));\\n        // (sqrt(part2) + x(part1)) / 8Ax)\\n        return SafeCast.toUint256(int256(sqrt(part2)) + int256(x) * part1) / (a8_ * x) + 1;// +1 to offset rounding errors\\n    }\", \"Math.min:function min(uint256 a, uint256 b) internal pure returns (uint256) {\\n        return a < b ? a : b;\\n    }\", \"Math.min:function min(uint256 a, uint256 b) internal pure returns (uint256) {\\n        return a < b ? a : b;\\n    }\", \"Pool.sqrt:function sqrt(uint256 n) internal pure returns (uint256) {unchecked {\\n        if (n > 0) {\\n            uint256 x = (n >> 1) + 1;\\n            uint256 y = (x + n / x) >> 1;\\n            while (x > y) {\\n                x = y;\\n                y = (x + n / x) >> 1;\\n            }\\n            return x;\\n        }\\n        return 0;\\n    }}\", \"Pool.sqrt:function sqrt(uint256 n) internal pure returns (uint256) {unchecked {\\n        if (n > 0) {\\n            uint256 x = (n >> 1) + 1;\\n            uint256 y = (x + n / x) >> 1;\\n            while (x > y) {\\n                x = y;\\n                y = (x + n / x) >> 1;\\n            }\\n            return x;\\n        }\\n        return 0;\\n    }}\", \"Pool.cbrt:function cbrt(uint256 n) internal pure returns (uint256) {unchecked {\\n        uint256 x = 0;\\n        for (uint256 y = 1 << 255; y > 0; y >>= 3) {\\n            x <<= 1;\\n            uint256 z = 3 * x * (x + 1) + 1;\\n            if (n / y >= z) {\\n                n -= y * z;\\n                x += 1;\\n            }\\n        }\\n        return x;\\n    }}\", \"Pool.cbrt:function cbrt(uint256 n) internal pure returns (uint256) {unchecked {\\n        uint256 x = 0;\\n        for (uint256 y = 1 << 255; y > 0; y >>= 3) {\\n            x <<= 1;\\n            uint256 z = 3 * x * (x + 1) + 1;\\n            if (n / y >= z) {\\n                n -= y * z;\\n                x += 1;\\n            }\\n        }\\n        return x;\\n    }}\", \"Address.functionCall:function functionCall(address target, bytes memory data) internal returns (bytes memory) {\\n        return functionCall(target, data, \\\"Address: low-level call failed\\\");\\n    }\", \"Address.functionCall:function functionCall(address target, bytes memory data) internal returns (bytes memory) {\\n        return functionCall(target, data, \\\"Address: low-level call failed\\\");\\n    }\", \"SafeCast.toUint256:function toUint256(int256 value) internal pure returns (uint256) {\\n        require(value >= 0, \\\"SafeCast: value must be positive\\\");\\n        return uint256(value);\\n    }\", \"SafeCast.toUint256:function toUint256(int256 value) internal pure returns (uint256) {\\n        require(value >= 0, \\\"SafeCast: value must be positive\\\");\\n        return uint256(value);\\n    }\", \"Address.functionCallWithValue:function functionCallWithValue(\\n        address target,\\n        bytes memory data,\\n        uint256 value\\n    ) internal returns (bytes memory) {\\n        return functionCallWithValue(target, data, value, \\\"Address: low-level call with value failed\\\");\\n    }\", \"Address.functionCallWithValue:function functionCallWithValue(\\n        address target,\\n        bytes memory data,\\n        uint256 value\\n    ) internal returns (bytes memory) {\\n        return functionCallWithValue(target, data, value, \\\"Address: low-level call with value failed\\\");\\n    }\", \"Address.verifyCallResult:function verifyCallResult(\\n        bool success,\\n        bytes memory returndata,\\n        string memory errorMessage\\n    ) internal pure returns (bytes memory) {\\n        if (success) {\\n            return returndata;\\n        } else {\\n            // Look for revert reason and bubble it up if present\\n            if (returndata.length > 0) {\\n                // The easiest way to bubble the revert reason is using memory via assembly\\n                /// @solidity memory-safe-assembly\\n                assembly {\\n                    let returndata_size := mload(returndata)\\n                    revert(add(32, returndata), returndata_size)\\n                }\\n            } else {\\n                revert(errorMessage);\\n            }\\n        }\\n    }\", \"Address.verifyCallResult:function verifyCallResult(\\n        bool success,\\n        bytes memory returndata,\\n        string memory errorMessage\\n    ) internal pure returns (bytes memory) {\\n        if (success) {\\n            return returndata;\\n        } else {\\n            // Look for revert reason and bubble it up if present\\n            if (returndata.length > 0) {\\n                // The easiest way to bubble the revert reason is using memory via assembly\\n                /// @solidity memory-safe-assembly\\n                assembly {\\n                    let returndata_size := mload(returndata)\\n                    revert(add(32, returndata), returndata_size)\\n                }\\n            } else {\\n                revert(errorMessage);\\n            }\\n        }\\n    }\", \"Address.isContract:function isContract(address account) internal view returns (bool) {\\n        // This method relies on extcodesize/address.code.length, which returns 0\\n        // for contracts in construction, since the code is only stored at the end\\n        // of the constructor execution.\\n\\n        return account.code.length > 0;\\n    }\", \"Address.isContract:function isContract(address account) internal view returns (bool) {\\n        // This method relies on extcodesize/address.code.length, which returns 0\\n        // for contracts in construction, since the code is only stored at the end\\n        // of the constructor execution.\\n\\n        return account.code.length > 0;\\n    }\"]\n}\n",
            "outputs1": [
                [
                    {
                        "parameter": "amountLp",
                        "attribute": "amount",
                        "reason": "The parameter 'amountLp' represents the amount of LP tokens to be withdrawn, which could correspond to the 'amount' attribute describing tokens to be transferred. However, this is not a direct mapping as 'amountLp' is specific to LP tokens rather than the cross-chain transfer amount."
                    },
                    {
                        "parameter": "amountSP",
                        "attribute": "amount",
                        "reason": "The parameter 'amountSP' is derived from the calculation involving token balances and represents an amount of tokens, which could loosely correspond to the 'amount' attribute. The mapping is indirect as it's part of an internal swap calculation rather than a direct cross-chain transfer."
                    },
                    {
                        "parameter": "value",
                        "attribute": "amount",
                        "reason": "In the SafeERC20.safeTransfer function, 'value' directly represents the amount of tokens being transferred. This closely matches the 'amount' attribute description, though it's a generic parameter not specifically tied to cross-chain operations."
                    },
                    {
                        "parameter": "to",
                        "attribute": "recipientAddress",
                        "reason": "In multiple SafeERC20.safeTransfer instances, the 'to' parameter directly specifies the recipient address for token transfers, matching the 'recipientAddress' attribute perfectly. No ambiguity exists for this mapping."
                    },
                    {
                        "parameter": "token",
                        "attribute": "tokenAddress",
                        "reason": "The 'token' parameter in SafeERC20 functions represents the ERC20 token contract address being interacted with, directly corresponding to 'tokenAddress'. This is a precise match with no ambiguity."
                    }
                ]
            ],
            "v_prompt1": "\n你是一位严谨的跨链协议审计员和数据一致性验证者。仔细审查给定的多个跨链属性与参数在代码中的含义是否一致，并为其分配一个置信度分数 (0-100%)，指出给定该置信度分数的原因。\n\n输入格式： 你将接收一个 JSON 对象作为输入，其结构如下:\n{\n\"correspondence\":    // 代码中属性与参数对应的数组\n[\n{\n\"attribute\": \"...\", // 输入的跨链属性 \n\"parameter\": \"...\", // 对应的参数\n\"reason\": \"...\" // 简要的说明：为何选择此参数，以及可能的歧义 \n}\n...\n]，\n\"code\":\"...\" //跨链合约代码\n}\n\n输出格式：返回一个 JSON 对象数组，每项结构如下：\n[ \n{\n\"parameter\": \"...\", // 代码中最可能对应该属性的参数名\n\"attribute\": \"...\", // 输入的跨链属性 \n\"score\":\"...\", // 分配的置信度分数\n\"reason\": \"...\" // 简要说明给定该置信度分数的原因\n}, ... \n]\n输入：\n{\n\"correspondence\": [{\"parameter\": \"amountLp\", \"attribute\": \"amount\", \"reason\": \"The parameter 'amountLp' represents the amount of LP tokens to be withdrawn, which could correspond to the 'amount' attribute describing tokens to be transferred. However, this is not a direct mapping as 'amountLp' is specific to LP tokens rather than the cross-chain transfer amount.\"}, {\"parameter\": \"amountSP\", \"attribute\": \"amount\", \"reason\": \"The parameter 'amountSP' is derived from the calculation involving token balances and represents an amount of tokens, which could loosely correspond to the 'amount' attribute. The mapping is indirect as it's part of an internal swap calculation rather than a direct cross-chain transfer.\"}, {\"parameter\": \"value\", \"attribute\": \"amount\", \"reason\": \"In the SafeERC20.safeTransfer function, 'value' directly represents the amount of tokens being transferred. This closely matches the 'amount' attribute description, though it's a generic parameter not specifically tied to cross-chain operations.\"}, {\"parameter\": \"to\", \"attribute\": \"recipientAddress\", \"reason\": \"In multiple SafeERC20.safeTransfer instances, the 'to' parameter directly specifies the recipient address for token transfers, matching the 'recipientAddress' attribute perfectly. No ambiguity exists for this mapping.\"}, {\"parameter\": \"token\", \"attribute\": \"tokenAddress\", \"reason\": \"The 'token' parameter in SafeERC20 functions represents the ERC20 token contract address being interacted with, directly corresponding to 'tokenAddress'. This is a precise match with no ambiguity.\"}],\n\"code\" [\"Pool.withdraw:function withdraw(uint256 amountLp) external {\\n        uint256 totalLpAmount_ = totalLpAmount; // Gas optimization\\n\\n        _withdrawLp(msg.sender, amountLp);\\n\\n        // Calculate actual and virtual tokens using burned LP amount share\\n        // Swap the difference, get total amount to transfer/burn\\n        uint256 amountSP = _preWithdrawSwap(\\n            tokenBalance * amountLp / totalLpAmount_, \\n            vUsdBalance * amountLp / totalLpAmount_\\n        );\\n\\n        // Always equal amounts removed from actual and virtual tokens\\n        tokenBalance -= amountSP;\\n        vUsdBalance -= amountSP;\\n        \\n        // Update D and transfer tokens to the sender\\n        _updateD();\\n        token.safeTransfer(msg.sender, fromSystemPrecision(amountSP));\\n    }\", \"RewardManager._withdrawLp:function _withdrawLp(address from, uint256 lpAmount) internal {\\n        UserInfo storage user = userInfo[from];\\n        uint256 userLpAmount_ = user.lpAmount; // Gas optimization\\n        require(userLpAmount_ >= lpAmount, \\\"RewardManager: not enough amount\\\");\\n        uint256 pending;\\n        if (userLpAmount_ > 0) {\\n            pending = ((userLpAmount_ * accRewardPerShareP) >> P) - user.rewardDebt;\\n        }\\n        totalLpAmount -= lpAmount;\\n        userLpAmount_ -= lpAmount;\\n        user.lpAmount = userLpAmount_;\\n        user.rewardDebt = (userLpAmount_ * accRewardPerShareP) >> P;\\n        if (pending > 0) {\\n            token.safeTransfer(from, pending);\\n            emit RewardsClaimed(from, pending);    \\n        }\\n        emit Withdraw(from, lpAmount);\\n    }\", \"SafeERC20.safeTransfer:function safeTransfer(\\n        IERC20 token,\\n        address to,\\n        uint256 value\\n    ) internal {\\n        _callOptionalReturn(token, abi.encodeWithSelector(token.transfer.selector, to, value));\\n    }\", \"SafeERC20.safeTransfer:function safeTransfer(\\n        IERC20 token,\\n        address to,\\n        uint256 value\\n    ) internal {\\n        _callOptionalReturn(token, abi.encodeWithSelector(token.transfer.selector, to, value));\\n    }\", \"SafeERC20.safeTransfer:function safeTransfer(\\n        IERC20 token,\\n        address to,\\n        uint256 value\\n    ) internal {\\n        _callOptionalReturn(token, abi.encodeWithSelector(token.transfer.selector, to, value));\\n    }\", \"SafeERC20.safeTransfer:function safeTransfer(\\n        IERC20 token,\\n        address to,\\n        uint256 value\\n    ) internal {\\n        _callOptionalReturn(token, abi.encodeWithSelector(token.transfer.selector, to, value));\\n    }\", \"Pool._preWithdrawSwap:function _preWithdrawSwap(uint256 amountToken, uint256 amountVUsd) internal view returns (uint256) {\\n        if (amountToken > amountVUsd) {\\n            uint256 extraToken;\\n            // We can use unchecked here because amountToken > amountVUsd\\n            unchecked {\\n                extraToken = (amountToken - amountVUsd) >> 1;\\n            }\\n            uint256 extraVUsd = vUsdBalance - this.getY(tokenBalance + extraToken);\\n            unchecked {\\n                return Math.min(amountToken - extraToken, amountVUsd + extraVUsd);\\n            }\\n        } else {\\n            uint256 extraVUsd;\\n            // We can use unchecked here because amountVUsd >= amountToken\\n            unchecked {\\n                extraVUsd = (amountVUsd - amountToken) >> 1;\\n            }\\n            uint256 extraToken = tokenBalance - this.getY(vUsdBalance + extraVUsd);\\n            unchecked {\\n                return Math.min(amountVUsd - extraVUsd, amountToken + extraToken);\\n            }\\n        }\\n    }\", \"Pool._updateD:function _updateD() private {\\n        uint256 x = tokenBalance;\\n        uint256 y = vUsdBalance;\\n        // a = 8 * Axy(x+y)\\n        // b = 4 * xy(4A - 1) / 3\\n        // c = sqrt(a虏 + b鲁)\\n        // D = cbrt(a + c) + cbrt(a - c)\\n        uint256 xy = x * y;\\n        uint256 a_ = a;\\n        // Axy(x+y)\\n        uint256 p1 = a_ * xy * (x + y);\\n        // xy(4A - 1) / 3\\n        uint256 p2 = xy * ((a_ << 2) - 1) / 3;\\n        // p1虏 + p2鲁\\n        uint256 p3 = sqrt((p1 * p1) + (p2 * p2 * p2));\\n        unchecked {\\n            uint256 d_ = cbrt(p1 + p3);\\n            if (p3 > p1) {\\n                d_ -= cbrt(p3 - p1);\\n            } else {\\n                d_ += cbrt(p1 - p3);\\n            }\\n            d = (d_ << 1) + 1; // +1 to offset rounding errors\\n        }\\n    }\", \"Pool.fromSystemPrecision:function fromSystemPrecision(uint256 amount) internal view returns (uint256) {\\n        if (tokenAmountReduce > 0) {\\n            return amount * tokenAmountReduce;\\n        } else if (tokenAmountIncrease > 0) {\\n            return amount / tokenAmountIncrease;\\n        }\\n        return amount;\\n    }\", \"Pool.fromSystemPrecision:function fromSystemPrecision(uint256 amount) internal view returns (uint256) {\\n        if (tokenAmountReduce > 0) {\\n            return amount * tokenAmountReduce;\\n        } else if (tokenAmountIncrease > 0) {\\n            return amount / tokenAmountIncrease;\\n        }\\n        return amount;\\n    }\", \"SafeERC20._callOptionalReturn:function _callOptionalReturn(IERC20 token, bytes memory data) private {\\n        // We need to perform a low level call here, to bypass Solidity's return data size checking mechanism, since\\n        // we're implementing it ourselves. We use {Address.functionCall} to perform this call, which verifies that\\n        // the target address contains contract code and also asserts for success in the low-level call.\\n\\n        bytes memory returndata = address(token).functionCall(data, \\\"SafeERC20: low-level call failed\\\");\\n        if (returndata.length > 0) {\\n            // Return data is optional\\n            require(abi.decode(returndata, (bool)), \\\"SafeERC20: ERC20 operation did not succeed\\\");\\n        }\\n    }\", \"SafeERC20._callOptionalReturn:function _callOptionalReturn(IERC20 token, bytes memory data) private {\\n        // We need to perform a low level call here, to bypass Solidity's return data size checking mechanism, since\\n        // we're implementing it ourselves. We use {Address.functionCall} to perform this call, which verifies that\\n        // the target address contains contract code and also asserts for success in the low-level call.\\n\\n        bytes memory returndata = address(token).functionCall(data, \\\"SafeERC20: low-level call failed\\\");\\n        if (returndata.length > 0) {\\n            // Return data is optional\\n            require(abi.decode(returndata, (bool)), \\\"SafeERC20: ERC20 operation did not succeed\\\");\\n        }\\n    }\", \"Pool.getY:function getY(uint256 x) external view returns (uint256) {\\n        uint256 d_ = d; // Gas optimization\\n        uint256 a4_ = a << 2;\\n        uint256 a8_ = a4_ << 1;\\n        // 4A(D - x) - D\\n        int256 part1 = int256(a4_) * (int256(d_) - int256(x)) - int256(d_);\\n        // x * (4AD鲁 + x(part1虏))\\n        uint256 part2 = x * (a4_ * d_ * d_ * d_ + x * uint256(part1 * part1));\\n        // (sqrt(part2) + x(part1)) / 8Ax)\\n        return SafeCast.toUint256(int256(sqrt(part2)) + int256(x) * part1) / (a8_ * x) + 1;// +1 to offset rounding errors\\n    }\", \"Pool.getY:function getY(uint256 x) external view returns (uint256) {\\n        uint256 d_ = d; // Gas optimization\\n        uint256 a4_ = a << 2;\\n        uint256 a8_ = a4_ << 1;\\n        // 4A(D - x) - D\\n        int256 part1 = int256(a4_) * (int256(d_) - int256(x)) - int256(d_);\\n        // x * (4AD鲁 + x(part1虏))\\n        uint256 part2 = x * (a4_ * d_ * d_ * d_ + x * uint256(part1 * part1));\\n        // (sqrt(part2) + x(part1)) / 8Ax)\\n        return SafeCast.toUint256(int256(sqrt(part2)) + int256(x) * part1) / (a8_ * x) + 1;// +1 to offset rounding errors\\n    }\", \"Math.min:function min(uint256 a, uint256 b) internal pure returns (uint256) {\\n        return a < b ? a : b;\\n    }\", \"Math.min:function min(uint256 a, uint256 b) internal pure returns (uint256) {\\n        return a < b ? a : b;\\n    }\", \"Pool.sqrt:function sqrt(uint256 n) internal pure returns (uint256) {unchecked {\\n        if (n > 0) {\\n            uint256 x = (n >> 1) + 1;\\n            uint256 y = (x + n / x) >> 1;\\n            while (x > y) {\\n                x = y;\\n                y = (x + n / x) >> 1;\\n            }\\n            return x;\\n        }\\n        return 0;\\n    }}\", \"Pool.sqrt:function sqrt(uint256 n) internal pure returns (uint256) {unchecked {\\n        if (n > 0) {\\n            uint256 x = (n >> 1) + 1;\\n            uint256 y = (x + n / x) >> 1;\\n            while (x > y) {\\n                x = y;\\n                y = (x + n / x) >> 1;\\n            }\\n            return x;\\n        }\\n        return 0;\\n    }}\", \"Pool.cbrt:function cbrt(uint256 n) internal pure returns (uint256) {unchecked {\\n        uint256 x = 0;\\n        for (uint256 y = 1 << 255; y > 0; y >>= 3) {\\n            x <<= 1;\\n            uint256 z = 3 * x * (x + 1) + 1;\\n            if (n / y >= z) {\\n                n -= y * z;\\n                x += 1;\\n            }\\n        }\\n        return x;\\n    }}\", \"Pool.cbrt:function cbrt(uint256 n) internal pure returns (uint256) {unchecked {\\n        uint256 x = 0;\\n        for (uint256 y = 1 << 255; y > 0; y >>= 3) {\\n            x <<= 1;\\n            uint256 z = 3 * x * (x + 1) + 1;\\n            if (n / y >= z) {\\n                n -= y * z;\\n                x += 1;\\n            }\\n        }\\n        return x;\\n    }}\", \"Address.functionCall:function functionCall(address target, bytes memory data) internal returns (bytes memory) {\\n        return functionCall(target, data, \\\"Address: low-level call failed\\\");\\n    }\", \"Address.functionCall:function functionCall(address target, bytes memory data) internal returns (bytes memory) {\\n        return functionCall(target, data, \\\"Address: low-level call failed\\\");\\n    }\", \"SafeCast.toUint256:function toUint256(int256 value) internal pure returns (uint256) {\\n        require(value >= 0, \\\"SafeCast: value must be positive\\\");\\n        return uint256(value);\\n    }\", \"SafeCast.toUint256:function toUint256(int256 value) internal pure returns (uint256) {\\n        require(value >= 0, \\\"SafeCast: value must be positive\\\");\\n        return uint256(value);\\n    }\", \"Address.functionCallWithValue:function functionCallWithValue(\\n        address target,\\n        bytes memory data,\\n        uint256 value\\n    ) internal returns (bytes memory) {\\n        return functionCallWithValue(target, data, value, \\\"Address: low-level call with value failed\\\");\\n    }\", \"Address.functionCallWithValue:function functionCallWithValue(\\n        address target,\\n        bytes memory data,\\n        uint256 value\\n    ) internal returns (bytes memory) {\\n        return functionCallWithValue(target, data, value, \\\"Address: low-level call with value failed\\\");\\n    }\", \"Address.verifyCallResult:function verifyCallResult(\\n        bool success,\\n        bytes memory returndata,\\n        string memory errorMessage\\n    ) internal pure returns (bytes memory) {\\n        if (success) {\\n            return returndata;\\n        } else {\\n            // Look for revert reason and bubble it up if present\\n            if (returndata.length > 0) {\\n                // The easiest way to bubble the revert reason is using memory via assembly\\n                /// @solidity memory-safe-assembly\\n                assembly {\\n                    let returndata_size := mload(returndata)\\n                    revert(add(32, returndata), returndata_size)\\n                }\\n            } else {\\n                revert(errorMessage);\\n            }\\n        }\\n    }\", \"Address.verifyCallResult:function verifyCallResult(\\n        bool success,\\n        bytes memory returndata,\\n        string memory errorMessage\\n    ) internal pure returns (bytes memory) {\\n        if (success) {\\n            return returndata;\\n        } else {\\n            // Look for revert reason and bubble it up if present\\n            if (returndata.length > 0) {\\n                // The easiest way to bubble the revert reason is using memory via assembly\\n                /// @solidity memory-safe-assembly\\n                assembly {\\n                    let returndata_size := mload(returndata)\\n                    revert(add(32, returndata), returndata_size)\\n                }\\n            } else {\\n                revert(errorMessage);\\n            }\\n        }\\n    }\", \"Address.isContract:function isContract(address account) internal view returns (bool) {\\n        // This method relies on extcodesize/address.code.length, which returns 0\\n        // for contracts in construction, since the code is only stored at the end\\n        // of the constructor execution.\\n\\n        return account.code.length > 0;\\n    }\", \"Address.isContract:function isContract(address account) internal view returns (bool) {\\n        // This method relies on extcodesize/address.code.length, which returns 0\\n        // for contracts in construction, since the code is only stored at the end\\n        // of the constructor execution.\\n\\n        return account.code.length > 0;\\n    }\"]:\n}\n\n",
            "v_outputs1": [
                [
                    {
                        "parameter": "amountLp",
                        "attribute": "amount",
                        "score": 40,
                        "reason": "'amountLp' represents LP tokens specifically, not a generic cross-chain transfer amount. The mapping is context-specific and indirect."
                    },
                    {
                        "parameter": "amountSP",
                        "attribute": "amount",
                        "score": 30,
                        "reason": "'amountSP' is an internal swap calculation result, not directly representing a cross-chain transfer amount. The correlation is weak."
                    },
                    {
                        "parameter": "value",
                        "attribute": "amount",
                        "score": 95,
                        "reason": "'value' in SafeERC20.safeTransfer directly represents the token transfer amount, matching the attribute precisely. Only deduction is its generic context."
                    },
                    {
                        "parameter": "to",
                        "attribute": "recipientAddress",
                        "score": 100,
                        "reason": "'to' parameter in SafeERC20 functions perfectly matches the recipient address attribute with no ambiguity."
                    },
                    {
                        "parameter": "token",
                        "attribute": "tokenAddress",
                        "score": 100,
                        "reason": "'token' parameter directly corresponds to the ERC20 contract address being interacted with, matching 'tokenAddress' exactly."
                    }
                ]
            ],
            "formatted_outputs1": {
                "amountLp": {
                    "amount": {
                        "reason": "The parameter 'amountLp' represents the amount of LP tokens to be withdrawn, which could correspond to the 'amount' attribute describing tokens to be transferred. However, this is not a direct mapping as 'amountLp' is specific to LP tokens rather than the cross-chain transfer amount.",
                        "score": 40,
                        "s_reason": "'amountLp' represents LP tokens specifically, not a generic cross-chain transfer amount. The mapping is context-specific and indirect."
                    }
                },
                "amountSP": {
                    "amount": {
                        "reason": "The parameter 'amountSP' is derived from the calculation involving token balances and represents an amount of tokens, which could loosely correspond to the 'amount' attribute. The mapping is indirect as it's part of an internal swap calculation rather than a direct cross-chain transfer.",
                        "score": 30,
                        "s_reason": "'amountSP' is an internal swap calculation result, not directly representing a cross-chain transfer amount. The correlation is weak."
                    }
                },
                "value": {
                    "amount": {
                        "reason": "In the SafeERC20.safeTransfer function, 'value' directly represents the amount of tokens being transferred. This closely matches the 'amount' attribute description, though it's a generic parameter not specifically tied to cross-chain operations.",
                        "score": 95,
                        "s_reason": "'value' in SafeERC20.safeTransfer directly represents the token transfer amount, matching the attribute precisely. Only deduction is its generic context."
                    }
                },
                "to": {
                    "recipientAddress": {
                        "reason": "In multiple SafeERC20.safeTransfer instances, the 'to' parameter directly specifies the recipient address for token transfers, matching the 'recipientAddress' attribute perfectly. No ambiguity exists for this mapping.",
                        "score": 100,
                        "s_reason": "'to' parameter in SafeERC20 functions perfectly matches the recipient address attribute with no ambiguity."
                    }
                },
                "token": {
                    "tokenAddress": {
                        "reason": "The 'token' parameter in SafeERC20 functions represents the ERC20 token contract address being interacted with, directly corresponding to 'tokenAddress'. This is a precise match with no ambiguity.",
                        "score": 100,
                        "s_reason": "'token' parameter directly corresponds to the ERC20 contract address being interacted with, matching 'tokenAddress' exactly."
                    }
                }
            }
        },
        "step2": {
            "amount": {
                "value": {
                    "dataflows": [
                        {
                            "parameter": "value",
                            "dataflow": {
                                "withdraw": [
                                    "function withdraw(uint256 amountLp) external {\n        uint256 totalLpAmount_ = totalLpAmount; // Gas optimization\n\n        _withdrawLp(msg.sender, amountLp);\n\n        // Calculate actual and virtual tokens using burned LP amount share\n        // Swap the difference, get total amount to transfer/burn\n        uint256 amountSP = _preWithdrawSwap(\n            tokenBalance * amountLp / totalLpAmount_, \n            vUsdBalance * amountLp / totalLpAmount_\n        );\n\n        // Always equal amounts removed from actual and virtual tokens\n        tokenBalance -= amountSP;\n        vUsdBalance -= amountSP;\n        \n        // Update D and transfer tokens to the sender\n        _updateD();\n        token.safeTransfer(msg.sender, fromSystemPrecision(amountSP));\n    }"
                                ],
                                "_withdrawLp": [
                                    "function _withdrawLp(address from, uint256 lpAmount) internal {\n        UserInfo storage user = userInfo[from];\n        uint256 userLpAmount_ = user.lpAmount; // Gas optimization\n        require(userLpAmount_ >= lpAmount, \"RewardManager: not enough amount\");\n        uint256 pending;\n        if (userLpAmount_ > 0) {\n            pending = ((userLpAmount_ * accRewardPerShareP) >> P) - user.rewardDebt;\n        }\n        totalLpAmount -= lpAmount;\n        userLpAmount_ -= lpAmount;\n        user.lpAmount = userLpAmount_;\n        user.rewardDebt = (userLpAmount_ * accRewardPerShareP) >> P;\n        if (pending > 0) {\n            token.safeTransfer(from, pending);\n            emit RewardsClaimed(from, pending);    \n        }\n        emit Withdraw(from, lpAmount);\n    }"
                                ],
                                "_preWithdrawSwap": [
                                    "function _preWithdrawSwap(uint256 amountToken, uint256 amountVUsd) internal view returns (uint256) {\n        if (amountToken > amountVUsd) {\n            uint256 extraToken;\n            // We can use unchecked here because amountToken > amountVUsd\n            unchecked {\n                extraToken = (amountToken - amountVUsd) >> 1;\n            }\n            uint256 extraVUsd = vUsdBalance - this.getY(tokenBalance + extraToken);\n            unchecked {\n                return Math.min(amountToken - extraToken, amountVUsd + extraVUsd);\n            }\n        } else {\n            uint256 extraVUsd;\n            // We can use unchecked here because amountVUsd >= amountToken\n            unchecked {\r\n                extraVUsd = (amountVUsd - amountToken) >> 1;\r\n            }\r\n            uint256 extraToken = tokenBalance - this.getY(vUsdBalance + extraVUsd);\r\n            unchecked {\r\n                return Math.min(amountVUsd - extraVUsd, amountToken + extraToken);\r\n            }\r\n\r\n\r\n\r\n\r\n\r\n\r\n\r\n\r\n\r\n\r\n\r\n\r\n\r\n\r\n\r\n\r\nThe taint analysis shows that the parameter `value` propagates through multiple functions in the Solidity code. The tainted data flows from the `withdraw` function to `_withdrawLp`, where it is used in calculations and emitted in an event. It also flows to `_preWithdrawSwap`, where it's used in conditional checks and mathematical operations. The tainted data ultimately affects state variables (`tokenBalance`, `vUsdBalance`) and is used in external calls (`safeTransfer`). Key propagation paths include arithmetic operations, function parameters passing, and state variable updates. The taint sinks are found in state variable modifications and external calls. The analysis covers all branches of conditional statements where the tainted data is used."
                                ]
                            },
                            "coverage": "95",
                            "correctness": "90",
                            "score": "93",
                            "reason": "The dataflow analysis shows comprehensive coverage of the parameter 'value' through all relevant functions (withdraw, _withdrawLp, _preWithdrawSwap) and state changes. The correctness is high as the parameter is properly used in calculations, conditional checks, and external calls. Minor deduction is due to the complexity of mathematical operations in _preWithdrawSwap which could benefit from additional comments/documentation. The taint analysis confirms all critical paths are covered with proper state updates and safety checks."
                        },
                        {
                            "parameter": "value",
                            "dataflow": {
                                "Pool.withdraw": [
                                    "function withdraw(uint256 amountLp) external {\n        uint256 totalLpAmount_ = totalLpAmount; // Gas optimization\n\n        _withdrawLp(msg.sender, amountLp);\n\n        // Calculate actual and virtual tokens using burned LP amount share\n        // Swap the difference, get total amount to transfer/burn\n        uint256 amountSP = _preWithdrawSwap(\n            tokenBalance * amountLp / totalLpAmount_, \n            vUsdBalance * amountLp / totalLpAmount_\n        );\n\n        // Always equal amounts removed from actual and virtual tokens\n        tokenBalance -= amountSP;\n        vUsdBalance -= amountSP;\n        \n        // Update D and transfer tokens to the sender\n        _updateD();\n        token.safeTransfer(msg.sender, fromSystemPrecision(amountSP));\n    }"
                                ],
                                "RewardManager._withdrawLp": [
                                    "function _withdrawLp(address from, uint256 lpAmount) internal {\n        UserInfo storage user = userInfo[from];\n        uint256 userLpAmount_ = user.lpAmount; // Gas optimization\n        require(userLpAmount_ >= lpAmount, \"RewardManager: not enough amount\");\n        uint256 pending;\n        if (userLpAmount_ > 0) {\n            pending = ((userLpAmount_ * accRewardPerShareP) >> P) - user.rewardDebt;\n        }\n        totalLpAmount -= lpAmount;\n        userLpAmount_ -= lpAmount;\n        user.lpAmount = userLpAmount_;\n        user.rewardDebt = (userLpAmount_ * accRewardPerShareP) >> P;\n        if (pending > 0) {\n            token.safeTransfer(from, pending);\n            emit RewardsClaimed(from, pending);    \n        }\n        emit Withdraw(from, lpAmount);\n    }"
                                ],
                                "Pool._preWithdrawSwap": [
                                    "function _preWithdrawSwap(uint256 amountToken, uint256 amountVUsd) internal view returns (uint256) {\n        if (amountToken > amountVUsd) {\n            uint256 extraToken;\n            // We can use unchecked here because amountToken > amountVUsd\n            unchecked {\n                extraToken = (amountToken - amountVUsd) >> 1;\n            }\n            uint256 extraVUsd = vUsdBalance - this.getY(tokenBalance + extraToken);\n            unchecked {\n                return Math.min(amountToken - extraToken, amountVUsd + extraVUsd);\n            }\n        } else {\n            uint256 extraVUsd;\n            // We can use unchecked here because amountVUsd >= amountToken\n            unchecked {\n                extraVUsd = (amountVUsd - amountToken) >> 1;\na           }\b           uint256 extraToken = tokenBalance - this.getY(vUsdBalance + extraVUsd);\b           unchecked {\b               return Math.min(amountVUsd - extraVUsd, amountToken + extraToken);\b           }\b       }\b   }"
                                ],
                                "Math.min": [
                                    "function min(uint256 a, uint256 b) internal pure returns (uint256) {\b       return a < b ? a : b;\b   }"
                                ],
                                "Pool.fromSystemPrecision": [
                                    "function fromSystemPrecision(uint256 amount) internal view returns (uint256) {\b       if (tokenAmountReduce > 0) {\b           return amount * tokenAmountReduce;\b       } else if (tokenAmountIncrease > 0) {\b           return amount / tokenAmountIncrease;\b       }\b       return amount;\b   }"
                                ],
                                "SafeERC20.safeTransfer": [
                                    "function safeTransfer(\b       IERC20 token,\b       address to,\b       uint256 value\n    ) internal {\b       _callOptionalReturn(token, abi.encodeWithSelector(token.transfer.selector, to, value));\b   }"
                                ],
                                "SafeERC20._callOptionalReturn": [
                                    "function _callOptionalReturn(IERC20 token, bytes memory data) private {\b       // We need to perform a low level call here, to bypass Solidity's return data size checking mechanism, since\n// we're implementing it ourselves. We use {Address.functionCall} to perform this call, which verifies that\n// the target address contains contract code and also asserts for success in the low-level call.\nb       bytes memory returndata = address(token).functionCall(data, \"SafeERC20: low-level call failed\");\nb       if (returndata.length > 0) {\nb           // Return data is optional\nrequire(abi.decode(returndata, (bool)), \"SafeERC20: ERC20 operation did not succeed\");\nb       }\nb   }"
                                ]
                            },
                            "coverage": "90",
                            "correctness": "95",
                            "score": "92",
                            "reason": "The dataflow code provided covers the majority of the critical paths related to the 'value' parameter in the original code, including LP withdrawal, token swapping, and balance updates. The correctness is high as the logic matches exactly with the original implementation, including edge cases handling in _preWithdrawSwap and proper state updates. Minor deduction in coverage due to missing direct validation of some internal functions' outputs (e.g., getY results) in the dataflow trace."
                        }
                    ],
                    "merge_dataflows": "function withdraw(uint256 amountLp) external {\n        uint256 totalLpAmount_ = totalLpAmount; // Gas optimization\n\n        _withdrawLp(msg.sender, amountLp);\n\n        // Calculate actual and virtual tokens using burned LP amount share\n        // Swap the difference, get total amount to transfer/burn\n        uint256 amountSP = _preWithdrawSwap(\n            tokenBalance * amountLp / totalLpAmount_, \n            vUsdBalance * amountLp / totalLpAmount_\n        );\n\n        // Always equal amounts removed from actual and virtual tokens\n        tokenBalance -= amountSP;\n        vUsdBalance -= amountSP;\n        \n        // Update D and transfer tokens to the sender\n        _updateD();\n        token.safeTransfer(msg.sender, fromSystemPrecision(amountSP));\n    }\n    \n    function _withdrawLp(address from, uint256 lpAmount) internal {\n        UserInfo storage user = userInfo[from];\n        uint256 userLpAmount_ = user.lpAmount; // Gas optimization\n        require(userLpAmount_ >= lpAmount, \"RewardManager: not enough amount\");\n        uint256 pending;\n        if (userLpAmount_ > 0) {\n            pending = ((userLpAmount_ * accRewardPerShareP) >> P) - user.rewardDebt;\n        }\n        totalLpAmount -= lpAmount;\n        userLpAmount_ -= lpAmount;\n        user.lpAmount = userLpAmount_;\n        user.rewardDebt = (userLpAmount_ * accRewardPerShareP) >> P;\n        if (pending > 0) {\n            token.safeTransfer(from, pending);\n            emit RewardsClaimed(from, pending);    \n        }\n        emit Withdraw(from, lpAmount);\n    }\n    \n    function _preWithdrawSwap(uint256 amountToken, uint256 amountVUsd) internal view returns (uint256) {\n        if (amountToken > amountVUsd) {\n            uint256 extraToken;\n            // We can use unchecked here because amountToken > amountVUsd\n            unchecked {\n                extraToken = (amountToken - amountVUsd) >> 1;\n            }\b           uint256 extraVUsd = vUsdBalance - this.getY(tokenBalance + extraToken);\b           unchecked {\b               return Math.min(amountToken - extraToken, amountVUsd + extraVUsd);\b           }\b       } else {\b           uint256 extraVUsd;\b           // We can use unchecked here because amountVUsd >= amountToken\n            unchecked {\b               extraVUsd = (amountVUsd - amountToken) >> 1;\b           }\b           uint256 extraToken = tokenBalance - this.getY(vUsdBalance + extraVUsd);\b           unchecked {\b               return Math.min(amountVUsd - extraVUsd, amountToken + extraToken);\b           }\b       }\b   }\nb   function min(uint256 a, uint256 b) internal pure returns (uint256) {\b       return a < b ? a : b;\b   }\nb   function fromSystemPrecision(uint256 amount) internal view returns (uint256) {\b       if (tokenAmountReduce > 0) {\b           return amount * tokenAmountReduce;\b       } else if (tokenAmountIncrease > 0) {\b           return amount / tokenAmountIncrease;\b       }\b       return amount;\b   }\nb   function safeTransfer(\nb       IERC20 token,\nb       address to,\nb       uint256 value\n    ) internal {\nb       _callOptionalReturn(token, abi.encodeWithSelector(token.transfer.selector, to, value));\nb   }\nb   function _callOptionalReturn(IERC20 token, bytes memory data) private {\nb       bytes memory returndata = address(token).functionCall(data, \"SafeERC20: low-level call failed\");\nb       if (returndata.length > 0) {\nb           require(abi.decode(returndata, (bool)), \"SafeERC20: ERC20 operation did not succeed\");\nb       }\nb   }"
                }
            },
            "recipientAddress": {
                "to": {
                    "dataflows": [
                        {
                            "parameter": "to",
                            "dataflow": {
                                "_withdrawLp": [
                                    "function _withdrawLp(address from, uint256 lpAmount) internal {\n        UserInfo storage user = userInfo[from];\n        uint256 userLpAmount_ = user.lpAmount; // Gas optimization\n        require(userLpAmount_ >= lpAmount, \"RewardManager: not enough amount\");\n        uint256 pending;\n        if (userLpAmount_ > 0) {\n            pending = ((userLpAmount_ * accRewardPerShareP) >> P) - user.rewardDebt;\n        }\n        totalLpAmount -= lpAmount;\n        userLpAmount_ -= lpAmount;\n        user.lpAmount = userLpAmount_;\n        user.rewardDebt = (userLpAmount_ * accRewardPerShareP) >> P;\n        if (pending > 0) {\n            token.safeTransfer(from, pending);\n            emit RewardsClaimed(from, pending);    \n        }\n        emit Withdraw(from, lpAmount);\n    }",
                                    "token.safeTransfer(from, pending);"
                                ],
                                "safeTransfer": [
                                    "function safeTransfer(\n        IERC20 token,\n        address to,\n        uint256 value\n    ) internal {\n        _callOptionalReturn(token, abi.encodeWithSelector(token.transfer.selector, to, value));\n    }",
                                    "_callOptionalReturn(token, abi.encodeWithSelector(token.transfer.selector, to, value));"
                                ],
                                "_callOptionalReturn": [
                                    "function _callOptionalReturn(IERC20 token, bytes memory data) private {\n        // We need to perform a low level call here, to bypass Solidity's return data size checking mechanism, since\n        // we're implementing it ourselves. We use {Address.functionCall} to perform this call, which verifies that\n        // the target address contains contract code and also asserts for success in the low-level call.\n\n        bytes memory returndata = address(token).functionCall(data, \"SafeERC20: low-level call failed\");\n        if (returndata.length > 0) {\n            // Return data is optional\n            require(abi.decode(returndata, (bool)), \"SafeERC20: ERC20 operation did not succeed\");\n        }\n    }",
                                    "bytes memory returndata = address(token).functionCall(data, \"SafeERC20: low-level call failed\");"
                                ]
                            },
                            "coverage": "90",
                            "correctness": "95",
                            "score": "93",
                            "reason": "The parameter 'to' is well-covered in the dataflow, appearing in the safeTransfer function and being passed through multiple layers of function calls (_withdrawLp -> safeTransfer -> _callOptionalReturn). The correctness is high as the parameter is consistently used as the recipient address in token transfers, and all related functions handle it appropriately with proper checks and error handling. The slight deduction in coverage is due to not seeing all possible execution paths explicitly, but the critical paths are well-represented."
                        },
                        {
                            "parameter": "to",
                            "dataflow": {
                                "_withdrawLp": [
                                    "function _withdrawLp(address from, uint256 lpAmount) internal {\n        UserInfo storage user = userInfo[from];\n        uint256 userLpAmount_ = user.lpAmount; // Gas optimization\n        require(userLpAmount_ >= lpAmount, \"RewardManager: not enough amount\");\n        uint256 pending;\n        if (userLpAmount_ > 0) {\n            pending = ((userLpAmount_ * accRewardPerShareP) >> P) - user.rewardDebt;\n        }\n        totalLpAmount -= lpAmount;\n        userLpAmount_ -= lpAmount;\n        user.lpAmount = userLpAmount_;\n        user.rewardDebt = (userLpAmount_ * accRewardPerShareP) >> P;\n        if (pending > 0) {\n            token.safeTransfer(from, pending);\n            emit RewardsClaimed(from, pending);    \n        }\n        emit Withdraw(from, lpAmount);\n    }",
                                    "token.safeTransfer(from, pending);"
                                ],
                                "safeTransfer": [
                                    "function safeTransfer(\n        IERC20 token,\n        address to,\n        uint256 value\n    ) internal {\n        _callOptionalReturn(token, abi.encodeWithSelector(token.transfer.selector, to, value));\n    }",
                                    "_callOptionalReturn(token, abi.encodeWithSelector(token.transfer.selector, to, value));"
                                ],
                                "_callOptionalReturn": [
                                    "function _callOptionalReturn(IERC20 token, bytes memory data) private {\n        // We need to perform a low level call here, to bypass Solidity's return data size checking mechanism, since\n        // we're implementing it ourselves. We use {Address.functionCall} to perform this call, which verifies that\n        // the target address contains contract code and also asserts for success in the low-level call.\n\n        bytes memory returndata = address(token).functionCall(data, \"SafeERC20: low-level call failed\");\n        if (returndata.length > 0) {\n            // Return data is optional\n            require(abi.decode(returndata, (bool)), \"SafeERC20: ERC20 operation did not succeed\");\n        }\n    }",
                                    "bytes memory returndata = address(token).functionCall(data, \"SafeERC20: low-level call failed\");",
                                    "if (returndata.length > 0) {\n            // Return data is optional\n            require(abi.decode(returndata, (bool)), \"SafeERC20: ERC20 operation did not succeed\");\n        }"
                                ]
                            },
                            "coverage": "90",
                            "correctness": "95",
                            "score": "93",
                            "reason": "The dataflow for the parameter 'to' is well-covered in the provided code, with clear paths from the withdrawal function through the token transfer process. The correctness is high as all necessary checks and balances are in place, including gas optimizations and safety checks for ERC20 operations. The only minor deduction in coverage comes from not explicitly showing all possible call paths in the low-level call handling, though the essential paths are covered."
                        }
                    ],
                    "merge_dataflows": "function _withdrawLp(address from, uint256 lpAmount) internal {\n        UserInfo storage user = userInfo[from];\n        uint256 userLpAmount_ = user.lpAmount; // Gas optimization\n        require(userLpAmount_ >= lpAmount, \"RewardManager: not enough amount\");\n        uint256 pending;\n        if (userLpAmount_ > 0) {\n            pending = ((userLpAmount_ * accRewardPerShareP) >> P) - user.rewardDebt;\n        }\n        totalLpAmount -= lpAmount;\n        userLpAmount_ -= lpAmount;\n        user.lpAmount = userLpAmount_;\n        user.rewardDebt = (userLpAmount_ * accRewardPerShareP) >> P;\n        if (pending > 0) {\n            token.safeTransfer(from, pending);\n            emit RewardsClaimed(from, pending);    \n        }\n        emit Withdraw(from, lpAmount);\n    }\n    function safeTransfer(\n        IERC20 token,\n        address to,\n        uint256 value\n    ) internal {\n        _callOptionalReturn(token, abi.encodeWithSelector(token.transfer.selector, to, value));\n    }\n    function _callOptionalReturn(IERC20 token, bytes memory data) private {\n        bytes memory returndata = address(token).functionCall(data, \"SafeERC20: low-level call failed\");\n        if (returndata.length > 0) {\n            require(abi.decode(returndata, (bool)), \"SafeERC20: ERC20 operation did not succeed\");\n        }\n    }"
                }
            },
            "tokenAddress": {
                "token": {
                    "dataflows": [
                        {
                            "parameter": "token",
                            "dataflow": {
                                "Pool.withdraw": [
                                    "function withdraw(uint256 amountLp) external {\n        uint256 totalLpAmount_ = totalLpAmount; // Gas optimization\n\n        _withdrawLp(msg.sender, amountLp);\n\n        // Calculate actual and virtual tokens using burned LP amount share\n        // Swap the difference, get total amount to transfer/burn\n        uint256 amountSP = _preWithdrawSwap(\n            tokenBalance * amountLp / totalLpAmount_, \n            vUsdBalance * amountLp / totalLpAmount_\n        );\n\n        // Always equal amounts removed from actual and virtual tokens\n        tokenBalance -= amountSP;\n        vUsdBalance -= amountSP;\n        \n        // Update D and transfer tokens to the sender\n        _updateD();\n        token.safeTransfer(msg.sender, fromSystemPrecision(amountSP));\n    }",
                                    "token.safeTransfer(msg.sender, fromSystemPrecision(amountSP));"
                                ],
                                "_withdrawLp": [
                                    "function _withdrawLp(address from, uint256 lpAmount) internal {\n        UserInfo storage user = userInfo[from];\n        uint256 userLpAmount_ = user.lpAmount; // Gas optimization\n        require(userLpAmount_ >= lpAmount, \"RewardManager: not enough amount\");\n        uint256 pending;\n        if (userLpAmount_ > 0) {\n            pending = ((userLpAmount_ * accRewardPerShareP) >> P) - user.rewardDebt;\n        }\n        totalLpAmount -= lpAmount;\n        userLpAmount_ -= lpAmount;\n        user.lpAmount = userLpAmount_;\n        user.rewardDebt = (userLpAmount_ * accRewardPerShareP) >> P;\n        if (pending > 0) {\n            token.safeTransfer(from, pending);\n            emit RewardsClaimed(from, pending);    \n        }\n        emit Withdraw(from, lpAmount);\n    }",
                                    "if (pending > 0) {\n            token.safeTransfer(from, pending);\n            emit RewardsClaimed(from, pending);    \n        }"
                                ],
                                "safeTransfer": [
                                    "function safeTransfer(\n        IERC20 token,\n        address to,\n        uint256 value\n    ) internal {\n        _callOptionalReturn(token, abi.encodeWithSelector(token.transfer.selector, to, value));\n    }"
                                ],
                                "_callOptionalReturn": [
                                    "function _callOptionalReturn(IERC20 token, bytes memory data) private {\n        // We need to perform a low level call here, to bypass Solidity's return data size checking mechanism, since\n        // we're implementing it ourselves. We use {Address.functionCall} to perform this call, which verifies that\n        // the target address contains contract code and also asserts for success in the low-level call.\n\n        bytes memory returndata = address(token).functionCall(data, \"SafeERC20: low-level call failed\");\n",
                                    "if (returndata.length > 0) {\r\n            // Return data is optional\r\n            require(abi.decode(returndata, (bool)), \"SafeERC20: ERC20 operation did not succeed\");\r\n}"
                                ]
                            },
                            "coverage": "95",
                            "correctness": "90",
                            "score": "93",
                            "reason": "The dataflow for the 'token' parameter is well-covered in the provided code, with clear paths from Pool.withdraw to _withdrawLp and safeTransfer. The correctness is high as the token handling follows standard practices, though minor improvements could be made in error handling and gas optimization."
                        },
                        {
                            "parameter": "token",
                            "dataflow": {
                                "withdraw": [
                                    "function withdraw(uint256 amountLp) external {\n        uint256 totalLpAmount_ = totalLpAmount; // Gas optimization\n\n        _withdrawLp(msg.sender, amountLp);\n\n        // Calculate actual and virtual tokens using burned LP amount share\n        // Swap the difference, get total amount to transfer/burn\n        uint256 amountSP = _preWithdrawSwap(\n            tokenBalance * amountLp / totalLpAmount_, \n            vUsdBalance * amountLp / totalLpAmount_\n        );\n\n        // Always equal amounts removed from actual and virtual tokens\n        tokenBalance -= amountSP;\n        vUsdBalance -= amountSP;\n        \n        // Update D and transfer tokens to the sender\n        _updateD();\n        token.safeTransfer(msg.sender, fromSystemPrecision(amountSP));\n    }",
                                    "token.safeTransfer(msg.sender, fromSystemPrecision(amountSP));"
                                ],
                                "_withdrawLp": [
                                    "function _withdrawLp(address from, uint256 lpAmount) internal {\n        UserInfo storage user = userInfo[from];\n        uint256 userLpAmount_ = user.lpAmount; // Gas optimization\n        require(userLpAmount_ >= lpAmount, \"RewardManager: not enough amount\");\n        uint256 pending;\n        if (userLpAmount_ > 0) {\n            pending = ((userLpAmount_ * accRewardPerShareP) >> P) - user.rewardDebt;\n        }\n        totalLpAmount -= lpAmount;\n        userLpAmount_ -= lpAmount;\n        user.lpAmount = userLpAmount_;\n        user.rewardDebt = (userLpAmount_ * accRewardPerShareP) >> P;\n        if (pending > 0) {\n            token.safeTransfer(from, pending);\n            emit RewardsClaimed(from, pending);    \n        }\n        emit Withdraw(from, lpAmount);\n    }",
                                    "if (pending > 0) {\n            token.safeTransfer(from, pending);\n            emit RewardsClaimed(from, pending);    \n        }"
                                ],
                                "safeTransfer": [
                                    "function safeTransfer(\n        IERC20 token,\n        address to,\n        uint256 value\n    ) internal {\n        _callOptionalReturn(token, abi.encodeWithSelector(token.transfer.selector, to, value));\n    }"
                                ],
                                "_callOptionalReturn": [
                                    "function _callOptionalReturn(IERC20 token, bytes memory data) private {\n        // We need to perform a low level call here, to bypass Solidity's return data size checking mechanism, since\n        // we're implementing it ourselves. We use {Address.functionCall} to perform this call, which verifies that\n        // the target address contains contract code and also asserts for success in the low-level call.\n\n        bytes memory returndata = address(token).functionCall(data, \"SafeERC20: low-level call failed\");\n        if (returndata.length > 0) {\n            // Return data is optional\n            require(abi.decode(returndata, (bool)), \"SafeERC20: ERC20 operation did not succeed\");\n        }\n    }"
                                ]
                            },
                            "coverage": "95",
                            "correctness": "90",
                            "score": "92",
                            "reason": "The dataflow code for the parameter 'token' covers almost all the necessary functions where 'token' is used, including withdrawal operations, LP management, and safe transfers. The correctness is high as the implementation follows standard practices for token handling and includes necessary checks and balances. However, there might be minor edge cases not covered in the dataflow, such as extreme values or specific failure modes in token transfers."
                        }
                    ],
                    "merge_dataflows": "function withdraw(uint256 amountLp) external {\n        uint256 totalLpAmount_ = totalLpAmount; // Gas optimization\n\n        _withdrawLp(msg.sender, amountLp);\n\n        // Calculate actual and virtual tokens using burned LP amount share\n        // Swap the difference, get total amount to transfer/burn\n        uint256 amountSP = _preWithdrawSwap(\n            tokenBalance * amountLp / totalLpAmount_, \n            vUsdBalance * amountLp / totalLpAmount_\n        );\n\n        // Always equal amounts removed from actual and virtual tokens\n        tokenBalance -= amountSP;\n        vUsdBalance -= amountSP;\n        \n        // Update D and transfer tokens to the sender\n        _updateD();\n        token.safeTransfer(msg.sender, fromSystemPrecision(amountSP));\n    }\n    function _withdrawLp(address from, uint256 lpAmount) internal {\n        UserInfo storage user = userInfo[from];\n        uint256 userLpAmount_ = user.lpAmount; // Gas optimization\n        require(userLpAmount_ >= lpAmount, \"RewardManager: not enough amount\");\n        uint256 pending;\n        if (userLpAmount_ > 0) {\n            pending = ((userLpAmount_ * accRewardPerShareP) >> P) - user.rewardDebt;\n        }\n        totalLpAmount -= lpAmount;\n        userLpAmount_ -= lpAmount;\n        user.lpAmount = userLpAmount_;\n        user.rewardDebt = (userLpAmount_ * accRewardPerShareP) >> P;\n        if (pending > 0) {\n            token.safeTransfer(from, pending);\n            emit RewardsClaimed(from, pending);    \n        }\n        emit Withdraw(from, lpAmount);\n    }\n    function safeTransfer(\n        IERC20 token,\n        address to,\n        uint256 value\n    ) internal {\n        _callOptionalReturn(token, abi.encodeWithSelector(token.transfer.selector, to, value));\n    }\n    function _callOptionalReturn(IERC20 token, bytes memory data) private {\n        // We need to perform a low level call here, to bypass Solidity's return data size checking mechanism, since\n        // we're implementing it ourselves. We use {Address.functionCall} to perform this call, which verifies that\n        // the target address contains contract code and also asserts for success in the low-level call.\n\n        bytes memory returndata = address(token).functionCall(data, \"SafeERC20: low-level call failed\");\r\nif (returndata.length > 0) {\r\n            // Return data is optional\r\n            require(abi.decode(returndata, (bool)), \"SafeERC20: ERC20 operation did not succeed\");\r\n}\r"
                }
            }
        },
        "step3": {
            "amount": {
                "value": {
                    "Validate that amount is greater than 0": {
                        "original": [
                            {
                                "result": false,
                                "validation": [],
                                "reason": "The code does not explicitly validate that the input parameter 'amountLp' is greater than 0 in the 'withdraw' function."
                            },
                            {
                                "result": false,
                                "validation": [],
                                "reason": "The '_withdrawLp' function checks if the user has enough LP tokens ('userLpAmount_ >= lpAmount') but does not validate if 'lpAmount' is greater than 0."
                            },
                            {
                                "result": false,
                                "validation": [],
                                "reason": "The '_preWithdrawSwap' function performs calculations based on the input amounts but does not include any validation to ensure they are greater than 0."
                            }
                        ],
                        "verify_filtered": []
                    },
                    "Validate that msg.sender's balance change before and after equals amount": {
                        "original": [
                            {
                                "result": false,
                                "validation": [],
                                "reason": "无"
                            },
                            {
                                "result": false,
                                "validation": [],
                                "reason": "无"
                            },
                            {
                                "result": false,
                                "validation": [],
                                "reason": "无"
                            }
                        ],
                        "verify_filtered": []
                    },
                    "Validate that the bridge's balance change before and after equals amount": {
                        "original": [
                            {
                                "result": false,
                                "validation": [],
                                "reason": "无"
                            },
                            {
                                "result": false,
                                "validation": [],
                                "reason": "无"
                            },
                            {
                                "result": false,
                                "validation": [],
                                "reason": "无"
                            }
                        ],
                        "verify_filtered": []
                    },
                    "Validate that msg.sender's balance ≥ amount": {
                        "original": [
                            {
                                "result": false,
                                "validation": [],
                                "reason": "无"
                            },
                            {
                                "result": false,
                                "validation": [],
                                "reason": "无"
                            },
                            {
                                "result": false,
                                "validation": [],
                                "reason": "无"
                            }
                        ],
                        "verify_filtered": []
                    }
                }
            },
            "recipientAddress": {
                "to": {
                    "Validate that recipientAddress is not the zero address": {
                        "original": [
                            {
                                "result": false,
                                "validation": [],
                                "reason": "The code does not contain any validation to check if the recipient address (to) is not the zero address."
                            },
                            {
                                "result": false,
                                "validation": [],
                                "reason": "No explicit check for the zero address is found in the provided code snippet."
                            },
                            {
                                "result": false,
                                "validation": [],
                                "reason": "The function safeTransfer does not include any validation to ensure that the 'to' address is not the zero address."
                            }
                        ],
                        "verify_filtered": []
                    }
                }
            },
            "tokenAddress": {
                "token": {
                    "Check whether the tokenAddress is authorized to use.": {
                        "original": [
                            {
                                "result": false,
                                "validation": [],
                                "reason": "无"
                            },
                            {
                                "result": false,
                                "validation": [],
                                "reason": "无"
                            },
                            {
                                "result": false,
                                "validation": [],
                                "reason": "无"
                            }
                        ],
                        "verify_filtered": []
                    }
                }
            }
        },
        "step4": {
            "amount": {
                "value": {}
            },
            "recipientAddress": {
                "to": {}
            },
            "tokenAddress": {
                "token": {}
            }
        },
        "final_result": {
            "amount": {
                "value": {
                    "Validate that amount is greater than 0": [
                        {
                            "parameter": "value",
                            "constraint": "Validate that amount is greater than 0",
                            "validation": "",
                            "reason": "在step3中未找到约束相关代码，不执行后续步骤"
                        }
                    ],
                    "Validate that msg.sender's balance change before and after equals amount": [
                        {
                            "parameter": "value",
                            "constraint": "Validate that msg.sender's balance change before and after equals amount",
                            "validation": "",
                            "reason": "在step3中未找到约束相关代码，不执行后续步骤"
                        }
                    ],
                    "Validate that the bridge's balance change before and after equals amount": [
                        {
                            "parameter": "value",
                            "constraint": "Validate that the bridge's balance change before and after equals amount",
                            "validation": "",
                            "reason": "在step3中未找到约束相关代码，不执行后续步骤"
                        }
                    ],
                    "Validate that msg.sender's balance ≥ amount": [
                        {
                            "parameter": "value",
                            "constraint": "Validate that msg.sender's balance ≥ amount",
                            "validation": "",
                            "reason": "在step3中未找到约束相关代码，不执行后续步骤"
                        }
                    ]
                }
            },
            "recipientAddress": {
                "to": {
                    "Validate that recipientAddress is not the zero address": [
                        {
                            "parameter": "to",
                            "constraint": "Validate that recipientAddress is not the zero address",
                            "validation": "",
                            "reason": "在step3中未找到约束相关代码，不执行后续步骤"
                        }
                    ]
                }
            },
            "tokenAddress": {
                "token": {
                    "Check whether the tokenAddress is authorized to use.": [
                        {
                            "parameter": "token",
                            "constraint": "Check whether the tokenAddress is authorized to use.",
                            "validation": "",
                            "reason": "在step3中未找到约束相关代码，不执行后续步骤"
                        }
                    ]
                }
            }
        },
        "context": {
            "event": "Withdraw",
            "call_graph": "withdraw->_withdrawLp",
            "state_variables": {
                "totalLpAmount": "uint256 public totalLpAmount;",
                "token": "ERC20 public token;",
                "tokenBalance": "uint256 public tokenBalance;",
                "vUsdBalance": "uint256 public vUsdBalance;",
                "a": "uint256 public a;",
                "d": "uint256 public d;",
                "tokenAmountReduce": "uint256 private tokenAmountReduce;",
                "tokenAmountIncrease": "uint256 private tokenAmountIncrease;",
                "P": "uint256 private constant P = 52;",
                "accRewardPerShareP": "uint256 public accRewardPerShareP;",
                "userInfo": "mapping(address => UserInfo) public userInfo;"
            },
            "external_functions": [
                "function functionCall( address target, bytes memory data, string memory errorMessage ) internal returns (bytes memory){ return functionCallWithValue(target, data, 0, errorMessage);}",
                "function functionCallWithValue( address target, bytes memory data, uint256 value, string memory errorMessage ) internal returns (bytes memory){ require(address(this).balance >= value, \"Address: insufficient balance for call\"); require(isContract(target), \"Address: call to non- contract \"); (bool success, bytes memory returndata) = target.call{ value: value} (data); return verifyCallResult(success, returndata, errorMessage);}"
            ]
        },
        "step1-time": 20.810120820999146,
        "step2-time": 2533.802981853485,
        "step2-call_api_times": 21,
        "step3-time": 58.23609399795532,
        "step3-call_api_times": 6,
        "step4-time": 0.0,
        "step4-call_api_times": 0
    },
    "time": 2677.655497312546,
    "this_cost": 0.2908240000000001,
    "this_prompt_tokens": 99892,
    "this_completion_tokens": 11380
}