{
    "ad2b7769dc9b89055623e5cf9cf8a379": [
        "C:\\Users\\wy\\Desktop\\rag\\dataset\\MeterPassport20220206\\Bridge\\Bridge.sol",
        "EnumerableSet",
        0
    ],
    "17c0cb919bc1b5be0cc90a5f63cce6a2": [
        "C:\\Users\\wy\\Desktop\\rag\\dataset\\MeterPassport20220206\\Bridge\\Bridge.sol",
        "EnumerableSet",
        0
    ],
    "1741e13e15ea9a9f210919d1c3788e12": [
        "C:\\Users\\wy\\Desktop\\rag\\dataset\\MeterPassport20220206\\Bridge\\Bridge.sol",
        "EnumerableSet",
        0
    ],
    "bc694b0bdf3b5a29dac66980d1d4182b": [
        "C:\\Users\\wy\\Desktop\\rag\\dataset\\MeterPassport20220206\\Bridge\\Bridge.sol",
        "EnumerableSet",
        0
    ],
    "e1759b4e1992d27144a409f7b53a0ae1": [
        "C:\\Users\\wy\\Desktop\\rag\\dataset\\MeterPassport20220206\\Bridge\\Bridge.sol",
        "EnumerableSet",
        0
    ],
    "1fdf3a5d95cb556e55ddaf3c7d6b02ff": [
        "C:\\Users\\wy\\Desktop\\rag\\dataset\\MeterPassport20220206\\Bridge\\Bridge.sol",
        "EnumerableSet",
        0
    ],
    "852b0f9f2830320e0672bf0227599b4a": [
        "C:\\Users\\wy\\Desktop\\rag\\dataset\\MeterPassport20220206\\Bridge\\Bridge.sol",
        "EnumerableSet",
        0
    ],
    "31b1ad98ef7bca056e5b57836449c950": [
        "C:\\Users\\wy\\Desktop\\rag\\dataset\\MeterPassport20220206\\Bridge\\Bridge.sol",
        "EnumerableSet",
        0
    ],
    "d4f789eb112120d7d4ed25cdb162a126": [
        "C:\\Users\\wy\\Desktop\\rag\\dataset\\MeterPassport20220206\\Bridge\\Bridge.sol",
        "EnumerableSet",
        0
    ],
    "d75a8a9561b44eed6c4ea9a84b67ac90": [
        "C:\\Users\\wy\\Desktop\\rag\\dataset\\MeterPassport20220206\\Bridge\\Bridge.sol",
        "EnumerableSet",
        0
    ],
    "e69466d3da969494102a54751ab9f3a8": [
        "C:\\Users\\wy\\Desktop\\rag\\dataset\\MeterPassport20220206\\Bridge\\Bridge.sol",
        "EnumerableSet",
        0
    ],
    "ecedb9e5fc6c79ed204867d3da23afe5": [
        "C:\\Users\\wy\\Desktop\\rag\\dataset\\MeterPassport20220206\\Bridge\\Bridge.sol",
        "EnumerableSet",
        0
    ],
    "cea2e30ad0bc0364c37de49fbeb20dc5": [
        "C:\\Users\\wy\\Desktop\\rag\\dataset\\MeterPassport20220206\\Bridge\\Bridge.sol",
        "EnumerableSet",
        0
    ],
    "b3d2f6abcb57b09a1952191a978ae7bc": [
        "C:\\Users\\wy\\Desktop\\rag\\dataset\\MeterPassport20220206\\Bridge\\Bridge.sol",
        "EnumerableSet",
        0
    ],
    "14de3a4f705bba70509f35b3dd44365f": [
        "C:\\Users\\wy\\Desktop\\rag\\dataset\\MeterPassport20220206\\Bridge\\Bridge.sol",
        "EnumerableSet",
        0
    ],
    "0bfe93cb7ea36f0ded62a360862b840e": [
        "C:\\Users\\wy\\Desktop\\rag\\dataset\\MeterPassport20220206\\Bridge\\Bridge.sol",
        "Address",
        0
    ],
    "4213f1701c2999f67f11de98a51e01f6": [
        "C:\\Users\\wy\\Desktop\\rag\\dataset\\MeterPassport20220206\\Bridge\\Bridge.sol",
        "Address",
        0
    ],
    "2a23d0858cde090e7b199aa638ffd5dd": [
        "C:\\Users\\wy\\Desktop\\rag\\dataset\\MeterPassport20220206\\Bridge\\Bridge.sol",
        "Context",
        0
    ],
    "00e29fff2bd07c51e23e94ddc6a504c4": [
        "C:\\Users\\wy\\Desktop\\rag\\dataset\\MeterPassport20220206\\Bridge\\Bridge.sol",
        "Context",
        0
    ],
    "85862d5484a7dade4fadbe2620ef8307": [
        "C:\\Users\\wy\\Desktop\\rag\\dataset\\MeterPassport20220206\\Bridge\\Bridge.sol",
        "Context",
        0
    ],
    "9fbc7e2af1224ec2a5b77a3507366e7e": [
        "C:\\Users\\wy\\Desktop\\rag\\dataset\\MeterPassport20220206\\Bridge\\Bridge.sol",
        "AccessControl",
        0
    ],
    "19a16dd0a34a0f806edd554f550978bd": [
        "C:\\Users\\wy\\Desktop\\rag\\dataset\\MeterPassport20220206\\Bridge\\Bridge.sol",
        "AccessControl",
        0
    ],
    "44de99df62eb881a66d6f5892e1bf93d": [
        "C:\\Users\\wy\\Desktop\\rag\\dataset\\MeterPassport20220206\\Bridge\\Bridge.sol",
        "AccessControl",
        0
    ],
    "f5e4d0f5949141eddc05c7f023643434": [
        "C:\\Users\\wy\\Desktop\\rag\\dataset\\MeterPassport20220206\\Bridge\\Bridge.sol",
        "AccessControl",
        0
    ],
    "f4b059da9460f5d3d0f6b41f6571ddc9": [
        "C:\\Users\\wy\\Desktop\\rag\\dataset\\MeterPassport20220206\\Bridge\\Bridge.sol",
        "AccessControl",
        0
    ],
    "a6204e95b6de4df653aa2ed5a13647e8": [
        "C:\\Users\\wy\\Desktop\\rag\\dataset\\MeterPassport20220206\\Bridge\\Bridge.sol",
        "AccessControl",
        0
    ],
    "aedd260ef7208937a1679e5447fe9131": [
        "C:\\Users\\wy\\Desktop\\rag\\dataset\\MeterPassport20220206\\Bridge\\Bridge.sol",
        "AccessControl",
        0
    ],
    "af0a23debe0f001cc6c8bf7d6a9618e6": [
        "C:\\Users\\wy\\Desktop\\rag\\dataset\\MeterPassport20220206\\Bridge\\Bridge.sol",
        "AccessControl",
        0
    ],
    "48c0248d359b90d47d2a8796ed11f35b": [
        "C:\\Users\\wy\\Desktop\\rag\\dataset\\MeterPassport20220206\\Bridge\\Bridge.sol",
        "AccessControl",
        0
    ],
    "771494ac28e5f2aeb04be27c51120863": [
        "C:\\Users\\wy\\Desktop\\rag\\dataset\\MeterPassport20220206\\Bridge\\Bridge.sol",
        "AccessControl",
        0
    ],
    "dc2c25cb40f6be919e8b4d4af191851f": [
        "C:\\Users\\wy\\Desktop\\rag\\dataset\\MeterPassport20220206\\Bridge\\Bridge.sol",
        "AccessControl",
        0
    ],
    "d16e6d6e12403bddd7cd78a7ea9fd15a": [
        "C:\\Users\\wy\\Desktop\\rag\\dataset\\MeterPassport20220206\\Bridge\\Bridge.sol",
        "Pausable",
        0
    ],
    "2cd42665ca6fa1ede9e137f8a2939e65": [
        "C:\\Users\\wy\\Desktop\\rag\\dataset\\MeterPassport20220206\\Bridge\\Bridge.sol",
        "Pausable",
        0
    ],
    "4e74b619a4ae7d47ea63ade339218071": [
        "C:\\Users\\wy\\Desktop\\rag\\dataset\\MeterPassport20220206\\Bridge\\Bridge.sol",
        "Pausable",
        0
    ],
    "244b861dca8efe704a50f115a4288bf6": [
        "C:\\Users\\wy\\Desktop\\rag\\dataset\\MeterPassport20220206\\Bridge\\Bridge.sol",
        "Pausable",
        0
    ],
    "83aa8306c74a9cdc337e162f7945be7b": [
        "C:\\Users\\wy\\Desktop\\rag\\dataset\\MeterPassport20220206\\Bridge\\Bridge.sol",
        "Pausable",
        0
    ],
    "973f4fe38cdb90400de5ab940d7c809b": [
        "C:\\Users\\wy\\Desktop\\rag\\dataset\\MeterPassport20220206\\Bridge\\Bridge.sol",
        "Pausable",
        0
    ],
    "13070b7b9d4213c896033612f58ceef6": [
        "C:\\Users\\wy\\Desktop\\rag\\dataset\\MeterPassport20220206\\Bridge\\Bridge.sol",
        "Pausable",
        1
    ],
    "ea1719b12ad4b99e8ad37a9c274e591b": [
        "C:\\Users\\wy\\Desktop\\rag\\dataset\\MeterPassport20220206\\Bridge\\Bridge.sol",
        "Pausable",
        1
    ],
    "cb302d12d1cd05f18a2d3c2b39e78043": [
        "C:\\Users\\wy\\Desktop\\rag\\dataset\\MeterPassport20220206\\Bridge\\Bridge.sol",
        "SafeMath",
        0
    ],
    "9722b3989e0b9dbec015e2ba7a5898b7": [
        "C:\\Users\\wy\\Desktop\\rag\\dataset\\MeterPassport20220206\\Bridge\\Bridge.sol",
        "SafeMath",
        0
    ],
    "a15881c9eedaf2c739d41ceeb5bb2875": [
        "C:\\Users\\wy\\Desktop\\rag\\dataset\\MeterPassport20220206\\Bridge\\Bridge.sol",
        "IDepositExecute",
        0
    ],
    "b430808e4e60da9b9edd5a86219fd95a": [
        "C:\\Users\\wy\\Desktop\\rag\\dataset\\MeterPassport20220206\\Bridge\\Bridge.sol",
        "IDepositExecute",
        0
    ],
    "454ade5f69e7fa6b21e3598b84d6f6d2": [
        "C:\\Users\\wy\\Desktop\\rag\\dataset\\MeterPassport20220206\\Bridge\\Bridge.sol",
        "IBridge",
        0
    ],
    "552231eeee9723fb36fb620bdbb08075": [
        "C:\\Users\\wy\\Desktop\\rag\\dataset\\MeterPassport20220206\\Bridge\\Bridge.sol",
        "IERCHandler",
        0
    ],
    "50c6cff347fc27e2f17494a0a4bae2df": [
        "C:\\Users\\wy\\Desktop\\rag\\dataset\\MeterPassport20220206\\Bridge\\Bridge.sol",
        "IERCHandler",
        0
    ],
    "7f6f8007b6e649adf29b6f03d238733f": [
        "C:\\Users\\wy\\Desktop\\rag\\dataset\\MeterPassport20220206\\Bridge\\Bridge.sol",
        "IERCHandler",
        0
    ],
    "c0bfce1283c6a141b2dca1cf4d3dee1b": [
        "C:\\Users\\wy\\Desktop\\rag\\dataset\\MeterPassport20220206\\Bridge\\Bridge.sol",
        "IERCHandler",
        0
    ],
    "26b8f52dcde7ab180f418656cb08781b": [
        "C:\\Users\\wy\\Desktop\\rag\\dataset\\MeterPassport20220206\\Bridge\\Bridge.sol",
        "IERCHandler",
        0
    ],
    "07a16f99040b62181079ca3f076a0041": [
        "C:\\Users\\wy\\Desktop\\rag\\dataset\\MeterPassport20220206\\Bridge\\Bridge.sol",
        "IGenericHandler",
        0
    ],
    "4f2eec90abd519258d97a4283a54e2f1": [
        "C:\\Users\\wy\\Desktop\\rag\\dataset\\MeterPassport20220206\\Bridge\\Bridge.sol",
        "IWETH",
        0
    ],
    "0587b6354cf0d3773c8593eb4103d819": [
        "C:\\Users\\wy\\Desktop\\rag\\dataset\\MeterPassport20220206\\Bridge\\Bridge.sol",
        "IWETH",
        0
    ],
    "b3e698980247640e9fe99c060e4921fc": [
        "C:\\Users\\wy\\Desktop\\rag\\dataset\\MeterPassport20220206\\Bridge\\Bridge.sol",
        "IWETH",
        0
    ],
    "e312b08ebbb62fa2e9c5ef36ee3a071f": [
        "C:\\Users\\wy\\Desktop\\rag\\dataset\\MeterPassport20220206\\Bridge\\Bridge.sol",
        "Bridge",
        0
    ],
    "f20840dcb19be4cec879e3f934f06230": [
        "C:\\Users\\wy\\Desktop\\rag\\dataset\\MeterPassport20220206\\Bridge\\Bridge.sol",
        "Bridge",
        0
    ],
    "8482f4408f6a739960356e6ac07862f2": [
        "C:\\Users\\wy\\Desktop\\rag\\dataset\\MeterPassport20220206\\Bridge\\Bridge.sol",
        "Bridge",
        0
    ],
    "a6412ace4cec6505c0f7c5b79f7a9431": [
        "C:\\Users\\wy\\Desktop\\rag\\dataset\\MeterPassport20220206\\Bridge\\Bridge.sol",
        "Bridge",
        0
    ],
    "a3b918829d84331ea55d8198c5ef23c3": [
        "C:\\Users\\wy\\Desktop\\rag\\dataset\\MeterPassport20220206\\Bridge\\Bridge.sol",
        "Bridge",
        0
    ],
    "8688cb707fe368bf2769790a10084830": [
        "C:\\Users\\wy\\Desktop\\rag\\dataset\\MeterPassport20220206\\Bridge\\Bridge.sol",
        "Bridge",
        0
    ],
    "5816ec8b67de23ec20054843cf73c4c0": [
        "C:\\Users\\wy\\Desktop\\rag\\dataset\\MeterPassport20220206\\Bridge\\Bridge.sol",
        "Bridge",
        0
    ],
    "624164127cb66dcc43169c823efedfc6": [
        "C:\\Users\\wy\\Desktop\\rag\\dataset\\MeterPassport20220206\\Bridge\\Bridge.sol",
        "Bridge",
        0
    ],
    "4036ab75993adc5d30fb9b36ee157a1c": [
        "C:\\Users\\wy\\Desktop\\rag\\dataset\\MeterPassport20220206\\Bridge\\Bridge.sol",
        "Bridge",
        0
    ],
    "8b014412c40cbf46c7182d5047c4f0e1": [
        "C:\\Users\\wy\\Desktop\\rag\\dataset\\MeterPassport20220206\\Bridge\\Bridge.sol",
        "Bridge",
        0
    ],
    "bcad1c2b705cea3effb24519b7399655": [
        "C:\\Users\\wy\\Desktop\\rag\\dataset\\MeterPassport20220206\\Bridge\\Bridge.sol",
        "Bridge",
        0
    ],
    "77072c3a443d3d98b010fc890c9c8bf3": [
        "C:\\Users\\wy\\Desktop\\rag\\dataset\\MeterPassport20220206\\Bridge\\Bridge.sol",
        "Bridge",
        0
    ],
    "7436b2a397330dea2c0e916580354941": [
        "C:\\Users\\wy\\Desktop\\rag\\dataset\\MeterPassport20220206\\Bridge\\Bridge.sol",
        "Bridge",
        0
    ],
    "8710435c84c81d931b087f22147daa28": [
        "C:\\Users\\wy\\Desktop\\rag\\dataset\\MeterPassport20220206\\Bridge\\Bridge.sol",
        "Bridge",
        0
    ],
    "5ac847ca3e4474bd9c9af9097ea76a34": [
        "C:\\Users\\wy\\Desktop\\rag\\dataset\\MeterPassport20220206\\Bridge\\Bridge.sol",
        "Bridge",
        0
    ],
    "58ad0129b630df704b09189ee9b24bbd": [
        "C:\\Users\\wy\\Desktop\\rag\\dataset\\MeterPassport20220206\\Bridge\\Bridge.sol",
        "Bridge",
        0
    ],
    "a83ab6f9c8502f8e8861d4a0a059fa32": [
        "C:\\Users\\wy\\Desktop\\rag\\dataset\\MeterPassport20220206\\Bridge\\Bridge.sol",
        "Bridge",
        0
    ],
    "0afcf7ed022fb5e2b87e22ce16e775bd": [
        "C:\\Users\\wy\\Desktop\\rag\\dataset\\MeterPassport20220206\\Bridge\\Bridge.sol",
        "Bridge",
        0
    ],
    "347653ae933f7cbcb6655199e1e34d07": [
        "C:\\Users\\wy\\Desktop\\rag\\dataset\\MeterPassport20220206\\Bridge\\Bridge.sol",
        "Bridge",
        0
    ],
    "2912c81df25cf66fe55c1633e088182a": [
        "C:\\Users\\wy\\Desktop\\rag\\dataset\\MeterPassport20220206\\Bridge\\Bridge.sol",
        "Bridge",
        0
    ],
    "e56d6bf3d75e80c5e5929123d64c88d3": [
        "C:\\Users\\wy\\Desktop\\rag\\dataset\\MeterPassport20220206\\Bridge\\Bridge.sol",
        "Bridge",
        0
    ],
    "3061b75cfc0d87ca500d3a203589cac7": [
        "C:\\Users\\wy\\Desktop\\rag\\dataset\\MeterPassport20220206\\Bridge\\Bridge.sol",
        "Bridge",
        0
    ],
    "e1c6a4bcb7274cb78bc759429404775c": [
        "C:\\Users\\wy\\Desktop\\rag\\dataset\\MeterPassport20220206\\Bridge\\Bridge.sol",
        "Bridge",
        0
    ],
    "60dcbe21be6f0902820b179c53fb0a18": [
        "C:\\Users\\wy\\Desktop\\rag\\dataset\\MeterPassport20220206\\Bridge\\Bridge.sol",
        "Bridge",
        0
    ],
    "d10bb21d32248733d9fd776524c6062a": [
        "C:\\Users\\wy\\Desktop\\rag\\dataset\\MeterPassport20220206\\Bridge\\Bridge.sol",
        "Bridge",
        0
    ],
    "169862b6db5b27fa2b66bb83970d1b63": [
        "C:\\Users\\wy\\Desktop\\rag\\dataset\\MeterPassport20220206\\Bridge\\Bridge.sol",
        "Bridge",
        0
    ],
    "88c5dd7ba3b1cd3eb3479ba35ac160a4": [
        "C:\\Users\\wy\\Desktop\\rag\\dataset\\MeterPassport20220206\\Bridge\\Bridge.sol",
        "Bridge",
        0
    ],
    "8ca3dc753490d1464881cf92b8f4ec12": [
        "C:\\Users\\wy\\Desktop\\rag\\dataset\\MeterPassport20220206\\Bridge\\Bridge.sol",
        "Bridge",
        0
    ],
    "29350b1b712b282c47b50eea0d4a0251": [
        "C:\\Users\\wy\\Desktop\\rag\\dataset\\MeterPassport20220206\\Bridge\\Bridge.sol",
        "Bridge",
        0
    ],
    "48d1052ff72545edc43c634b995ff876": [
        "C:\\Users\\wy\\Desktop\\rag\\dataset\\MeterPassport20220206\\Bridge\\Bridge.sol",
        "Bridge",
        0
    ],
    "81f44978a4daedaf5ed1fd4d0e0721ba": [
        "C:\\Users\\wy\\Desktop\\rag\\dataset\\MeterPassport20220206\\Bridge\\Bridge.sol",
        "Bridge",
        0
    ],
    "aeb6613f187806e1368cb1bf35b22607": [
        "C:\\Users\\wy\\Desktop\\rag\\dataset\\MeterPassport20220206\\Bridge\\Bridge.sol",
        "Bridge",
        0
    ],
    "af5cbf83ba8ee979b9a58ad9f1a2dbbb": [
        "C:\\Users\\wy\\Desktop\\rag\\dataset\\MeterPassport20220206\\Bridge\\Bridge.sol",
        "Bridge",
        1
    ],
    "0638d48554681048177eb2b754c97b23": [
        "C:\\Users\\wy\\Desktop\\rag\\dataset\\MeterPassport20220206\\Bridge\\Bridge.sol",
        "Bridge",
        1
    ],
    "2ab10dec0938d7c5d88f304463868c1f": [
        "C:\\Users\\wy\\Desktop\\rag\\dataset\\MeterPassport20220206\\Bridge\\Bridge.sol",
        "Bridge",
        1
    ],
    "ef0c0a2d46dfe46ea882e023f9144bcb": [
        "C:\\Users\\wy\\Desktop\\rag\\dataset\\MeterPassport20220206\\Bridge\\Bridge.sol",
        "Bridge",
        1
    ],
    "0ad03cff916f0a85052f21db8bfb7cb9": [
        "C:\\Users\\wy\\Desktop\\rag\\dataset\\MeterPassport20220206\\Bridge\\Bridge.sol",
        "Bridge",
        1
    ],
    "fee1a9234392ef4f75df54abe2389d55": [
        "C:\\Users\\wy\\Desktop\\rag\\dataset\\MeterPassport20220206\\ERC20Handler\\ERC20Handler.sol",
        "HandlerHelpers",
        0
    ],
    "b36fe6292d2e653f0c523290a129540d": [
        "C:\\Users\\wy\\Desktop\\rag\\dataset\\MeterPassport20220206\\ERC20Handler\\ERC20Handler.sol",
        "HandlerHelpers",
        0
    ],
    "720b99b85d012bcac18e47da24095786": [
        "C:\\Users\\wy\\Desktop\\rag\\dataset\\MeterPassport20220206\\ERC20Handler\\ERC20Handler.sol",
        "HandlerHelpers",
        0
    ],
    "c9b0b6db2edf29902113155867125e04": [
        "C:\\Users\\wy\\Desktop\\rag\\dataset\\MeterPassport20220206\\ERC20Handler\\ERC20Handler.sol",
        "HandlerHelpers",
        0
    ],
    "9717a5a12f0749ad58a467fe45ed7e63": [
        "C:\\Users\\wy\\Desktop\\rag\\dataset\\MeterPassport20220206\\ERC20Handler\\ERC20Handler.sol",
        "HandlerHelpers",
        0
    ],
    "dc029ea48dbc6331e4711561d93a2b64": [
        "C:\\Users\\wy\\Desktop\\rag\\dataset\\MeterPassport20220206\\ERC20Handler\\ERC20Handler.sol",
        "HandlerHelpers",
        0
    ],
    "6273db6b616ff9c9a888ea78da17908f": [
        "C:\\Users\\wy\\Desktop\\rag\\dataset\\MeterPassport20220206\\ERC20Handler\\ERC20Handler.sol",
        "HandlerHelpers",
        0
    ],
    "457e4dff43742d217be66bf902930b86": [
        "C:\\Users\\wy\\Desktop\\rag\\dataset\\MeterPassport20220206\\ERC20Handler\\ERC20Handler.sol",
        "HandlerHelpers",
        1
    ],
    "b83a169007730f80a7fc79bee8748fff": [
        "C:\\Users\\wy\\Desktop\\rag\\dataset\\MeterPassport20220206\\ERC20Handler\\ERC20Handler.sol",
        "SafeMath",
        0
    ],
    "972c2868144778b0617e55a6f97163a0": [
        "C:\\Users\\wy\\Desktop\\rag\\dataset\\MeterPassport20220206\\ERC20Handler\\ERC20Handler.sol",
        "SafeMath",
        0
    ],
    "5005b7d925d95cb4c4c0f092235e9f5d": [
        "C:\\Users\\wy\\Desktop\\rag\\dataset\\MeterPassport20220206\\ERC20Handler\\ERC20Handler.sol",
        "SafeMath",
        0
    ],
    "5622448ca508810ce734d0cb10517566": [
        "C:\\Users\\wy\\Desktop\\rag\\dataset\\MeterPassport20220206\\ERC20Handler\\ERC20Handler.sol",
        "SafeMath",
        0
    ],
    "371f945bc2211ac7c63e7277fb7222a7": [
        "C:\\Users\\wy\\Desktop\\rag\\dataset\\MeterPassport20220206\\ERC20Handler\\ERC20Handler.sol",
        "SafeMath",
        0
    ],
    "bff731811ec791ca1a5d6bc88d8d75a5": [
        "C:\\Users\\wy\\Desktop\\rag\\dataset\\MeterPassport20220206\\ERC20Handler\\ERC20Handler.sol",
        "SafeMath",
        0
    ],
    "50a3733021c21a71491ee85ffb90a2a4": [
        "C:\\Users\\wy\\Desktop\\rag\\dataset\\MeterPassport20220206\\ERC20Handler\\ERC20Handler.sol",
        "SafeMath",
        0
    ],
    "8ec02abe488c084092f946ae1c4a8ccd": [
        "C:\\Users\\wy\\Desktop\\rag\\dataset\\MeterPassport20220206\\ERC20Handler\\ERC20Handler.sol",
        "SafeMath",
        0
    ],
    "5e1d12e61f4bf4b37161d9b684742570": [
        "C:\\Users\\wy\\Desktop\\rag\\dataset\\MeterPassport20220206\\ERC20Handler\\ERC20Handler.sol",
        "IERC20",
        0
    ],
    "3ac17e7782366957c960d337a4a648cd": [
        "C:\\Users\\wy\\Desktop\\rag\\dataset\\MeterPassport20220206\\ERC20Handler\\ERC20Handler.sol",
        "IERC20",
        0
    ],
    "98b540da9047ee99bce7fadde65d04b7": [
        "C:\\Users\\wy\\Desktop\\rag\\dataset\\MeterPassport20220206\\ERC20Handler\\ERC20Handler.sol",
        "IERC20",
        0
    ],
    "c93791d09d789aed33b9725d482af442": [
        "C:\\Users\\wy\\Desktop\\rag\\dataset\\MeterPassport20220206\\ERC20Handler\\ERC20Handler.sol",
        "IERC20",
        0
    ],
    "7c80d707df648dc123a10c69a1150edc": [
        "C:\\Users\\wy\\Desktop\\rag\\dataset\\MeterPassport20220206\\ERC20Handler\\ERC20Handler.sol",
        "IERC20",
        0
    ],
    "c134d67e13a988b449de71dd226682ab": [
        "C:\\Users\\wy\\Desktop\\rag\\dataset\\MeterPassport20220206\\ERC20Handler\\ERC20Handler.sol",
        "IERC20",
        0
    ],
    "7c0cc50083b58ec51607ed82540381f9": [
        "C:\\Users\\wy\\Desktop\\rag\\dataset\\MeterPassport20220206\\ERC20Handler\\ERC20Handler.sol",
        "ERC20",
        0
    ],
    "8572f20ecd43eb9f02a2efc81fdc4578": [
        "C:\\Users\\wy\\Desktop\\rag\\dataset\\MeterPassport20220206\\ERC20Handler\\ERC20Handler.sol",
        "ERC20",
        0
    ],
    "b002d129ce65d0f4df01da6ede3b5e4d": [
        "C:\\Users\\wy\\Desktop\\rag\\dataset\\MeterPassport20220206\\ERC20Handler\\ERC20Handler.sol",
        "ERC20",
        0
    ],
    "c396c5ca1d21fa7e84c10681e8d59b07": [
        "C:\\Users\\wy\\Desktop\\rag\\dataset\\MeterPassport20220206\\ERC20Handler\\ERC20Handler.sol",
        "ERC20",
        0
    ],
    "bb4ad2b782229755936696d1b68b36a4": [
        "C:\\Users\\wy\\Desktop\\rag\\dataset\\MeterPassport20220206\\ERC20Handler\\ERC20Handler.sol",
        "ERC20",
        0
    ],
    "c3e34cfaf7176fb234da98e9806cd30c": [
        "C:\\Users\\wy\\Desktop\\rag\\dataset\\MeterPassport20220206\\ERC20Handler\\ERC20Handler.sol",
        "ERC20",
        0
    ],
    "3ee0674f770c2fd01c8fe1a77d179a27": [
        "C:\\Users\\wy\\Desktop\\rag\\dataset\\MeterPassport20220206\\ERC20Handler\\ERC20Handler.sol",
        "ERC20",
        0
    ],
    "d7cbdea72a1a98a5910dc39323a9b2cc": [
        "C:\\Users\\wy\\Desktop\\rag\\dataset\\MeterPassport20220206\\ERC20Handler\\ERC20Handler.sol",
        "ERC20",
        0
    ],
    "6a2b69527387a6c654cc23d45f984ac2": [
        "C:\\Users\\wy\\Desktop\\rag\\dataset\\MeterPassport20220206\\ERC20Handler\\ERC20Handler.sol",
        "ERC20",
        0
    ],
    "2148a38f6e5adea8b372012c016d9070": [
        "C:\\Users\\wy\\Desktop\\rag\\dataset\\MeterPassport20220206\\ERC20Handler\\ERC20Handler.sol",
        "ERC20",
        0
    ],
    "e2420d124f948c49ec7763d058d15157": [
        "C:\\Users\\wy\\Desktop\\rag\\dataset\\MeterPassport20220206\\ERC20Handler\\ERC20Handler.sol",
        "ERC20",
        0
    ],
    "c9787278fddc63fad59c0d8d8adbcafe": [
        "C:\\Users\\wy\\Desktop\\rag\\dataset\\MeterPassport20220206\\ERC20Handler\\ERC20Handler.sol",
        "ERC20",
        0
    ],
    "fb62c220e2276721ee024f6b82f94489": [
        "C:\\Users\\wy\\Desktop\\rag\\dataset\\MeterPassport20220206\\ERC20Handler\\ERC20Handler.sol",
        "ERC20",
        0
    ],
    "096242128c682603db1a0b0d903136f5": [
        "C:\\Users\\wy\\Desktop\\rag\\dataset\\MeterPassport20220206\\ERC20Handler\\ERC20Handler.sol",
        "ERC20",
        0
    ],
    "5a2372c1fd2a727cf0935156c997d1f5": [
        "C:\\Users\\wy\\Desktop\\rag\\dataset\\MeterPassport20220206\\ERC20Handler\\ERC20Handler.sol",
        "ERC20",
        0
    ],
    "39fc3d2c59f8296512abc90ea29b08bf": [
        "C:\\Users\\wy\\Desktop\\rag\\dataset\\MeterPassport20220206\\ERC20Handler\\ERC20Handler.sol",
        "ERC20",
        0
    ],
    "f7745f15903633a0ae970d1ffac10a13": [
        "C:\\Users\\wy\\Desktop\\rag\\dataset\\MeterPassport20220206\\ERC20Handler\\ERC20Handler.sol",
        "ERC20",
        0
    ],
    "ba41c5ef0cd7854682c8a8381eef9051": [
        "C:\\Users\\wy\\Desktop\\rag\\dataset\\MeterPassport20220206\\ERC20Handler\\ERC20Handler.sol",
        "ERC20",
        0
    ],
    "428cefcc6e4f5aace54672f0f6094c37": [
        "C:\\Users\\wy\\Desktop\\rag\\dataset\\MeterPassport20220206\\ERC20Handler\\ERC20Handler.sol",
        "ERC20Burnable",
        0
    ],
    "38ccb3d820bb411699d3ecfa4b23f070": [
        "C:\\Users\\wy\\Desktop\\rag\\dataset\\MeterPassport20220206\\ERC20Handler\\ERC20Handler.sol",
        "ERC20Burnable",
        0
    ],
    "5f208620cb437050ec0355ecb0c3e32b": [
        "C:\\Users\\wy\\Desktop\\rag\\dataset\\MeterPassport20220206\\ERC20Handler\\ERC20Handler.sol",
        "Pausable",
        0
    ],
    "07005ace67272c8e873543f86aa97854": [
        "C:\\Users\\wy\\Desktop\\rag\\dataset\\MeterPassport20220206\\ERC20Handler\\ERC20Handler.sol",
        "Pausable",
        0
    ],
    "916b8aef83a979053b70140c3000aa2c": [
        "C:\\Users\\wy\\Desktop\\rag\\dataset\\MeterPassport20220206\\ERC20Handler\\ERC20Handler.sol",
        "Pausable",
        1
    ],
    "e0b4b9a4d589dd82240753f62436415f": [
        "C:\\Users\\wy\\Desktop\\rag\\dataset\\MeterPassport20220206\\ERC20Handler\\ERC20Handler.sol",
        "Pausable",
        1
    ],
    "13ca67585a32fe8369f90ee8077fe252": [
        "C:\\Users\\wy\\Desktop\\rag\\dataset\\MeterPassport20220206\\ERC20Handler\\ERC20Handler.sol",
        "ERC20Pausable",
        0
    ],
    "4786253fdb3d2833107fe52cb662c170": [
        "C:\\Users\\wy\\Desktop\\rag\\dataset\\MeterPassport20220206\\ERC20Handler\\ERC20Handler.sol",
        "ERC20PresetMinterPauser",
        0
    ],
    "37933d8beef3fb374564a7eb088f352c": [
        "C:\\Users\\wy\\Desktop\\rag\\dataset\\MeterPassport20220206\\ERC20Handler\\ERC20Handler.sol",
        "ERC20PresetMinterPauser",
        0
    ],
    "916b4641d4b8b28b5fdc80d92ee764b4": [
        "C:\\Users\\wy\\Desktop\\rag\\dataset\\MeterPassport20220206\\ERC20Handler\\ERC20Handler.sol",
        "ERC20PresetMinterPauser",
        0
    ],
    "95e26c58303a1108dcd7ff95c5faa983": [
        "C:\\Users\\wy\\Desktop\\rag\\dataset\\MeterPassport20220206\\ERC20Handler\\ERC20Handler.sol",
        "ERC20PresetMinterPauser",
        0
    ],
    "a8346614a889859ee34b98afdfdb41c0": [
        "C:\\Users\\wy\\Desktop\\rag\\dataset\\MeterPassport20220206\\ERC20Handler\\ERC20Handler.sol",
        "ERC20PresetMinterPauser",
        0
    ],
    "86a5a9f32a1f12574e8fe78443a417ea": [
        "C:\\Users\\wy\\Desktop\\rag\\dataset\\MeterPassport20220206\\ERC20Handler\\ERC20Handler.sol",
        "ERC20Safe",
        0
    ],
    "7bbaa844146949c90c7d8fd6a87d71be": [
        "C:\\Users\\wy\\Desktop\\rag\\dataset\\MeterPassport20220206\\ERC20Handler\\ERC20Handler.sol",
        "ERC20Safe",
        0
    ],
    "b337d90475ade3e5a3e3863d38f9b4f9": [
        "C:\\Users\\wy\\Desktop\\rag\\dataset\\MeterPassport20220206\\ERC20Handler\\ERC20Handler.sol",
        "ERC20Safe",
        0
    ],
    "f129b0a4ede76da92913203b5a11d6fe": [
        "C:\\Users\\wy\\Desktop\\rag\\dataset\\MeterPassport20220206\\ERC20Handler\\ERC20Handler.sol",
        "ERC20Safe",
        0
    ],
    "f832a3ae9366292f8529012b2dc5373d": [
        "C:\\Users\\wy\\Desktop\\rag\\dataset\\MeterPassport20220206\\ERC20Handler\\ERC20Handler.sol",
        "ERC20Safe",
        0
    ],
    "b4627e45878bd2212926aa03e5d4951b": [
        "C:\\Users\\wy\\Desktop\\rag\\dataset\\MeterPassport20220206\\ERC20Handler\\ERC20Handler.sol",
        "ERC20Safe",
        0
    ],
    "572c3683e9e0dea5085b4af8a513caf2": [
        "C:\\Users\\wy\\Desktop\\rag\\dataset\\MeterPassport20220206\\ERC20Handler\\ERC20Handler.sol",
        "ERC20Safe",
        0
    ],
    "4c80b4dfdc9d454d1223983425eafd8f": [
        "C:\\Users\\wy\\Desktop\\rag\\dataset\\MeterPassport20220206\\ERC20Handler\\ERC20Handler.sol",
        "ERC20Safe",
        0
    ],
    "7694468ef44c7c5b79c52be41396a750": [
        "C:\\Users\\wy\\Desktop\\rag\\dataset\\MeterPassport20220206\\ERC20Handler\\ERC20Handler.sol",
        "TransferHelper",
        0
    ],
    "73bd6756a1c046a51db600e2028e2623": [
        "C:\\Users\\wy\\Desktop\\rag\\dataset\\MeterPassport20220206\\ERC20Handler\\ERC20Handler.sol",
        "TransferHelper",
        0
    ],
    "3b9ecd7a994d6d693acf941e471aa09a": [
        "C:\\Users\\wy\\Desktop\\rag\\dataset\\MeterPassport20220206\\ERC20Handler\\ERC20Handler.sol",
        "TransferHelper",
        0
    ],
    "72da877c6fc0c919f4e6e58a3e285d3d": [
        "C:\\Users\\wy\\Desktop\\rag\\dataset\\MeterPassport20220206\\ERC20Handler\\ERC20Handler.sol",
        "TransferHelper",
        0
    ],
    "c20b8f097fe73a198f8d18a8022634ca": [
        "C:\\Users\\wy\\Desktop\\rag\\dataset\\MeterPassport20220206\\ERC20Handler\\ERC20Handler.sol",
        "ERC20Handler",
        0
    ],
    "44c3b53246ce301145afe82f4b8a6584": [
        "C:\\Users\\wy\\Desktop\\rag\\dataset\\MeterPassport20220206\\ERC20Handler\\ERC20Handler.sol",
        "ERC20Handler",
        0
    ],
    "e7f34451afb36874cd284621df84ad33": [
        "C:\\Users\\wy\\Desktop\\rag\\dataset\\MeterPassport20220206\\ERC20Handler\\ERC20Handler.sol",
        "ERC20Handler",
        0
    ],
    "692e82b7424d722e6f140619a03a941f": [
        "C:\\Users\\wy\\Desktop\\rag\\dataset\\MeterPassport20220206\\ERC20Handler\\ERC20Handler.sol",
        "ERC20Handler",
        0
    ],
    "79406efc7f95ba066ecd906270c2ecf1": [
        "C:\\Users\\wy\\Desktop\\rag\\dataset\\MeterPassport20220206\\ERC20Handler\\ERC20Handler.sol",
        "ERC20Handler",
        0
    ],
    "7f6e0e43eb08682060968b513c14ff3e": [
        "C:\\Users\\wy\\Desktop\\rag\\dataset\\MeterPassport20220206\\ERC20Handler\\ERC20Handler.sol",
        "ERC20Handler",
        0
    ]
}