{
    "THORChain_Router.returnVaultAssets": {
        "step1": {
            "prompt1": "\n你是一位经验丰富的跨链协议分析专家。你的任务是将根据提供的 Solidity 代码，将指定的跨链属性映射到代码中的参数上；如果某属性在代码中找不到对应参数，则不在输出中列出该属性，如果存在多个参数对应同一属性的可能性，每个属性至多输出3种参数映射方案。请严格遵循以下定义的输入格式和输出格式：\n输入格式： 你将接收一个 JSON 对象作为输入，其结构如下： \n{\n\"attribute\": \n{ \n\"<attribute>\": \"<attribute description>\" ,\n\"<attribute>\": \"<attribute description>\",\n...\n}\n\"code\": \"...\" // Solidity 合约代码字符串 \n}\n输出格式：\n返回一个 JSON 对象数组，每项结构如下：\n[ \n{\n\"parameter\": \"...\", // 代码中最可能对应该属性的参数名\n\"attribute\": \"...\", // 输入的跨链属性 \n\"reason\": \"...\" // 简要说明：为何选择此参数，以及可能的歧义 \n}, ... \n]\nreason 中请同时指出该映射的核心依据和潜在的不确定点（例如：参数名相似度、上下文含义模糊等）。\n\n输入：\n{\n\"attribute\": {\"toChainID\": \"Specifies the destination blockchain network ID.\", \"tokenAddress\": \"Indicates the contract address of the token to be transferred.\", \"amount\": \"The number of tokens to be transferred across chains.\", \"nonce\": \"Check and mark that nonce has not been consumed to prevent replay\", \"recipientAddress\": \"The address that will receive the tokens on the destination chain.\", \"externalCallAddress\": \"The address of a contract to be called after the cross-chain transfer.\", \"externalCallFunction\": \"The specific function or calldata to be executed on the `externalCallAddress`.\", \"routerAddress\": \"The address of the cross-chain router or bridge handler.\"},\n\"code\": [\"THORChain_Router.returnVaultAssets:function returnVaultAssets(address router, address payable asgard, Coin[] memory coins, string memory memo) external payable {\\n        if (router == address(this)){\\n            for(uint i = 0; i < coins.length; i++){\\n                _adjustAllowances(asgard, coins[i].asset, coins[i].amount);\\n            }\\n            emit VaultTransfer(msg.sender, asgard, coins, memo); // Does not include ETH.           \\n        } else {\\n            for(uint i = 0; i < coins.length; i++){\\n                _routerDeposit(router, asgard, coins[i].asset, coins[i].amount, memo);\\n            }\\n        }\\n        (bool success,) = asgard.call{value:msg.value}(\\\"\\\"); //ETH amount needs to be parsed from tx.\\n        require(success);\\n    }\", \"THORChain_Router._adjustAllowances:function _adjustAllowances(address _newVault, address _asset, uint _amount) internal {\\n        vaultAllowance[msg.sender][_asset] -= _amount;\\n        vaultAllowance[_newVault][_asset] += _amount;\\n    }\", \"THORChain_Router._routerDeposit:function _routerDeposit(address _router, address _vault, address _asset, uint _amount, string memory _memo) internal {\\n        vaultAllowance[msg.sender][_asset] -= _amount;\\n        (bool success,) = _asset.call(abi.encodeWithSignature(\\\"approve(address,uint256)\\\", _router, _amount)); // Approve to transfer\\n        require(success);\\n        iROUTER(_router).depositWithExpiry(_vault, _asset, _amount, _memo, type(uint).max); // Transfer by depositing\\n    }\"]\n}\n",
            "outputs1": [
                [
                    {
                        "parameter": "_asset",
                        "attribute": "tokenAddress",
                        "reason": "The parameter '_asset' is used to specify the token contract address in functions '_adjustAllowances' and '_routerDeposit', which matches the description of 'tokenAddress'. However, it's unclear if this is always an external token address or could also represent internal identifiers."
                    },
                    {
                        "parameter": "_amount",
                        "attribute": "amount",
                        "reason": "The parameter '_amount' consistently represents the quantity of tokens being processed in both '_adjustAllowances' and '_routerDeposit', directly corresponding to the 'amount' attribute. No ambiguity found."
                    },
                    {
                        "parameter": "_router",
                        "attribute": "routerAddress",
                        "reason": "The parameter '_router' appears to specify the bridge handler address in '_routerDeposit', aligning with 'routerAddress' definition. However, it might alternatively represent an intermediate contract rather than the final router."
                    },
                    {
                        "parameter": "_vault/_newVault/asgard",
                        "attribute": "recipientAddress",
                        "reason": "These parameters (context-dependent) specify destination addresses for token transfers. While 'asgard' appears as a recipient in 'returnVaultAssets', it's unclear whether these strictly match cross-chain recipients or are internal vault addresses."
                    },
                    {
                        "parameter": "_memo",
                        "attribute": "externalCallFunction",
                        "reason": "'_memo' could potentially encode calldata for external operations, but this is speculative as the code shows no explicit function execution. The string type matches but functionality isn't demonstrated."
                    }
                ]
            ],
            "v_prompt1": "\n你是一位严谨的跨链协议审计员和数据一致性验证者。仔细审查给定的多个跨链属性与参数在代码中的含义是否一致，并为其分配一个置信度分数 (0-100%)，指出给定该置信度分数的原因。\n\n输入格式： 你将接收一个 JSON 对象作为输入，其结构如下:\n{\n\"correspondence\":    // 代码中属性与参数对应的数组\n[\n{\n\"attribute\": \"...\", // 输入的跨链属性 \n\"parameter\": \"...\", // 对应的参数\n\"reason\": \"...\" // 简要的说明：为何选择此参数，以及可能的歧义 \n}\n...\n]，\n\"code\":\"...\" //跨链合约代码\n}\n\n输出格式：返回一个 JSON 对象数组，每项结构如下：\n[ \n{\n\"parameter\": \"...\", // 代码中最可能对应该属性的参数名\n\"attribute\": \"...\", // 输入的跨链属性 \n\"score\":\"...\", // 分配的置信度分数\n\"reason\": \"...\" // 简要说明给定该置信度分数的原因\n}, ... \n]\n输入：\n{\n\"correspondence\": [{\"parameter\": \"_asset\", \"attribute\": \"tokenAddress\", \"reason\": \"The parameter '_asset' is used to specify the token contract address in functions '_adjustAllowances' and '_routerDeposit', which matches the description of 'tokenAddress'. However, it's unclear if this is always an external token address or could also represent internal identifiers.\"}, {\"parameter\": \"_amount\", \"attribute\": \"amount\", \"reason\": \"The parameter '_amount' consistently represents the quantity of tokens being processed in both '_adjustAllowances' and '_routerDeposit', directly corresponding to the 'amount' attribute. No ambiguity found.\"}, {\"parameter\": \"_router\", \"attribute\": \"routerAddress\", \"reason\": \"The parameter '_router' appears to specify the bridge handler address in '_routerDeposit', aligning with 'routerAddress' definition. However, it might alternatively represent an intermediate contract rather than the final router.\"}, {\"parameter\": \"_vault/_newVault/asgard\", \"attribute\": \"recipientAddress\", \"reason\": \"These parameters (context-dependent) specify destination addresses for token transfers. While 'asgard' appears as a recipient in 'returnVaultAssets', it's unclear whether these strictly match cross-chain recipients or are internal vault addresses.\"}, {\"parameter\": \"_memo\", \"attribute\": \"externalCallFunction\", \"reason\": \"'_memo' could potentially encode calldata for external operations, but this is speculative as the code shows no explicit function execution. The string type matches but functionality isn't demonstrated.\"}],\n\"code\" [\"THORChain_Router.returnVaultAssets:function returnVaultAssets(address router, address payable asgard, Coin[] memory coins, string memory memo) external payable {\\n        if (router == address(this)){\\n            for(uint i = 0; i < coins.length; i++){\\n                _adjustAllowances(asgard, coins[i].asset, coins[i].amount);\\n            }\\n            emit VaultTransfer(msg.sender, asgard, coins, memo); // Does not include ETH.           \\n        } else {\\n            for(uint i = 0; i < coins.length; i++){\\n                _routerDeposit(router, asgard, coins[i].asset, coins[i].amount, memo);\\n            }\\n        }\\n        (bool success,) = asgard.call{value:msg.value}(\\\"\\\"); //ETH amount needs to be parsed from tx.\\n        require(success);\\n    }\", \"THORChain_Router._adjustAllowances:function _adjustAllowances(address _newVault, address _asset, uint _amount) internal {\\n        vaultAllowance[msg.sender][_asset] -= _amount;\\n        vaultAllowance[_newVault][_asset] += _amount;\\n    }\", \"THORChain_Router._routerDeposit:function _routerDeposit(address _router, address _vault, address _asset, uint _amount, string memory _memo) internal {\\n        vaultAllowance[msg.sender][_asset] -= _amount;\\n        (bool success,) = _asset.call(abi.encodeWithSignature(\\\"approve(address,uint256)\\\", _router, _amount)); // Approve to transfer\\n        require(success);\\n        iROUTER(_router).depositWithExpiry(_vault, _asset, _amount, _memo, type(uint).max); // Transfer by depositing\\n    }\"]:\n}\n\n",
            "v_outputs1": [
                [
                    {
                        "parameter": "_asset",
                        "attribute": "tokenAddress",
                        "score": "85%",
                        "reason": "The parameter '_asset' is consistently used to specify the token contract address in functions '_adjustAllowances' and '_routerDeposit', which aligns well with the 'tokenAddress' attribute. However, there is a slight ambiguity as it might also represent internal identifiers in other contexts not shown in the provided code."
                    },
                    {
                        "parameter": "_amount",
                        "attribute": "amount",
                        "score": "100%",
                        "reason": "The parameter '_amount' clearly and consistently represents the quantity of tokens being processed in both '_adjustAllowances' and '_routerDeposit', directly corresponding to the 'amount' attribute with no ambiguity."
                    },
                    {
                        "parameter": "_router",
                        "attribute": "routerAddress",
                        "score": "75%",
                        "reason": "The parameter '_router' appears to specify the bridge handler address in '_routerDeposit', which aligns with the 'routerAddress' definition. However, it might alternatively represent an intermediate contract rather than the final router, introducing some uncertainty."
                    },
                    {
                        "parameter": "_vault/_newVault/asgard",
                        "attribute": "recipientAddress",
                        "score": "70%",
                        "reason": "These parameters (context-dependent) specify destination addresses for token transfers, which partially aligns with 'recipientAddress'. However, it's unclear whether these strictly match cross-chain recipients or are internal vault addresses, reducing confidence."
                    },
                    {
                        "parameter": "_memo",
                        "attribute": "externalCallFunction",
                        "score": "50%",
                        "reason": "'_memo' could potentially encode calldata for external operations, but this is speculative as the code shows no explicit function execution. The string type matches but functionality isn't demonstrated, leading to low confidence."
                    }
                ]
            ],
            "formatted_outputs1": {
                "_asset": {
                    "tokenAddress": {
                        "reason": "The parameter '_asset' is used to specify the token contract address in functions '_adjustAllowances' and '_routerDeposit', which matches the description of 'tokenAddress'. However, it's unclear if this is always an external token address or could also represent internal identifiers.",
                        "score": "85%",
                        "s_reason": "The parameter '_asset' is consistently used to specify the token contract address in functions '_adjustAllowances' and '_routerDeposit', which aligns well with the 'tokenAddress' attribute. However, there is a slight ambiguity as it might also represent internal identifiers in other contexts not shown in the provided code."
                    }
                },
                "_amount": {
                    "amount": {
                        "reason": "The parameter '_amount' consistently represents the quantity of tokens being processed in both '_adjustAllowances' and '_routerDeposit', directly corresponding to the 'amount' attribute. No ambiguity found.",
                        "score": "100%",
                        "s_reason": "The parameter '_amount' clearly and consistently represents the quantity of tokens being processed in both '_adjustAllowances' and '_routerDeposit', directly corresponding to the 'amount' attribute with no ambiguity."
                    }
                },
                "_router": {
                    "routerAddress": {
                        "reason": "The parameter '_router' appears to specify the bridge handler address in '_routerDeposit', aligning with 'routerAddress' definition. However, it might alternatively represent an intermediate contract rather than the final router.",
                        "score": "75%",
                        "s_reason": "The parameter '_router' appears to specify the bridge handler address in '_routerDeposit', which aligns with the 'routerAddress' definition. However, it might alternatively represent an intermediate contract rather than the final router, introducing some uncertainty."
                    }
                },
                "_vault/_newVault/asgard": {
                    "recipientAddress": {
                        "reason": "These parameters (context-dependent) specify destination addresses for token transfers. While 'asgard' appears as a recipient in 'returnVaultAssets', it's unclear whether these strictly match cross-chain recipients or are internal vault addresses.",
                        "score": "70%",
                        "s_reason": "These parameters (context-dependent) specify destination addresses for token transfers, which partially aligns with 'recipientAddress'. However, it's unclear whether these strictly match cross-chain recipients or are internal vault addresses, reducing confidence."
                    }
                },
                "_memo": {
                    "externalCallFunction": {
                        "reason": "'_memo' could potentially encode calldata for external operations, but this is speculative as the code shows no explicit function execution. The string type matches but functionality isn't demonstrated.",
                        "score": "50%",
                        "s_reason": "'_memo' could potentially encode calldata for external operations, but this is speculative as the code shows no explicit function execution. The string type matches but functionality isn't demonstrated, leading to low confidence."
                    }
                }
            }
        },
        "step2": {
            "tokenAddress": {
                "_asset": {
                    "dataflows": [
                        {
                            "parameter": "_asset",
                            "dataflow": {
                                "returnVaultAssets": [
                                    "function returnVaultAssets(address router, address payable asgard, Coin[] memory coins, string memory memo) external payable {",
                                    "        if (router == address(this)){",
                                    "            for(uint i = 0; i < coins.length; i++){",
                                    "                _adjustAllowances(asgard, coins[i].asset, coins[i].amount);",
                                    "            }",
                                    "            emit VaultTransfer(msg.sender, asgard, coins, memo); // Does not include ETH.           ",
                                    "        } else {",
                                    "            for(uint i = 0; i < coins.length; i++){",
                                    "                _routerDeposit(router, asgard, coins[i].asset, coins[i].amount, memo);",
                                    "            }",
                                    "        }"
                                ],
                                "_adjustAllowances": [
                                    "function _adjustAllowances(address _newVault, address _asset, uint _amount) internal {",
                                    "        vaultAllowance[msg.sender][_asset] -= _amount;",
                                    "        vaultAllowance[_newVault][_asset] += _amount;"
                                ],
                                "_routerDeposit": [
                                    "function _routerDeposit(address _router, address _vault, address _asset, uint _amount, string memory _memo) internal {",
                                    "        vaultAllowance[msg.sender][_asset] -= _amount;",
                                    "        (bool success,) = _asset.call(abi.encodeWithSignature(\"approve(address,uint256)\", _router, _amount)); // Approve to transfer"
                                ]
                            },
                            "coverage": "95",
                            "correctness": "90",
                            "score": "92",
                            "reason": "The parameter '_asset' is well-covered in the dataflow and original code, appearing in all relevant functions (returnVaultAssets, _adjustAllowances, _routerDeposit) with consistent usage. The correctness is slightly lower due to potential risks in the external call to approve in _routerDeposit, which lacks explicit checks for the asset's contract existence or return value handling beyond a simple require(success)."
                        },
                        {
                            "parameter": "_asset",
                            "dataflow": {
                                "returnVaultAssets": [
                                    "function returnVaultAssets(address router, address payable asgard, Coin[] memory coins, string memory memo) external payable {",
                                    "        if (router == address(this)){",
                                    "            for(uint i = 0; i < coins.length; i++){",
                                    "                _adjustAllowances(asgard, coins[i].asset, coins[i].amount);",
                                    "            }",
                                    "            emit VaultTransfer(msg.sender, asgard, coins, memo); // Does not include ETH.           ",
                                    "        } else {",
                                    "            for(uint i = 0; i < coins.length; i++){",
                                    "                _routerDeposit(router, asgard, coins[i].asset, coins[i].amount, memo);",
                                    "            }",
                                    "        }"
                                ],
                                "_adjustAllowances": [
                                    "function _adjustAllowances(address _newVault, address _asset, uint _amount) internal {",
                                    "        vaultAllowance[msg.sender][_asset] -= _amount;",
                                    "        vaultAllowance[_newVault][_asset] += _amount;"
                                ],
                                "_routerDeposit": [
                                    "function _routerDeposit(address _router, address _vault, address _asset, uint _amount, string memory _memo) internal {",
                                    "        vaultAllowance[msg.sender][_asset] -= _amount;",
                                    "        (bool success,) = _asset.call(abi.encodeWithSignature(\"approve(address,uint256)\", _router, _amount)); // Approve to transfer",
                                    "        require(success);",
                                    "        iROUTER(_router).depositWithExpiry(_vault, _asset, _amount, _memo, type(uint).max); // Transfer by depositing"
                                ]
                            },
                            "coverage": "100",
                            "correctness": "100",
                            "score": "100",
                            "reason": "The dataflow code for the parameter '_asset' is fully covered in the original code. The parameter is correctly used in all relevant functions (_adjustAllowances and _routerDeposit) and its usage is consistent with the intended functionality. The parameter is properly passed through the function calls and its value is correctly manipulated in the vaultAllowance mappings."
                        }
                    ],
                    "merge_dataflows": "function returnVaultAssets(address router, address payable asgard, Coin[] memory coins, string memory memo) external payable {\n        if (router == address(this)){\n            for(uint i = 0; i < coins.length; i++){\n                _adjustAllowances(asgard, coins[i].asset, coins[i].amount);\n            }\n            emit VaultTransfer(msg.sender, asgard, coins, memo); // Does not include ETH.           \n        } else {\n            for(uint i = 0; i < coins.length; i++){\n                _routerDeposit(router, asgard, coins[i].asset, coins[i].amount, memo);\n            }\n        }\nfunction _adjustAllowances(address _newVault, address _asset, uint _amount) internal {\n        vaultAllowance[msg.sender][_asset] -= _amount;\n        vaultAllowance[_newVault][_asset] += _amount;\nfunction _routerDeposit(address _router, address _vault, address _asset, uint _amount, string memory _memo) internal {\n        vaultAllowance[msg.sender][_asset] -= _amount;\n        (bool success,) = _asset.call(abi.encodeWithSignature(\"approve(address,uint256)\", _router, _amount)); // Approve to transfer\n        require(success);\n        iROUTER(_router).depositWithExpiry(_vault, _asset, _amount, _memo, type(uint).max); // Transfer by depositing"
                }
            },
            "amount": {
                "_amount": {
                    "dataflows": [
                        {
                            "parameter": "_amount",
                            "dataflow": {
                                "_adjustAllowances": [
                                    "function _adjustAllowances(address _newVault, address _asset, uint _amount) internal {\n        vaultAllowance[msg.sender][_asset] -= _amount;\n        vaultAllowance[_newVault][_asset] += _amount;\n    }"
                                ],
                                "_routerDeposit": [
                                    "function _routerDeposit(address _router, address _vault, address _asset, uint _amount, string memory _memo) internal {\n        vaultAllowance[msg.sender][_asset] -= _amount;\n        (bool success,) = _asset.call(abi.encodeWithSignature(\"approve(address,uint256)\", _router, _amount)); // Approve to transfer\n        require(success);\n        iROUTER(_router).depositWithExpiry(_vault, _asset, _amount, _memo, type(uint).max); // Transfer by depositing\n    }"
                                ],
                                "returnVaultAssets": [
                                    "function returnVaultAssets(address router, address payable asgard, Coin[] memory coins, string memory memo) external payable {\n        if (router == address(this)){\n            for(uint i = 0; i < coins.length; i++){\n                _adjustAllowances(asgard, coins[i].asset, coins[i].amount);\n            }\n            emit VaultTransfer(msg.sender, asgard, coins, memo); // Does not include ETH.           \n        } else {\n            for(uint i = 0; i < coins.length; i++){\n                _routerDeposit(router, asgard, coins[i].asset, coins[i].amount, memo);\n            }\n        }\n        (bool success,) = asgard.call{value:msg.value}(\"\"); //ETH amount needs to be parsed from tx.\n        require(success);\n    }"
                                ]
                            },
                            "coverage": "95",
                            "correctness": "90",
                            "score": "92",
                            "reason": "The parameter '_amount' is consistently used across all relevant functions (_adjustAllowances, _routerDeposit, and returnVaultAssets) in the dataflow and original code. The usage patterns match perfectly in both contexts, showing proper handling in allowance adjustments and router deposits. Minor deduction for coverage due to lack of explicit validation checks on '_amount' (though this may be handled at a higher level), and correctness deduction for potential edge cases in approval/deposit flows that aren't explicitly visible in this snippet."
                        },
                        {
                            "parameter": "_amount",
                            "dataflow": {
                                "_adjustAllowances": [
                                    "function _adjustAllowances(address _newVault, address _asset, uint _amount) internal {\n        vaultAllowance[msg.sender][_asset] -= _amount;\n        vaultAllowance[_newVault][_asset] += _amount;\n    }"
                                ],
                                "_routerDeposit": [
                                    "function _routerDeposit(address _router, address _vault, address _asset, uint _amount, string memory _memo) internal {\n        vaultAllowance[msg.sender][_asset] -= _amount;\n        (bool success,) = _asset.call(abi.encodeWithSignature(\"approve(address,uint256)\", _router, _amount)); // Approve to transfer\n        require(success);\n        iROUTER(_router).depositWithExpiry(_vault, _asset, _amount, _memo, type(uint).max); // Transfer by depositing\n    }"
                                ],
                                "returnVaultAssets": [
                                    "function returnVaultAssets(address router, address payable asgard, Coin[] memory coins, string memory memo) external payable {\n        if (router == address(this)){\n            for(uint i = 0; i < coins.length; i++){\n                _adjustAllowances(asgard, coins[i].asset, coins[i].amount);\n            }\n            emit VaultTransfer(msg.sender, asgard, coins, memo); // Does not include ETH.           \n        } else {\n            for(uint i = 0; i < coins.length; i++){\n                _routerDeposit(router, asgard, coins[i].asset, coins[i].amount, memo);\n            }\n        }\n        (bool success,) = asgard.call{value:msg.value}(\"\"); //ETH amount needs to be parsed from tx.\n        require(success);\n    }"
                                ]
                            },
                            "coverage": "95",
                            "correctness": "90",
                            "score": "92",
                            "reason": "The parameter '_amount' is consistently used across all relevant functions (_adjustAllowances, _routerDeposit, and returnVaultAssets) in the dataflow. The coverage is high as it appears in all critical operations involving asset transfers and allowance adjustments. The correctness is slightly lower due to potential risks in external calls (approve and depositWithExpiry) which could fail, though they are protected by require statements."
                        }
                    ],
                    "merge_dataflows": "function _adjustAllowances(address _newVault, address _asset, uint _amount) internal {\n        vaultAllowance[msg.sender][_asset] -= _amount;\n        vaultAllowance[_newVault][_asset] += _amount;\n    }\n    function _routerDeposit(address _router, address _vault, address _asset, uint _amount, string memory _memo) internal {\n        vaultAllowance[msg.sender][_asset] -= _amount;\n        (bool success,) = _asset.call(abi.encodeWithSignature(\"approve(address,uint256)\", _router, _amount)); // Approve to transfer\n        require(success);\n        iROUTER(_router).depositWithExpiry(_vault, _asset, _amount, _memo, type(uint).max); // Transfer by depositing\n    }\n    function returnVaultAssets(address router, address payable asgard, Coin[] memory coins, string memory memo) external payable {\n        if (router == address(this)){\n            for(uint i = 0; i < coins.length; i++){\n                _adjustAllowances(asgard, coins[i].asset, coins[i].amount);\n            }\n            emit VaultTransfer(msg.sender, asgard, coins, memo); // Does not include ETH.           \n        } else {\n            for(uint i = 0; i < coins.length; i++){\n                _routerDeposit(router, asgard, coins[i].asset, coins[i].amount, memo);\n            }\n        }\n        (bool success,) = asgard.call{value:msg.value}(\"\"); //ETH amount needs to be parsed from tx.\n        require(success);\n    }"
                }
            },
            "routerAddress": {
                "_router": {
                    "dataflows": [
                        {
                            "parameter": "_router",
                            "dataflow": {
                                "returnVaultAssets": [
                                    "if (router == address(this)){\n            for(uint i = 0; i < coins.length; i++){\n                _adjustAllowances(asgard, coins[i].asset, coins[i].amount);\n            }\n            emit VaultTransfer(msg.sender, asgard, coins, memo); // Does not include ETH.           \n        } else {\n            for(uint i = 0; i < coins.length; i++){\n                _routerDeposit(router, asgard, coins[i].asset, coins[i].amount, memo);\n            }\n        }",
                                    "_routerDeposit(router, asgard, coins[i].asset, coins[i].amount, memo);"
                                ],
                                "_routerDeposit": [
                                    "function _routerDeposit(address _router, address _vault, address _asset, uint _amount, string memory _memo) internal {\n        vaultAllowance[msg.sender][_asset] -= _amount;\n        (bool success,) = _asset.call(abi.encodeWithSignature(\"approve(address,uint256)\", _router, _amount)); // Approve to transfer\n        require(success);\n        iROUTER(_router).depositWithExpiry(_vault, _asset, _amount, _memo, type(uint).max); // Transfer by depositing\n    }",
                                    "(bool success,) = _asset.call(abi.encodeWithSignature(\"approve(address,uint256)\", _router, _amount)); // Approve to transfer",
                                    "iROUTER(_router).depositWithExpiry(_vault, _asset, _amount, _memo, type(uint).max); // Transfer by depositing"
                                ]
                            },
                            "coverage": "90",
                            "correctness": "95",
                            "score": "93",
                            "reason": "The dataflow code for _router covers all critical paths in the original code, including both direct vault transfers and router-mediated deposits. The correctness is high as it accurately reflects the logic of adjusting allowances, approving transfers, and executing deposits. Minor deduction in coverage due to not explicitly showing ETH handling in the memo event, though this is noted in comments."
                        },
                        {
                            "parameter": "_router",
                            "dataflow": {
                                "returnVaultAssets": [
                                    "if (router == address(this)){\n            for(uint i = 0; i < coins.length; i++){\n                _adjustAllowances(asgard, coins[i].asset, coins[i].amount);\n            }\n            emit VaultTransfer(msg.sender, asgard, coins, memo); // Does not include ETH.           \n        } else {\n            for(uint i = 0; i < coins.length; i++){\n                _routerDeposit(router, asgard, coins[i].asset, coins[i].amount, memo);\n            }\n        }",
                                    "_routerDeposit(router, asgard, coins[i].asset, coins[i].amount, memo);"
                                ],
                                "_routerDeposit": [
                                    "function _routerDeposit(address _router, address _vault, address _asset, uint _amount, string memory _memo) internal {\n        vaultAllowance[msg.sender][_asset] -= _amount;\n        (bool success,) = _asset.call(abi.encodeWithSignature(\"approve(address,uint256)\", _router, _amount)); // Approve to transfer\n        require(success);\n        iROUTER(_router).depositWithExpiry(_vault, _asset, _amount, _memo, type(uint).max); // Transfer by depositing\n    }",
                                    "(bool success,) = _asset.call(abi.encodeWithSignature(\"approve(address,uint256)\", _router, _amount));",
                                    "iROUTER(_router).depositWithExpiry(_vault, _asset, _amount, _memo, type(uint).max);"
                                ]
                            },
                            "coverage": "90",
                            "correctness": "95",
                            "score": "93",
                            "reason": "The dataflow for the parameter '_router' is well-covered in the provided code snippets, showing its usage in both conditional branches of 'returnVaultAssets' and in the '_routerDeposit' function. The correctness is high as the implementation aligns with expected behavior: checking router address, adjusting allowances, and executing deposits. Minor deduction in coverage due to lack of visibility of all possible router interaction scenarios in the full contract context."
                        }
                    ],
                    "merge_dataflows": "if (router == address(this)){\n            for(uint i = 0; i < coins.length; i++){\n                _adjustAllowances(asgard, coins[i].asset, coins[i].amount);\n            }\n            emit VaultTransfer(msg.sender, asgard, coins, memo); // Does not include ETH.           \n        } else {\n            for(uint i = 0; i < coins.length; i++){\n                _routerDeposit(router, asgard, coins[i].asset, coins[i].amount, memo);\n            }\n        }\n\nfunction _routerDeposit(address _router, address _vault, address _asset, uint _amount, string memory _memo) internal {\n        vaultAllowance[msg.sender][_asset] -= _amount;\n        (bool success,) = _asset.call(abi.encodeWithSignature(\"approve(address,uint256)\", _router, _amount)); // Approve to transfer\n        require(success);\n        iROUTER(_router).depositWithExpiry(_vault, _asset, _amount, _memo, type(uint).max); // Transfer by depositing\n    }"
                }
            },
            "recipientAddress": {
                "_vault/_newVault/asgard": {
                    "dataflows": [
                        {
                            "parameter": "asgard",
                            "dataflow": {
                                "returnVaultAssets": [
                                    "function returnVaultAssets(address router, address payable asgard, Coin[] memory coins, string memory memo) external payable {",
                                    "if (router == address(this)){",
                                    "for(uint i = 0; i < coins.length; i++){",
                                    "_adjustAllowances(asgard, coins[i].asset, coins[i].amount);",
                                    "}",
                                    "emit VaultTransfer(msg.sender, asgard, coins, memo); // Does not include ETH.",
                                    "} else {",
                                    "for(uint i = 0; i < coins.length; i++){",
                                    "_routerDeposit(router, asgard, coins[i].asset, coins[i].amount, memo);",
                                    "}",
                                    "}",
                                    "(bool success,) = asgard.call{value:msg.value}(\"\"); //ETH amount needs to be parsed from tx.",
                                    "require(success);"
                                ],
                                "_adjustAllowances": [
                                    "function _adjustAllowances(address _newVault, address _asset, uint _amount) internal {",
                                    "vaultAllowance[msg.sender][_asset] -= _amount;",
                                    "vaultAllowance[_newVault][_asset] += _amount;"
                                ],
                                "_routerDeposit": [
                                    "function _routerDeposit(address _router, address _vault, address _asset, uint _amount, string memory _memo) internal {",
                                    "(bool success,) = _asset.call(abi.encodeWithSignature(\"approve(address,uint256)\", _router, _amount)); // Approve to transfer",
                                    "iROUTER(_router).depositWithExpiry(_vault, _asset, _amount, _memo, type(uint).max); // Transfer by depositing"
                                ]
                            },
                            "coverage": "100",
                            "correctness": "95",
                            "score": "97",
                            "reason": "The dataflow code provided covers all instances where the parameter '_vault/_newVault/asgard' is used in the original code, including in the functions 'returnVaultAssets', '_adjustAllowances', and '_routerDeposit'. The correctness is high as the usage matches the original code, with only a minor deduction for not explicitly showing the 'require(success)' check in '_adjustAllowances' which is present in the original code. The parameter is correctly passed and utilized in all relevant functions, ensuring proper handling of vault assets and allowances."
                        },
                        {
                            "parameter": "asgard",
                            "dataflow": {
                                "returnVaultAssets": [
                                    "function returnVaultAssets(address router, address payable asgard, Coin[] memory coins, string memory memo) external payable {",
                                    "        if (router == address(this)){",
                                    "            for(uint i = 0; i < coins.length; i++){",
                                    "                _adjustAllowances(asgard, coins[i].asset, coins[i].amount);",
                                    "            }",
                                    "            emit VaultTransfer(msg.sender, asgard, coins, memo); // Does not include ETH.",
                                    "        } else {",
                                    "            for(uint i = 0; i < coins.length; i++){",
                                    "                _routerDeposit(router, asgard, coins[i].asset, coins[i].amount, memo);",
                                    "            }",
                                    "        }",
                                    "        (bool success,) = asgard.call{value:msg.value}(\"\"); //ETH amount needs to be parsed from tx.",
                                    "        require(success);",
                                    "    }"
                                ],
                                "_adjustAllowances": [
                                    "function _adjustAllowances(address _newVault, address _asset, uint _amount) internal {",
                                    "        vaultAllowance[msg.sender][_asset] -= _amount;",
                                    "        vaultAllowance[_newVault][_asset] += _amount;",
                                    "    }"
                                ],
                                "_routerDeposit": [
                                    "function _routerDeposit(address _router, address _vault, address _asset, uint _amount, string memory _memo) internal {",
                                    "        vaultAllowance[msg.sender][_asset] -= _amount;",
                                    "        (bool success,) = _asset.call(abi.encodeWithSignature(\"approve(address,uint256)\", _router, _amount)); // Approve to transfer",
                                    "        require(success);",
                                    "        iROUTER(_router).depositWithExpiry(_vault, _asset, _amount, _memo, type(uint).max); // Transfer by depositing",
                                    "    }"
                                ]
                            },
                            "coverage": "95",
                            "correctness": "90",
                            "score": "92",
                            "reason": "The dataflow code for the parameter '_vault/_newVault/asgard' shows high coverage as it is used in all relevant functions (_adjustAllowances, _routerDeposit, and returnVaultAssets). The correctness is slightly lower due to the lack of explicit checks for address validity (e.g., non-zero address) and potential reentrancy risks in the asgard.call operation. However, the logic for handling the parameter is consistent and correctly implemented across all functions."
                        }
                    ],
                    "merge_dataflows": "function returnVaultAssets(address router, address payable asgard, Coin[] memory coins, string memory memo) external payable {if (router == address(this)){for(uint i = 0; i < coins.length; i++){_adjustAllowances(asgard, coins[i].asset, coins[i].amount);}emit VaultTransfer(msg.sender, asgard, coins, memo);} else {for(uint i = 0; i < coins.length; i++){_routerDeposit(router, asgard, coins[i].asset, coins[i].amount, memo);}}(bool success,) = asgard.call{value:msg.value}(\"\");require(success);}function _adjustAllowances(address _newVault, address _asset, uint _amount) internal {vaultAllowance[msg.sender][_asset] -= _amount;vaultAllowance[_newVault][_asset] += _amount;}function _routerDeposit(address _router, address _vault, address _asset, uint _amount, string memory _memo) internal {vaultAllowance[msg.sender][_asset] -= _amount;(bool success,) = _asset.call(abi.encodeWithSignature(\"approve(address,uint256)\", _router, _amount));require(success);iROUTER(_router).depositWithExpiry(_vault, _asset, _amount, _memo, type(uint).max);}"
                }
            },
            "externalCallFunction": {
                "_memo": {
                    "dataflows": [
                        {
                            "parameter": "_memo",
                            "dataflow": {
                                "returnVaultAssets": [
                                    "function returnVaultAssets(address router, address payable asgard, Coin[] memory coins, string memory memo) external payable {\n        if (router == address(this)){\n            for(uint i = 0; i < coins.length; i++){\n                _adjustAllowances(asgard, coins[i].asset, coins[i].amount);\n            }\n            emit VaultTransfer(msg.sender, asgard, coins, memo); // Does not include ETH.           \n        } else {\n            for(uint i = 0; i < coins.length; i++){\n                _routerDeposit(router, asgard, coins[i].asset, coins[i].amount, memo);\n            }\n        }\n        (bool success,) = asgard.call{value:msg.value}(\"\"); //ETH amount needs to be parsed from tx.\n        require(success);\n    }",
                                    "emit VaultTransfer(msg.sender, asgard, coins, memo); // Does not include ETH.",
                                    "_routerDeposit(router, asgard, coins[i].asset, coins[i].amount, memo);"
                                ],
                                "_routerDeposit": [
                                    "function _routerDeposit(address _router, address _vault, address _asset, uint _amount, string memory _memo) internal {\n        vaultAllowance[msg.sender][_asset] -= _amount;\n        (bool success,) = _asset.call(abi.encodeWithSignature(\"approve(address,uint256)\", _router, _amount)); // Approve to transfer\n        require(success);\n        iROUTER(_router).depositWithExpiry(_vault, _asset, _amount, _memo, type(uint).max); // Transfer by depositing\n    }",
                                    "iROUTER(_router).depositWithExpiry(_vault, _asset, _amount, _memo, type(uint).max); // Transfer by depositing"
                                ]
                            },
                            "coverage": "90",
                            "correctness": "95",
                            "score": "93",
                            "reason": "The parameter '_memo' is consistently used in all relevant functions (returnVaultAssets, _routerDeposit) and correctly passed through the data flow. It is emitted in events and used in external calls without modification, indicating high coverage and correctness. The only minor deduction is due to lack of explicit validation logic for '_memo' content."
                        },
                        {
                            "parameter": "_memo",
                            "dataflow": {
                                "returnVaultAssets": [
                                    "function returnVaultAssets(address router, address payable asgard, Coin[] memory coins, string memory memo) external payable {\n        if (router == address(this)){\n            for(uint i = 0; i < coins.length; i++){\n                _adjustAllowances(asgard, coins[i].asset, coins[i].amount);\n            }\n            emit VaultTransfer(msg.sender, asgard, coins, memo); // Does not include ETH.           \n        } else {\n            for(uint i = 0; i < coins.length; i++){\n                _routerDeposit(router, asgard, coins[i].asset, coins[i].amount, memo);\n            }\n        }\n        (bool success,) = asgard.call{value:msg.value}(\"\"); //ETH amount needs to be parsed from tx.\n        require(success);\n    }",
                                    "emit VaultTransfer(msg.sender, asgard, coins, memo);",
                                    "_routerDeposit(router, asgard, coins[i].asset, coins[i].amount, memo);"
                                ],
                                "_routerDeposit": [
                                    "function _routerDeposit(address _router, address _vault, address _asset, uint _amount, string memory _memo) internal {\n        vaultAllowance[msg.sender][_asset] -= _amount;\n        (bool success,) = _asset.call(abi.encodeWithSignature(\"approve(address,uint256)\", _router, _amount)); // Approve to transfer\n        require(success);\n        iROUTER(_router).depositWithExpiry(_vault, _asset, _amount, _memo, type(uint).max); // Transfer by depositing\n    }",
                                    "iROUTER(_router).depositWithExpiry(_vault, _asset, _amount, _memo, type(uint).max);"
                                ]
                            },
                            "coverage": "90",
                            "correctness": "95",
                            "score": "92",
                            "reason": "The parameter _memo is well-covered in the dataflow, appearing in both the returnVaultAssets function and the _routerDeposit function. It is correctly passed through all relevant functions and used in the emit VaultTransfer and iROUTER.depositWithExpiry calls. The consistency and correctness of its usage across the codebase are high, with no observed misuse or omission."
                        }
                    ],
                    "merge_dataflows": "function returnVaultAssets(address router, address payable asgard, Coin[] memory coins, string memory memo) external payable {\n        if (router == address(this)){\n            for(uint i = 0; i < coins.length; i++){\n                _adjustAllowances(asgard, coins[i].asset, coins[i].amount);\n            }\n            emit VaultTransfer(msg.sender, asgard, coins, memo); // Does not include ETH.           \n        } else {\n            for(uint i = 0; i < coins.length; i++){\n                _routerDeposit(router, asgard, coins[i].asset, coins[i].amount, memo);\n            }\n        }\n        (bool success,) = asgard.call{value:msg.value}(\"\"); //ETH amount needs to be parsed from tx.\n        require(success);\n    }\n    function _routerDeposit(address _router, address _vault, address _asset, uint _amount, string memory _memo) internal {\n        vaultAllowance[msg.sender][_asset] -= _amount;\n        (bool success,) = _asset.call(abi.encodeWithSignature(\"approve(address,uint256)\", _router, _amount)); // Approve to transfer\n        require(success);\n        iROUTER(_router).depositWithExpiry(_vault, _asset, _amount, _memo, type(uint).max); // Transfer by depositing\n    }"
                }
            }
        },
        "step3": {
            "tokenAddress": {
                "_asset": {
                    "Check whether the tokenAddress is authorized to use.": {
                        "original": [
                            {
                                "result": false,
                                "validation": [],
                                "reason": "无"
                            },
                            {
                                "result": false,
                                "validation": [],
                                "reason": "无"
                            },
                            {
                                "result": false,
                                "validation": [],
                                "reason": "无"
                            }
                        ],
                        "verify_filtered": []
                    }
                }
            },
            "amount": {
                "_amount": {
                    "Validate that amount is greater than 0": {
                        "original": [
                            {
                                "result": false,
                                "validation": [],
                                "reason": "无"
                            },
                            {
                                "result": false,
                                "validation": [],
                                "reason": "无"
                            },
                            {
                                "result": false,
                                "validation": [],
                                "reason": "无"
                            }
                        ],
                        "verify_filtered": []
                    },
                    "Validate that msg.sender's balance change before and after equals amount": {
                        "original": [
                            {
                                "result": false,
                                "validation": [],
                                "reason": "无"
                            },
                            {
                                "result": false,
                                "validation": [],
                                "reason": "无"
                            },
                            {
                                "result": false,
                                "validation": [],
                                "reason": "无"
                            }
                        ],
                        "verify_filtered": []
                    },
                    "Validate that the bridge's balance change before and after equals amount": {
                        "original": [
                            {
                                "result": false,
                                "validation": [],
                                "reason": "无"
                            },
                            {
                                "result": false,
                                "validation": [],
                                "reason": "无"
                            },
                            {
                                "result": false,
                                "validation": [],
                                "reason": "无"
                            }
                        ],
                        "verify_filtered": []
                    },
                    "Validate that msg.sender's balance ≥ amount": {
                        "original": [
                            {
                                "result": false,
                                "validation": [],
                                "reason": "无"
                            },
                            {
                                "result": false,
                                "validation": [],
                                "reason": "无"
                            },
                            {
                                "result": false,
                                "validation": [],
                                "reason": "无"
                            }
                        ],
                        "verify_filtered": []
                    }
                }
            },
            "routerAddress": {
                "_router": {
                    "Check whether the routerAddress is authorized to use.": {
                        "original": [
                            {
                                "result": false,
                                "validation": [],
                                "reason": "The code does not contain any explicit checks or validations to verify if the router address is authorized to use."
                            },
                            {
                                "result": false,
                                "validation": [],
                                "reason": "No authorization checks are present in the provided code snippet for the router address."
                            },
                            {
                                "result": false,
                                "validation": [],
                                "reason": "The constraint requires an authorization check for the router address, but none is found in the given code."
                            }
                        ],
                        "verify_filtered": []
                    }
                }
            },
            "recipientAddress": {
                "_vault/_newVault/asgard": {
                    "Validate that recipientAddress is not the zero address": {
                        "original": [
                            {
                                "result": false,
                                "validation": [],
                                "reason": "无"
                            },
                            {
                                "result": false,
                                "validation": [],
                                "reason": "无"
                            },
                            {
                                "result": false,
                                "validation": [],
                                "reason": "无"
                            }
                        ],
                        "verify_filtered": []
                    }
                }
            },
            "externalCallFunction": {
                "_memo": {
                    "Validate that externalCallFunction is in the allowed function signature list": {
                        "original": [
                            {
                                "result": false,
                                "validation": [],
                                "reason": "无"
                            },
                            {
                                "result": false,
                                "validation": [],
                                "reason": "无"
                            },
                            {
                                "result": false,
                                "validation": [],
                                "reason": "无"
                            }
                        ],
                        "verify_filtered": []
                    }
                }
            }
        },
        "step4": {
            "tokenAddress": {
                "_asset": {}
            },
            "amount": {
                "_amount": {}
            },
            "routerAddress": {
                "_router": {}
            },
            "recipientAddress": {
                "_vault/_newVault/asgard": {}
            },
            "externalCallFunction": {
                "_memo": {}
            }
        },
        "final_result": {
            "tokenAddress": {
                "_asset": {
                    "Check whether the tokenAddress is authorized to use.": [
                        {
                            "parameter": "_asset",
                            "constraint": "Check whether the tokenAddress is authorized to use.",
                            "validation": "",
                            "reason": "在step3中未找到约束相关代码，不执行后续步骤"
                        }
                    ]
                }
            },
            "amount": {
                "_amount": {
                    "Validate that amount is greater than 0": [
                        {
                            "parameter": "_amount",
                            "constraint": "Validate that amount is greater than 0",
                            "validation": "",
                            "reason": "在step3中未找到约束相关代码，不执行后续步骤"
                        }
                    ],
                    "Validate that msg.sender's balance change before and after equals amount": [
                        {
                            "parameter": "_amount",
                            "constraint": "Validate that msg.sender's balance change before and after equals amount",
                            "validation": "",
                            "reason": "在step3中未找到约束相关代码，不执行后续步骤"
                        }
                    ],
                    "Validate that the bridge's balance change before and after equals amount": [
                        {
                            "parameter": "_amount",
                            "constraint": "Validate that the bridge's balance change before and after equals amount",
                            "validation": "",
                            "reason": "在step3中未找到约束相关代码，不执行后续步骤"
                        }
                    ],
                    "Validate that msg.sender's balance ≥ amount": [
                        {
                            "parameter": "_amount",
                            "constraint": "Validate that msg.sender's balance ≥ amount",
                            "validation": "",
                            "reason": "在step3中未找到约束相关代码，不执行后续步骤"
                        }
                    ]
                }
            },
            "routerAddress": {
                "_router": {
                    "Check whether the routerAddress is authorized to use.": [
                        {
                            "parameter": "_router",
                            "constraint": "Check whether the routerAddress is authorized to use.",
                            "validation": "",
                            "reason": "在step3中未找到约束相关代码，不执行后续步骤"
                        }
                    ]
                }
            },
            "recipientAddress": {
                "_vault/_newVault/asgard": {
                    "Validate that recipientAddress is not the zero address": [
                        {
                            "parameter": "_vault/_newVault/asgard",
                            "constraint": "Validate that recipientAddress is not the zero address",
                            "validation": "",
                            "reason": "在step3中未找到约束相关代码，不执行后续步骤"
                        }
                    ]
                }
            },
            "externalCallFunction": {
                "_memo": {
                    "Validate that externalCallFunction is in the allowed function signature list": [
                        {
                            "parameter": "_memo",
                            "constraint": "Validate that externalCallFunction is in the allowed function signature list",
                            "validation": "",
                            "reason": "在step3中未找到约束相关代码，不执行后续步骤"
                        }
                    ]
                }
            }
        },
        "context": {
            "event": "VaultTransfer",
            "call_graph": "returnVaultAssets",
            "state_variables": {
                "vaultAllowance": "mapping(address => mapping(address => uint)) public vaultAllowance;"
            },
            "external_functions": []
        },
        "step1-time": 30.127854585647583,
        "step2-time": 749.5361835956573,
        "step2-call_api_times": 35,
        "step3-time": 79.86413335800171,
        "step3-call_api_times": 8,
        "step4-time": 0.0,
        "step4-call_api_times": 0
    },
    "time": 1670.7950332164764,
    "this_cost": 0.17745199999999997,
    "this_prompt_tokens": 42618,
    "this_completion_tokens": 11527
}