{
    "3bc534219d7c704e82b1271e27e1e9f4": [
        "C:\\Users\\wy\\Desktop\\rag\\dataset\\LIFI20220320\\CBridgeFacet\\@openzeppelin\\contracts\\utils\\Context.sol",
        "Context",
        0
    ],
    "c1cd6682c49c03f9b0f4ec879236408a": [
        "C:\\Users\\wy\\Desktop\\rag\\dataset\\LIFI20220320\\CBridgeFacet\\@openzeppelin\\contracts\\utils\\Context.sol",
        "Context",
        0
    ],
    "9ee3bd5c358229b22cba5efbf4651d65": [
        "C:\\Users\\wy\\Desktop\\rag\\dataset\\LIFI20220320\\CBridgeFacet\\@openzeppelin\\contracts\\access\\Ownable.sol",
        "Ownable",
        0
    ],
    "c000c329207e63e4293ec575de9eb28a": [
        "C:\\Users\\wy\\Desktop\\rag\\dataset\\LIFI20220320\\CBridgeFacet\\@openzeppelin\\contracts\\access\\Ownable.sol",
        "Ownable",
        0
    ],
    "08736c3249a1e763e26ee51db01e9efd": [
        "C:\\Users\\wy\\Desktop\\rag\\dataset\\LIFI20220320\\CBridgeFacet\\@openzeppelin\\contracts\\access\\Ownable.sol",
        "Ownable",
        0
    ],
    "eb9389eeba477db8e4fed0c6ee218da9": [
        "C:\\Users\\wy\\Desktop\\rag\\dataset\\LIFI20220320\\CBridgeFacet\\@openzeppelin\\contracts\\access\\Ownable.sol",
        "Ownable",
        0
    ],
    "d199c3da39f76b62d70f4940243d8f30": [
        "C:\\Users\\wy\\Desktop\\rag\\dataset\\LIFI20220320\\CBridgeFacet\\@openzeppelin\\contracts\\access\\Ownable.sol",
        "Ownable",
        0
    ],
    "b92099c80fb280641bb32ab9f3280aeb": [
        "C:\\Users\\wy\\Desktop\\rag\\dataset\\LIFI20220320\\CBridgeFacet\\@openzeppelin\\contracts\\access\\Ownable.sol",
        "Ownable",
        1
    ],
    "7d1ac149e02cbd968171e352d7bbe304": [
        "C:\\Users\\wy\\Desktop\\rag\\dataset\\LIFI20220320\\CBridgeFacet\\@openzeppelin\\contracts\\proxy\\Proxy.sol",
        "Proxy",
        0
    ],
    "dcff803b561a1465d14868083540c5d1": [
        "C:\\Users\\wy\\Desktop\\rag\\dataset\\LIFI20220320\\CBridgeFacet\\@openzeppelin\\contracts\\proxy\\Proxy.sol",
        "Proxy",
        0
    ],
    "d7ba3641364ac415e53bf5983e33de1c": [
        "C:\\Users\\wy\\Desktop\\rag\\dataset\\LIFI20220320\\CBridgeFacet\\@openzeppelin\\contracts\\proxy\\Proxy.sol",
        "Proxy",
        0
    ],
    "50276e3f4db0c032ad88050ac37ab739": [
        "C:\\Users\\wy\\Desktop\\rag\\dataset\\LIFI20220320\\CBridgeFacet\\@openzeppelin\\contracts\\proxy\\Proxy.sol",
        "Proxy",
        0
    ],
    "52664394d4458bcb36eed8fcd1391db7": [
        "C:\\Users\\wy\\Desktop\\rag\\dataset\\LIFI20220320\\CBridgeFacet\\@openzeppelin\\contracts\\proxy\\beacon\\IBeacon.sol",
        "IBeacon",
        0
    ],
    "b946110d999861cda9a1e7e7629934c3": [
        "C:\\Users\\wy\\Desktop\\rag\\dataset\\LIFI20220320\\CBridgeFacet\\@openzeppelin\\contracts\\utils\\Address.sol",
        "Address",
        0
    ],
    "4213f1701c2999f67f11de98a51e01f6": [
        "C:\\Users\\wy\\Desktop\\rag\\dataset\\LIFI20220320\\CBridgeFacet\\@openzeppelin\\contracts\\utils\\Address.sol",
        "Address",
        0
    ],
    "9bd9227b4301edafa41944a5a4cc096d": [
        "C:\\Users\\wy\\Desktop\\rag\\dataset\\LIFI20220320\\CBridgeFacet\\@openzeppelin\\contracts\\utils\\Address.sol",
        "Address",
        0
    ],
    "3deb235bd39105633ff4aa02a367005e": [
        "C:\\Users\\wy\\Desktop\\rag\\dataset\\LIFI20220320\\CBridgeFacet\\@openzeppelin\\contracts\\utils\\Address.sol",
        "Address",
        0
    ],
    "e318cf9d6fc0d1d8455ee479a7548ba2": [
        "C:\\Users\\wy\\Desktop\\rag\\dataset\\LIFI20220320\\CBridgeFacet\\@openzeppelin\\contracts\\utils\\Address.sol",
        "Address",
        0
    ],
    "e5ef5c80e3f7edacb669876c8d0bdeda": [
        "C:\\Users\\wy\\Desktop\\rag\\dataset\\LIFI20220320\\CBridgeFacet\\@openzeppelin\\contracts\\utils\\Address.sol",
        "Address",
        0
    ],
    "994685aae3cda8dbbf0ffec7f803d344": [
        "C:\\Users\\wy\\Desktop\\rag\\dataset\\LIFI20220320\\CBridgeFacet\\@openzeppelin\\contracts\\utils\\Address.sol",
        "Address",
        0
    ],
    "ecc83687edc03f1dbae68952e8efe2c3": [
        "C:\\Users\\wy\\Desktop\\rag\\dataset\\LIFI20220320\\CBridgeFacet\\@openzeppelin\\contracts\\utils\\Address.sol",
        "Address",
        0
    ],
    "219660ec0d55ecb352a5cec40b996f90": [
        "C:\\Users\\wy\\Desktop\\rag\\dataset\\LIFI20220320\\CBridgeFacet\\@openzeppelin\\contracts\\utils\\Address.sol",
        "Address",
        0
    ],
    "7bd3e0c4b0038fdfdd3c32bfa76e6e64": [
        "C:\\Users\\wy\\Desktop\\rag\\dataset\\LIFI20220320\\CBridgeFacet\\@openzeppelin\\contracts\\utils\\Address.sol",
        "Address",
        0
    ],
    "595b1e5bcf25838a84e8abc3e73dc129": [
        "C:\\Users\\wy\\Desktop\\rag\\dataset\\LIFI20220320\\CBridgeFacet\\@openzeppelin\\contracts\\utils\\Address.sol",
        "Address",
        0
    ],
    "b91a87d2f9c8105c23e8f53fb8ea979e": [
        "C:\\Users\\wy\\Desktop\\rag\\dataset\\LIFI20220320\\CBridgeFacet\\@openzeppelin\\contracts\\utils\\StorageSlot.sol",
        "StorageSlot",
        0
    ],
    "44b2d3872933f234b44b880c7f83c3b4": [
        "C:\\Users\\wy\\Desktop\\rag\\dataset\\LIFI20220320\\CBridgeFacet\\@openzeppelin\\contracts\\utils\\StorageSlot.sol",
        "StorageSlot",
        0
    ],
    "2528b1245b94a51aff696c7646598595": [
        "C:\\Users\\wy\\Desktop\\rag\\dataset\\LIFI20220320\\CBridgeFacet\\@openzeppelin\\contracts\\utils\\StorageSlot.sol",
        "StorageSlot",
        0
    ],
    "695d58ac53ab2fccc488cb58cbd291dd": [
        "C:\\Users\\wy\\Desktop\\rag\\dataset\\LIFI20220320\\CBridgeFacet\\@openzeppelin\\contracts\\utils\\StorageSlot.sol",
        "StorageSlot",
        0
    ],
    "5a07aad80b3bfa3fa5c0647437bb387d": [
        "C:\\Users\\wy\\Desktop\\rag\\dataset\\LIFI20220320\\CBridgeFacet\\@openzeppelin\\contracts\\proxy\\ERC1967\\ERC1967Upgrade.sol",
        "ERC1967Upgrade",
        0
    ],
    "8531feac112fc16ec4dea8f24384b609": [
        "C:\\Users\\wy\\Desktop\\rag\\dataset\\LIFI20220320\\CBridgeFacet\\@openzeppelin\\contracts\\proxy\\ERC1967\\ERC1967Upgrade.sol",
        "ERC1967Upgrade",
        0
    ],
    "020862c1db68690b6fc90d8d79d6ca80": [
        "C:\\Users\\wy\\Desktop\\rag\\dataset\\LIFI20220320\\CBridgeFacet\\@openzeppelin\\contracts\\proxy\\ERC1967\\ERC1967Upgrade.sol",
        "ERC1967Upgrade",
        0
    ],
    "3a7a46c292a062256f63a814c08f8b90": [
        "C:\\Users\\wy\\Desktop\\rag\\dataset\\LIFI20220320\\CBridgeFacet\\@openzeppelin\\contracts\\proxy\\ERC1967\\ERC1967Upgrade.sol",
        "ERC1967Upgrade",
        0
    ],
    "11f421f8359d3b11892228e1dda3a462": [
        "C:\\Users\\wy\\Desktop\\rag\\dataset\\LIFI20220320\\CBridgeFacet\\@openzeppelin\\contracts\\proxy\\ERC1967\\ERC1967Upgrade.sol",
        "ERC1967Upgrade",
        0
    ],
    "002752e9e93fb70035e1df1e1aa4b2a3": [
        "C:\\Users\\wy\\Desktop\\rag\\dataset\\LIFI20220320\\CBridgeFacet\\@openzeppelin\\contracts\\proxy\\ERC1967\\ERC1967Upgrade.sol",
        "ERC1967Upgrade",
        0
    ],
    "dbf9ffd64dcdfc914c6d6e8c9d206fb8": [
        "C:\\Users\\wy\\Desktop\\rag\\dataset\\LIFI20220320\\CBridgeFacet\\@openzeppelin\\contracts\\proxy\\ERC1967\\ERC1967Upgrade.sol",
        "ERC1967Upgrade",
        0
    ],
    "94b19e393c1f8296efc1c92555e9646f": [
        "C:\\Users\\wy\\Desktop\\rag\\dataset\\LIFI20220320\\CBridgeFacet\\@openzeppelin\\contracts\\proxy\\ERC1967\\ERC1967Upgrade.sol",
        "ERC1967Upgrade",
        0
    ],
    "bfd81a26f54b344806f5b226ad925238": [
        "C:\\Users\\wy\\Desktop\\rag\\dataset\\LIFI20220320\\CBridgeFacet\\@openzeppelin\\contracts\\proxy\\ERC1967\\ERC1967Upgrade.sol",
        "ERC1967Upgrade",
        0
    ],
    "86b685dbf8d0dc0d9f68309a58687280": [
        "C:\\Users\\wy\\Desktop\\rag\\dataset\\LIFI20220320\\CBridgeFacet\\@openzeppelin\\contracts\\proxy\\ERC1967\\ERC1967Upgrade.sol",
        "ERC1967Upgrade",
        0
    ],
    "b9f857259fdc402097a66f4e13fc8f0b": [
        "C:\\Users\\wy\\Desktop\\rag\\dataset\\LIFI20220320\\CBridgeFacet\\@openzeppelin\\contracts\\proxy\\ERC1967\\ERC1967Upgrade.sol",
        "ERC1967Upgrade",
        0
    ],
    "7cde9f12975ab785795a1438af8569a4": [
        "C:\\Users\\wy\\Desktop\\rag\\dataset\\LIFI20220320\\CBridgeFacet\\@openzeppelin\\contracts\\proxy\\beacon\\BeaconProxy.sol",
        "BeaconProxy",
        0
    ],
    "b0ff3500e5ad1f796e187d70d9e875c2": [
        "C:\\Users\\wy\\Desktop\\rag\\dataset\\LIFI20220320\\CBridgeFacet\\@openzeppelin\\contracts\\proxy\\beacon\\BeaconProxy.sol",
        "BeaconProxy",
        0
    ],
    "4b987ecd5f49ed8bf3e27e544d51b85c": [
        "C:\\Users\\wy\\Desktop\\rag\\dataset\\LIFI20220320\\CBridgeFacet\\@openzeppelin\\contracts\\proxy\\beacon\\BeaconProxy.sol",
        "BeaconProxy",
        0
    ],
    "9da296a6ec17ecfa4d531417c19c5435": [
        "C:\\Users\\wy\\Desktop\\rag\\dataset\\LIFI20220320\\CBridgeFacet\\@openzeppelin\\contracts\\proxy\\beacon\\BeaconProxy.sol",
        "BeaconProxy",
        0
    ],
    "5e1d12e61f4bf4b37161d9b684742570": [
        "C:\\Users\\wy\\Desktop\\rag\\dataset\\LIFI20220320\\CBridgeFacet\\@openzeppelin\\contracts\\token\\ERC20\\IERC20.sol",
        "IERC20",
        0
    ],
    "3ac17e7782366957c960d337a4a648cd": [
        "C:\\Users\\wy\\Desktop\\rag\\dataset\\LIFI20220320\\CBridgeFacet\\@openzeppelin\\contracts\\token\\ERC20\\IERC20.sol",
        "IERC20",
        0
    ],
    "98b540da9047ee99bce7fadde65d04b7": [
        "C:\\Users\\wy\\Desktop\\rag\\dataset\\LIFI20220320\\CBridgeFacet\\@openzeppelin\\contracts\\token\\ERC20\\IERC20.sol",
        "IERC20",
        0
    ],
    "c93791d09d789aed33b9725d482af442": [
        "C:\\Users\\wy\\Desktop\\rag\\dataset\\LIFI20220320\\CBridgeFacet\\@openzeppelin\\contracts\\token\\ERC20\\IERC20.sol",
        "IERC20",
        0
    ],
    "7c80d707df648dc123a10c69a1150edc": [
        "C:\\Users\\wy\\Desktop\\rag\\dataset\\LIFI20220320\\CBridgeFacet\\@openzeppelin\\contracts\\token\\ERC20\\IERC20.sol",
        "IERC20",
        0
    ],
    "7932ef7c0c445db0af2fbba14709eeae": [
        "C:\\Users\\wy\\Desktop\\rag\\dataset\\LIFI20220320\\CBridgeFacet\\@openzeppelin\\contracts\\token\\ERC20\\IERC20.sol",
        "IERC20",
        0
    ],
    "4025788d8802eb9f22e195dc2bedffee": [
        "C:\\Users\\wy\\Desktop\\rag\\dataset\\LIFI20220320\\CBridgeFacet\\@openzeppelin\\contracts\\token\\ERC20\\extensions\\IERC20Metadata.sol",
        "IERC20Metadata",
        0
    ],
    "290eeefbf46324b8fc0db56342aa8b5c": [
        "C:\\Users\\wy\\Desktop\\rag\\dataset\\LIFI20220320\\CBridgeFacet\\@openzeppelin\\contracts\\token\\ERC20\\extensions\\IERC20Metadata.sol",
        "IERC20Metadata",
        0
    ],
    "af3fd982db2d33756fe4782a6d55350a": [
        "C:\\Users\\wy\\Desktop\\rag\\dataset\\LIFI20220320\\CBridgeFacet\\@openzeppelin\\contracts\\token\\ERC20\\extensions\\IERC20Metadata.sol",
        "IERC20Metadata",
        0
    ],
    "922315639585b649e96671e76c175ffd": [
        "C:\\Users\\wy\\Desktop\\rag\\dataset\\LIFI20220320\\CBridgeFacet\\@openzeppelin\\contracts\\token\\ERC20\\ERC20.sol",
        "ERC20",
        0
    ],
    "f77b43360b4a43f841600b693c01d19a": [
        "C:\\Users\\wy\\Desktop\\rag\\dataset\\LIFI20220320\\CBridgeFacet\\@openzeppelin\\contracts\\token\\ERC20\\ERC20.sol",
        "ERC20",
        0
    ],
    "b244f0cd75b34ae01aa3653aef24e0fc": [
        "C:\\Users\\wy\\Desktop\\rag\\dataset\\LIFI20220320\\CBridgeFacet\\@openzeppelin\\contracts\\token\\ERC20\\ERC20.sol",
        "ERC20",
        0
    ],
    "018a53273ac8e5a3d284f02143b7dd8c": [
        "C:\\Users\\wy\\Desktop\\rag\\dataset\\LIFI20220320\\CBridgeFacet\\@openzeppelin\\contracts\\token\\ERC20\\ERC20.sol",
        "ERC20",
        0
    ],
    "edb2b6e1669957d5cfae0073283d1f0a": [
        "C:\\Users\\wy\\Desktop\\rag\\dataset\\LIFI20220320\\CBridgeFacet\\@openzeppelin\\contracts\\token\\ERC20\\ERC20.sol",
        "ERC20",
        0
    ],
    "55ed6875b4a2e03408080394832a7564": [
        "C:\\Users\\wy\\Desktop\\rag\\dataset\\LIFI20220320\\CBridgeFacet\\@openzeppelin\\contracts\\token\\ERC20\\ERC20.sol",
        "ERC20",
        0
    ],
    "3ee0674f770c2fd01c8fe1a77d179a27": [
        "C:\\Users\\wy\\Desktop\\rag\\dataset\\LIFI20220320\\CBridgeFacet\\@openzeppelin\\contracts\\token\\ERC20\\ERC20.sol",
        "ERC20",
        0
    ],
    "d7cbdea72a1a98a5910dc39323a9b2cc": [
        "C:\\Users\\wy\\Desktop\\rag\\dataset\\LIFI20220320\\CBridgeFacet\\@openzeppelin\\contracts\\token\\ERC20\\ERC20.sol",
        "ERC20",
        0
    ],
    "6a2b69527387a6c654cc23d45f984ac2": [
        "C:\\Users\\wy\\Desktop\\rag\\dataset\\LIFI20220320\\CBridgeFacet\\@openzeppelin\\contracts\\token\\ERC20\\ERC20.sol",
        "ERC20",
        0
    ],
    "a1be58505e33edaa26e2317912efcb8c": [
        "C:\\Users\\wy\\Desktop\\rag\\dataset\\LIFI20220320\\CBridgeFacet\\@openzeppelin\\contracts\\token\\ERC20\\ERC20.sol",
        "ERC20",
        0
    ],
    "41c6f9520e42473f8820ea34a6b2cc3f": [
        "C:\\Users\\wy\\Desktop\\rag\\dataset\\LIFI20220320\\CBridgeFacet\\@openzeppelin\\contracts\\token\\ERC20\\ERC20.sol",
        "ERC20",
        0
    ],
    "e8d5bfcb3fb69dab788577ff2e0eaa2b": [
        "C:\\Users\\wy\\Desktop\\rag\\dataset\\LIFI20220320\\CBridgeFacet\\@openzeppelin\\contracts\\token\\ERC20\\ERC20.sol",
        "ERC20",
        0
    ],
    "939ec8d97bfc4b0614607639f77ce3b1": [
        "C:\\Users\\wy\\Desktop\\rag\\dataset\\LIFI20220320\\CBridgeFacet\\@openzeppelin\\contracts\\token\\ERC20\\ERC20.sol",
        "ERC20",
        0
    ],
    "f8ca088d30427bbbf6d3c5867cec1edb": [
        "C:\\Users\\wy\\Desktop\\rag\\dataset\\LIFI20220320\\CBridgeFacet\\@openzeppelin\\contracts\\token\\ERC20\\ERC20.sol",
        "ERC20",
        0
    ],
    "b39ff0d6698d0420c0caa224e5a376f6": [
        "C:\\Users\\wy\\Desktop\\rag\\dataset\\LIFI20220320\\CBridgeFacet\\@openzeppelin\\contracts\\token\\ERC20\\ERC20.sol",
        "ERC20",
        0
    ],
    "07176c0267db1a9417f782e6926589a7": [
        "C:\\Users\\wy\\Desktop\\rag\\dataset\\LIFI20220320\\CBridgeFacet\\@openzeppelin\\contracts\\token\\ERC20\\ERC20.sol",
        "ERC20",
        0
    ],
    "794bc174086627f549d880e81d707dbf": [
        "C:\\Users\\wy\\Desktop\\rag\\dataset\\LIFI20220320\\CBridgeFacet\\@openzeppelin\\contracts\\token\\ERC20\\ERC20.sol",
        "ERC20",
        0
    ],
    "f0092a061adb173adfe7077f2d51530f": [
        "C:\\Users\\wy\\Desktop\\rag\\dataset\\LIFI20220320\\CBridgeFacet\\@openzeppelin\\contracts\\token\\ERC20\\ERC20.sol",
        "ERC20",
        0
    ],
    "bbc9884216fd41f84a3992818f5d5fee": [
        "C:\\Users\\wy\\Desktop\\rag\\dataset\\LIFI20220320\\CBridgeFacet\\@openzeppelin\\contracts\\token\\ERC20\\utils\\SafeERC20.sol",
        "SafeERC20",
        0
    ],
    "9eb9618f71dfee4a30771f1023a3d8e5": [
        "C:\\Users\\wy\\Desktop\\rag\\dataset\\LIFI20220320\\CBridgeFacet\\@openzeppelin\\contracts\\token\\ERC20\\utils\\SafeERC20.sol",
        "SafeERC20",
        0
    ],
    "c2bd582892198b8539dd21a42c270285": [
        "C:\\Users\\wy\\Desktop\\rag\\dataset\\LIFI20220320\\CBridgeFacet\\@openzeppelin\\contracts\\token\\ERC20\\utils\\SafeERC20.sol",
        "SafeERC20",
        0
    ],
    "283c693a22bba694a515167c6ad409c7": [
        "C:\\Users\\wy\\Desktop\\rag\\dataset\\LIFI20220320\\CBridgeFacet\\@openzeppelin\\contracts\\token\\ERC20\\utils\\SafeERC20.sol",
        "SafeERC20",
        0
    ],
    "03cdf989058dd62b884101feaff7d1d8": [
        "C:\\Users\\wy\\Desktop\\rag\\dataset\\LIFI20220320\\CBridgeFacet\\@openzeppelin\\contracts\\token\\ERC20\\utils\\SafeERC20.sol",
        "SafeERC20",
        0
    ],
    "3255af138c94ef435c7b1a72a5640b11": [
        "C:\\Users\\wy\\Desktop\\rag\\dataset\\LIFI20220320\\CBridgeFacet\\@openzeppelin\\contracts\\token\\ERC20\\utils\\SafeERC20.sol",
        "SafeERC20",
        0
    ],
    "036b128456aafbd1f24d1e9da8e589cd": [
        "C:\\Users\\wy\\Desktop\\rag\\dataset\\LIFI20220320\\CBridgeFacet\\src\\Interfaces\\IDiamondCut.sol",
        "IDiamondCut",
        0
    ],
    "d6cb93514927312a8c64ce748e21614b": [
        "C:\\Users\\wy\\Desktop\\rag\\dataset\\LIFI20220320\\CBridgeFacet\\src\\Libraries\\LibDiamond.sol",
        "LibDiamond",
        0
    ],
    "7953a7ecd16d8ae3d75f1103d44413a9": [
        "C:\\Users\\wy\\Desktop\\rag\\dataset\\LIFI20220320\\CBridgeFacet\\src\\Libraries\\LibDiamond.sol",
        "LibDiamond",
        0
    ],
    "cf70862c1c7f4a17336b86c676a7c230": [
        "C:\\Users\\wy\\Desktop\\rag\\dataset\\LIFI20220320\\CBridgeFacet\\src\\Libraries\\LibDiamond.sol",
        "LibDiamond",
        0
    ],
    "0d2df620297acdeacfe8c016df7e31eb": [
        "C:\\Users\\wy\\Desktop\\rag\\dataset\\LIFI20220320\\CBridgeFacet\\src\\Libraries\\LibDiamond.sol",
        "LibDiamond",
        0
    ],
    "645c8443cd810dbc152ec4123fa1f070": [
        "C:\\Users\\wy\\Desktop\\rag\\dataset\\LIFI20220320\\CBridgeFacet\\src\\Libraries\\LibDiamond.sol",
        "LibDiamond",
        0
    ],
    "660d32d350eb6b17f4a1fda5304472ae": [
        "C:\\Users\\wy\\Desktop\\rag\\dataset\\LIFI20220320\\CBridgeFacet\\src\\Libraries\\LibDiamond.sol",
        "LibDiamond",
        0
    ],
    "aeea6aab5262fcb87bcdef99689c2be8": [
        "C:\\Users\\wy\\Desktop\\rag\\dataset\\LIFI20220320\\CBridgeFacet\\src\\Libraries\\LibDiamond.sol",
        "LibDiamond",
        0
    ],
    "24d745017444240c30190d0b474ad71e": [
        "C:\\Users\\wy\\Desktop\\rag\\dataset\\LIFI20220320\\CBridgeFacet\\src\\Libraries\\LibDiamond.sol",
        "LibDiamond",
        0
    ],
    "881da128242e4d23b50ae6b893fde020": [
        "C:\\Users\\wy\\Desktop\\rag\\dataset\\LIFI20220320\\CBridgeFacet\\src\\Libraries\\LibDiamond.sol",
        "LibDiamond",
        0
    ],
    "0158c8938d400b8935701253e75aabd3": [
        "C:\\Users\\wy\\Desktop\\rag\\dataset\\LIFI20220320\\CBridgeFacet\\src\\Libraries\\LibDiamond.sol",
        "LibDiamond",
        0
    ],
    "99ef59c17f26ee41543a3e8c19f244a8": [
        "C:\\Users\\wy\\Desktop\\rag\\dataset\\LIFI20220320\\CBridgeFacet\\src\\Libraries\\LibDiamond.sol",
        "LibDiamond",
        0
    ],
    "db702e6efad79634e9cc96367b8d3c71": [
        "C:\\Users\\wy\\Desktop\\rag\\dataset\\LIFI20220320\\CBridgeFacet\\src\\Libraries\\LibDiamond.sol",
        "LibDiamond",
        0
    ],
    "f0f1bf75c8430451d289e4cc33af706c": [
        "C:\\Users\\wy\\Desktop\\rag\\dataset\\LIFI20220320\\CBridgeFacet\\src\\Libraries\\LibDiamond.sol",
        "LibDiamond",
        0
    ],
    "9658f291aaae3c08018b8846845fdec9": [
        "C:\\Users\\wy\\Desktop\\rag\\dataset\\LIFI20220320\\CBridgeFacet\\src\\LiFiDiamond.sol",
        "LiFiDiamond",
        0
    ],
    "aa14fcb54ca5f49ead9c1dfb8b67b621": [
        "C:\\Users\\wy\\Desktop\\rag\\dataset\\LIFI20220320\\CBridgeFacet\\src\\Interfaces\\IAnyswapRouter.sol",
        "IAnyswapRouter",
        0
    ],
    "2e9529288d1c2a4d72127af0652946a1": [
        "C:\\Users\\wy\\Desktop\\rag\\dataset\\LIFI20220320\\CBridgeFacet\\src\\Interfaces\\IAnyswapRouter.sol",
        "IAnyswapRouter",
        0
    ],
    "90f6c601dde5476497b7b77972e5160e": [
        "C:\\Users\\wy\\Desktop\\rag\\dataset\\LIFI20220320\\CBridgeFacet\\src\\Libraries\\LibAsset.sol",
        "LibAsset",
        0
    ],
    "1b51ecb2290b6b3db4f241ddbeb65725": [
        "C:\\Users\\wy\\Desktop\\rag\\dataset\\LIFI20220320\\CBridgeFacet\\src\\Libraries\\LibAsset.sol",
        "LibAsset",
        0
    ],
    "d68098b322773666aa95ea35d643bebc": [
        "C:\\Users\\wy\\Desktop\\rag\\dataset\\LIFI20220320\\CBridgeFacet\\src\\Libraries\\LibAsset.sol",
        "LibAsset",
        0
    ],
    "bc6c5c1293c164e7f62051f2ae31dc5d": [
        "C:\\Users\\wy\\Desktop\\rag\\dataset\\LIFI20220320\\CBridgeFacet\\src\\Libraries\\LibAsset.sol",
        "LibAsset",
        0
    ],
    "cd897f591e52b89c220237b1cf835d26": [
        "C:\\Users\\wy\\Desktop\\rag\\dataset\\LIFI20220320\\CBridgeFacet\\src\\Libraries\\LibAsset.sol",
        "LibAsset",
        0
    ],
    "08521bb07828529814f66f2201239e41": [
        "C:\\Users\\wy\\Desktop\\rag\\dataset\\LIFI20220320\\CBridgeFacet\\src\\Libraries\\LibAsset.sol",
        "LibAsset",
        0
    ],
    "74569c41fdec074aebf103036c6b2c80": [
        "C:\\Users\\wy\\Desktop\\rag\\dataset\\LIFI20220320\\CBridgeFacet\\src\\Libraries\\LibAsset.sol",
        "LibAsset",
        0
    ],
    "0966027c3e06f94b368569374d8a0c97": [
        "C:\\Users\\wy\\Desktop\\rag\\dataset\\LIFI20220320\\CBridgeFacet\\src\\Libraries\\LibAsset.sol",
        "LibAsset",
        0
    ],
    "23099f43e12b67b01f34f2ffda244552": [
        "C:\\Users\\wy\\Desktop\\rag\\dataset\\LIFI20220320\\CBridgeFacet\\src\\Libraries\\LibAsset.sol",
        "LibAsset",
        0
    ],
    "06f05f251a934fbae1fdfb79f07bfd86": [
        "C:\\Users\\wy\\Desktop\\rag\\dataset\\LIFI20220320\\CBridgeFacet\\src\\Libraries\\LibBytes.sol",
        "LibBytes",
        0
    ],
    "142e1ba651b78bfb33f0e2148a107af4": [
        "C:\\Users\\wy\\Desktop\\rag\\dataset\\LIFI20220320\\CBridgeFacet\\src\\Libraries\\LibBytes.sol",
        "LibBytes",
        0
    ],
    "c3b49d0d1a0510c385cda2235a4a85dd": [
        "C:\\Users\\wy\\Desktop\\rag\\dataset\\LIFI20220320\\CBridgeFacet\\src\\Libraries\\LibBytes.sol",
        "LibBytes",
        0
    ],
    "b10d20518ecb91c82b3bff1d0fd5b822": [
        "C:\\Users\\wy\\Desktop\\rag\\dataset\\LIFI20220320\\CBridgeFacet\\src\\Libraries\\LibBytes.sol",
        "LibBytes",
        0
    ],
    "46e92a3b7d5102576f0dfc84924a22a8": [
        "C:\\Users\\wy\\Desktop\\rag\\dataset\\LIFI20220320\\CBridgeFacet\\src\\Libraries\\LibBytes.sol",
        "LibBytes",
        0
    ],
    "6e3daac5e4b7544f522e80792c4dbda4": [
        "C:\\Users\\wy\\Desktop\\rag\\dataset\\LIFI20220320\\CBridgeFacet\\src\\Libraries\\LibBytes.sol",
        "LibBytes",
        0
    ],
    "e405df91a45252b46d30b0fb144bbb3a": [
        "C:\\Users\\wy\\Desktop\\rag\\dataset\\LIFI20220320\\CBridgeFacet\\src\\Libraries\\LibBytes.sol",
        "LibBytes",
        0
    ],
    "a795c2692346c94726066d230fa3a07e": [
        "C:\\Users\\wy\\Desktop\\rag\\dataset\\LIFI20220320\\CBridgeFacet\\src\\Libraries\\LibBytes.sol",
        "LibBytes",
        0
    ],
    "b2edd475c628bddd3c0a92832ef1562d": [
        "C:\\Users\\wy\\Desktop\\rag\\dataset\\LIFI20220320\\CBridgeFacet\\src\\Libraries\\LibBytes.sol",
        "LibBytes",
        0
    ],
    "7db5fbb57c5bd39a07e105a16455af18": [
        "C:\\Users\\wy\\Desktop\\rag\\dataset\\LIFI20220320\\CBridgeFacet\\src\\Libraries\\LibBytes.sol",
        "LibBytes",
        0
    ],
    "08ae489cbf54ba7fd82645799faabcf7": [
        "C:\\Users\\wy\\Desktop\\rag\\dataset\\LIFI20220320\\CBridgeFacet\\src\\Libraries\\LibBytes.sol",
        "LibBytes",
        0
    ],
    "31d977a126d7dc6d56f5b14af672d8d1": [
        "C:\\Users\\wy\\Desktop\\rag\\dataset\\LIFI20220320\\CBridgeFacet\\src\\Libraries\\LibBytes.sol",
        "LibBytes",
        0
    ],
    "f875f8de341bf8c6c943ddaffc818027": [
        "C:\\Users\\wy\\Desktop\\rag\\dataset\\LIFI20220320\\CBridgeFacet\\src\\Libraries\\LibBytes.sol",
        "LibBytes",
        0
    ],
    "38873ad8066effd392374202875bfc11": [
        "C:\\Users\\wy\\Desktop\\rag\\dataset\\LIFI20220320\\CBridgeFacet\\src\\Libraries\\LibBytes.sol",
        "LibBytes",
        0
    ],
    "f27160bf9d87a4774184fa440d174670": [
        "C:\\Users\\wy\\Desktop\\rag\\dataset\\LIFI20220320\\CBridgeFacet\\src\\Libraries\\LibUtil.sol",
        "LibUtil",
        0
    ],
    "2c844f003dcb094da775e9a03a5b8cb4": [
        "C:\\Users\\wy\\Desktop\\rag\\dataset\\LIFI20220320\\CBridgeFacet\\src\\Libraries\\LibSwap.sol",
        "LibSwap",
        0
    ],
    "c57665661b06610e45f78de634db7902": [
        "C:\\Users\\wy\\Desktop\\rag\\dataset\\LIFI20220320\\CBridgeFacet\\src\\Interfaces\\IAnyswapToken.sol",
        "IAnyswapToken",
        0
    ],
    "98aaadff85d45e2c48cfc64aedbfe871": [
        "C:\\Users\\wy\\Desktop\\rag\\dataset\\LIFI20220320\\CBridgeFacet\\src\\Facets\\AnyswapFacet.sol",
        "AnyswapFacet",
        0
    ],
    "1f97f5d115825ed4ef925820683ce944": [
        "C:\\Users\\wy\\Desktop\\rag\\dataset\\LIFI20220320\\CBridgeFacet\\src\\Facets\\AnyswapFacet.sol",
        "AnyswapFacet",
        0
    ],
    "e7660253261da078557395c4d3024927": [
        "C:\\Users\\wy\\Desktop\\rag\\dataset\\LIFI20220320\\CBridgeFacet\\src\\Facets\\AnyswapFacet.sol",
        "AnyswapFacet",
        0
    ],
    "5e425545fce2226a4913d1d77e4a08ef": [
        "C:\\Users\\wy\\Desktop\\rag\\dataset\\LIFI20220320\\CBridgeFacet\\src\\Interfaces\\IBiconomyRouter.sol",
        "IBiconomyRouter",
        0
    ],
    "67047d8b6638366fe145e1c29f139bcf": [
        "C:\\Users\\wy\\Desktop\\rag\\dataset\\LIFI20220320\\CBridgeFacet\\src\\Interfaces\\IBiconomyRouter.sol",
        "IBiconomyRouter",
        0
    ],
    "e20b008d86cf987e0ca4a591c9077df2": [
        "C:\\Users\\wy\\Desktop\\rag\\dataset\\LIFI20220320\\CBridgeFacet\\src\\Facets\\BiconomyFacet.sol",
        "BiconomyFacet",
        0
    ],
    "659cda0d0f83b74f239cb7d5c16e059c": [
        "C:\\Users\\wy\\Desktop\\rag\\dataset\\LIFI20220320\\CBridgeFacet\\src\\Facets\\BiconomyFacet.sol",
        "BiconomyFacet",
        0
    ],
    "3f994b6ca6433c2cf50c7e29c5a260db": [
        "C:\\Users\\wy\\Desktop\\rag\\dataset\\LIFI20220320\\CBridgeFacet\\src\\Facets\\BiconomyFacet.sol",
        "BiconomyFacet",
        0
    ],
    "99663bd37c0abac2cfb7443c40c9a7f8": [
        "C:\\Users\\wy\\Desktop\\rag\\dataset\\LIFI20220320\\CBridgeFacet\\src\\Facets\\BiconomyFacet.sol",
        "BiconomyFacet",
        0
    ],
    "107438fcfe5f379804a8e32651a1b6cf": [
        "C:\\Users\\wy\\Desktop\\rag\\dataset\\LIFI20220320\\CBridgeFacet\\src\\Facets\\BiconomyFacet.sol",
        "BiconomyFacet",
        0
    ],
    "c61f9e5858f5e9519a6b8a2a23d918ed": [
        "C:\\Users\\wy\\Desktop\\rag\\dataset\\LIFI20220320\\CBridgeFacet\\src\\Facets\\BiconomyFacet.sol",
        "BiconomyFacet",
        0
    ],
    "ef4184daf6b77d6f4c27869b2172a81f": [
        "C:\\Users\\wy\\Desktop\\rag\\dataset\\LIFI20220320\\CBridgeFacet\\src\\Interfaces\\ICBridge.sol",
        "ICBridge",
        0
    ],
    "1ae1d3a06da46862aa25d905c99d001e": [
        "C:\\Users\\wy\\Desktop\\rag\\dataset\\LIFI20220320\\CBridgeFacet\\src\\Interfaces\\ICBridge.sol",
        "ICBridge",
        0
    ],
    "e00e5688d21a4004273f5b856c5cf239": [
        "C:\\Users\\wy\\Desktop\\rag\\dataset\\LIFI20220320\\CBridgeFacet\\src\\Interfaces\\ICBridge.sol",
        "ICBridge",
        0
    ],
    "f9976728ce4af2494d92fa79bd4d4a9c": [
        "C:\\Users\\wy\\Desktop\\rag\\dataset\\LIFI20220320\\CBridgeFacet\\src\\Facets\\CBridgeFacet.sol",
        "CBridgeFacet",
        0
    ],
    "eefa7f7b87c238fa1d63546be44a6f2d": [
        "C:\\Users\\wy\\Desktop\\rag\\dataset\\LIFI20220320\\CBridgeFacet\\src\\Facets\\CBridgeFacet.sol",
        "CBridgeFacet",
        0
    ],
    "3b5f7b48fd37f30d92a83327c7ddb845": [
        "C:\\Users\\wy\\Desktop\\rag\\dataset\\LIFI20220320\\CBridgeFacet\\src\\Facets\\CBridgeFacet.sol",
        "CBridgeFacet",
        0
    ],
    "2d9d793037924adc0c4a99849ab96074": [
        "C:\\Users\\wy\\Desktop\\rag\\dataset\\LIFI20220320\\CBridgeFacet\\src\\Facets\\CBridgeFacet.sol",
        "CBridgeFacet",
        0
    ],
    "4e2b6a3919221e2548c6fd446af7f84d": [
        "C:\\Users\\wy\\Desktop\\rag\\dataset\\LIFI20220320\\CBridgeFacet\\src\\Facets\\CBridgeFacet.sol",
        "CBridgeFacet",
        0
    ],
    "1f66e8e372e927616d2ae5055fc75c6d": [
        "C:\\Users\\wy\\Desktop\\rag\\dataset\\LIFI20220320\\CBridgeFacet\\src\\Facets\\DiamondCutFacet.sol",
        "DiamondCutFacet",
        0
    ],
    "14fd0cd704084036eae3a8ebe288e4d6": [
        "C:\\Users\\wy\\Desktop\\rag\\dataset\\LIFI20220320\\CBridgeFacet\\src\\Interfaces\\IDiamondLoupe.sol",
        "IDiamondLoupe",
        0
    ],
    "eec2d3662fe772bb612e7bdc51d5c0be": [
        "C:\\Users\\wy\\Desktop\\rag\\dataset\\LIFI20220320\\CBridgeFacet\\src\\Interfaces\\IDiamondLoupe.sol",
        "IDiamondLoupe",
        0
    ],
    "136205a2e525c238220cbc6b8100678f": [
        "C:\\Users\\wy\\Desktop\\rag\\dataset\\LIFI20220320\\CBridgeFacet\\src\\Interfaces\\IDiamondLoupe.sol",
        "IDiamondLoupe",
        0
    ],
    "efdda7f2147409b3a9a413a5aa6f61bc": [
        "C:\\Users\\wy\\Desktop\\rag\\dataset\\LIFI20220320\\CBridgeFacet\\src\\Interfaces\\IDiamondLoupe.sol",
        "IDiamondLoupe",
        0
    ],
    "2dc76221abdfa883daba4e5034906f8b": [
        "C:\\Users\\wy\\Desktop\\rag\\dataset\\LIFI20220320\\CBridgeFacet\\src\\Interfaces\\IERC165.sol",
        "IERC165",
        0
    ],
    "2d564f48c17ba7346cbe5093d1ab4ded": [
        "C:\\Users\\wy\\Desktop\\rag\\dataset\\LIFI20220320\\CBridgeFacet\\src\\Facets\\DiamondLoupeFacet.sol",
        "DiamondLoupeFacet",
        0
    ],
    "ea5386e371e636099689f8bcd2e3576a": [
        "C:\\Users\\wy\\Desktop\\rag\\dataset\\LIFI20220320\\CBridgeFacet\\src\\Facets\\DiamondLoupeFacet.sol",
        "DiamondLoupeFacet",
        0
    ],
    "a902a812126c0247e715040b07ab8169": [
        "C:\\Users\\wy\\Desktop\\rag\\dataset\\LIFI20220320\\CBridgeFacet\\src\\Facets\\DiamondLoupeFacet.sol",
        "DiamondLoupeFacet",
        0
    ],
    "0975d50ab0285091325d5eb8dcbb895c": [
        "C:\\Users\\wy\\Desktop\\rag\\dataset\\LIFI20220320\\CBridgeFacet\\src\\Facets\\DiamondLoupeFacet.sol",
        "DiamondLoupeFacet",
        0
    ],
    "2404091c600de5aac6cbf7ba48961691": [
        "C:\\Users\\wy\\Desktop\\rag\\dataset\\LIFI20220320\\CBridgeFacet\\src\\Facets\\DiamondLoupeFacet.sol",
        "DiamondLoupeFacet",
        0
    ],
    "f9a1cb4ecf8e886f87effc1803df244e": [
        "C:\\Users\\wy\\Desktop\\rag\\dataset\\LIFI20220320\\CBridgeFacet\\src\\Facets\\GenericBridgeFacet.sol",
        "GenericBridgeFacet",
        0
    ],
    "b237334df0900141a41018f55bb1cb64": [
        "C:\\Users\\wy\\Desktop\\rag\\dataset\\LIFI20220320\\CBridgeFacet\\src\\Facets\\GenericBridgeFacet.sol",
        "GenericBridgeFacet",
        0
    ],
    "0d674494701120c0d066d43f3b9c3b93": [
        "C:\\Users\\wy\\Desktop\\rag\\dataset\\LIFI20220320\\CBridgeFacet\\src\\Facets\\GenericBridgeFacet.sol",
        "GenericBridgeFacet",
        0
    ],
    "7a584294e489ad9347e46e7bfcf4fc46": [
        "C:\\Users\\wy\\Desktop\\rag\\dataset\\LIFI20220320\\CBridgeFacet\\src\\Interfaces\\IHopBridge.sol",
        "IHopBridge",
        0
    ],
    "25d6f6b7e7df5922669bf059bac52a21": [
        "C:\\Users\\wy\\Desktop\\rag\\dataset\\LIFI20220320\\CBridgeFacet\\src\\Interfaces\\IHopBridge.sol",
        "IHopBridge",
        0
    ],
    "80d4e392bf1928c03c93846469179d04": [
        "C:\\Users\\wy\\Desktop\\rag\\dataset\\LIFI20220320\\CBridgeFacet\\src\\Facets\\HopFacet.sol",
        "HopFacet",
        0
    ],
    "149c83f5e84356b026d3206ef1de7a73": [
        "C:\\Users\\wy\\Desktop\\rag\\dataset\\LIFI20220320\\CBridgeFacet\\src\\Facets\\HopFacet.sol",
        "HopFacet",
        0
    ],
    "dfd61439206259aa66a25434fb392ca7": [
        "C:\\Users\\wy\\Desktop\\rag\\dataset\\LIFI20220320\\CBridgeFacet\\src\\Facets\\HopFacet.sol",
        "HopFacet",
        0
    ],
    "57c51ca24885a67c68acc4802a666908": [
        "C:\\Users\\wy\\Desktop\\rag\\dataset\\LIFI20220320\\CBridgeFacet\\src\\Facets\\HopFacet.sol",
        "HopFacet",
        0
    ],
    "d5a2cfffb401e5d60a680b5e91d128cd": [
        "C:\\Users\\wy\\Desktop\\rag\\dataset\\LIFI20220320\\CBridgeFacet\\src\\Facets\\HopFacet.sol",
        "HopFacet",
        0
    ],
    "df4b2018666604de7e377420a4d17c65": [
        "C:\\Users\\wy\\Desktop\\rag\\dataset\\LIFI20220320\\CBridgeFacet\\src\\Interfaces\\ITransactionManager.sol",
        "ITransactionManager",
        0
    ],
    "551c9f9a7bbfa6bf80c6fbae63a6afa2": [
        "C:\\Users\\wy\\Desktop\\rag\\dataset\\LIFI20220320\\CBridgeFacet\\src\\Interfaces\\ITransactionManager.sol",
        "ITransactionManager",
        0
    ],
    "e4fb5696e092093ee89eb5e07811f08d": [
        "C:\\Users\\wy\\Desktop\\rag\\dataset\\LIFI20220320\\CBridgeFacet\\src\\Interfaces\\ITransactionManager.sol",
        "ITransactionManager",
        0
    ],
    "d84f85688526388ccdb63f783c2498fd": [
        "C:\\Users\\wy\\Desktop\\rag\\dataset\\LIFI20220320\\CBridgeFacet\\src\\Interfaces\\ITransactionManager.sol",
        "ITransactionManager",
        0
    ],
    "fa47a2da96cc54432159f6dc72e2f1a9": [
        "C:\\Users\\wy\\Desktop\\rag\\dataset\\LIFI20220320\\CBridgeFacet\\src\\Interfaces\\ITransactionManager.sol",
        "ITransactionManager",
        0
    ],
    "bb4d71b1717412d2745f20f766e70e36": [
        "C:\\Users\\wy\\Desktop\\rag\\dataset\\LIFI20220320\\CBridgeFacet\\src\\Interfaces\\ITransactionManager.sol",
        "ITransactionManager",
        0
    ],
    "d843d33feccb3db0a21b7f94d1155b9b": [
        "C:\\Users\\wy\\Desktop\\rag\\dataset\\LIFI20220320\\CBridgeFacet\\src\\Interfaces\\ITransactionManager.sol",
        "ITransactionManager",
        0
    ],
    "04d822ecebb746acfe9f036c7c9060bb": [
        "C:\\Users\\wy\\Desktop\\rag\\dataset\\LIFI20220320\\CBridgeFacet\\src\\Interfaces\\ITransactionManager.sol",
        "ITransactionManager",
        0
    ],
    "723966d6cce279d92a7df479cd171a89": [
        "C:\\Users\\wy\\Desktop\\rag\\dataset\\LIFI20220320\\CBridgeFacet\\src\\Interfaces\\ITransactionManager.sol",
        "ITransactionManager",
        0
    ],
    "c482faf423daf9ec32bb5843ffb0f471": [
        "C:\\Users\\wy\\Desktop\\rag\\dataset\\LIFI20220320\\CBridgeFacet\\src\\Interfaces\\ITransactionManager.sol",
        "ITransactionManager",
        0
    ],
    "20f4daa71e9a62fdf8248ca8c47d5238": [
        "C:\\Users\\wy\\Desktop\\rag\\dataset\\LIFI20220320\\CBridgeFacet\\src\\Interfaces\\ITransactionManager.sol",
        "ITransactionManager",
        0
    ],
    "348200922a2fc6ca5f1a136b24bbfa1e": [
        "C:\\Users\\wy\\Desktop\\rag\\dataset\\LIFI20220320\\CBridgeFacet\\src\\Interfaces\\ITransactionManager.sol",
        "ITransactionManager",
        0
    ],
    "71b768a71c4851f82b1b758ca1dacfe3": [
        "C:\\Users\\wy\\Desktop\\rag\\dataset\\LIFI20220320\\CBridgeFacet\\src\\Facets\\NXTPFacet.sol",
        "NXTPFacet",
        0
    ],
    "45fe44755eb2bbb97677161eb2605a05": [
        "C:\\Users\\wy\\Desktop\\rag\\dataset\\LIFI20220320\\CBridgeFacet\\src\\Facets\\NXTPFacet.sol",
        "NXTPFacet",
        0
    ],
    "dca9689f768cea79a60e3c947c8b7fc6": [
        "C:\\Users\\wy\\Desktop\\rag\\dataset\\LIFI20220320\\CBridgeFacet\\src\\Facets\\NXTPFacet.sol",
        "NXTPFacet",
        0
    ],
    "f907b1378b0defc4c058762e6202dd8d": [
        "C:\\Users\\wy\\Desktop\\rag\\dataset\\LIFI20220320\\CBridgeFacet\\src\\Facets\\NXTPFacet.sol",
        "NXTPFacet",
        0
    ],
    "fadc6dcd8b856a881ff54bb76d202704": [
        "C:\\Users\\wy\\Desktop\\rag\\dataset\\LIFI20220320\\CBridgeFacet\\src\\Facets\\NXTPFacet.sol",
        "NXTPFacet",
        0
    ],
    "56730a5b09c7cad32f9cdefbbf5c43ce": [
        "C:\\Users\\wy\\Desktop\\rag\\dataset\\LIFI20220320\\CBridgeFacet\\src\\Facets\\NXTPFacet.sol",
        "NXTPFacet",
        0
    ],
    "92a83960cb27b2cbfd2bcae3db3de7b9": [
        "C:\\Users\\wy\\Desktop\\rag\\dataset\\LIFI20220320\\CBridgeFacet\\src\\Facets\\NXTPFacet.sol",
        "NXTPFacet",
        0
    ],
    "35d859e9ab4b99b36d00d1c482ea44f1": [
        "C:\\Users\\wy\\Desktop\\rag\\dataset\\LIFI20220320\\CBridgeFacet\\src\\Facets\\OpticsRouterFacet.sol",
        "Home",
        0
    ],
    "cd4635581517719cebcc3632b282c695": [
        "C:\\Users\\wy\\Desktop\\rag\\dataset\\LIFI20220320\\CBridgeFacet\\src\\Facets\\OpticsRouterFacet.sol",
        "OpticsRouterFacet",
        0
    ],
    "7a32d1177ee8b0d36e23faf5fec73cc4": [
        "C:\\Users\\wy\\Desktop\\rag\\dataset\\LIFI20220320\\CBridgeFacet\\src\\Facets\\OpticsRouterFacet.sol",
        "OpticsRouterFacet",
        0
    ],
    "fb3db9091459995126832665f9c65cb8": [
        "C:\\Users\\wy\\Desktop\\rag\\dataset\\LIFI20220320\\CBridgeFacet\\src\\Facets\\OpticsRouterFacet.sol",
        "OpticsRouterFacet",
        0
    ],
    "565ed776fe54ca1bf0d440a24aaa7036": [
        "C:\\Users\\wy\\Desktop\\rag\\dataset\\LIFI20220320\\CBridgeFacet\\src\\Facets\\OpticsRouterFacet.sol",
        "OpticsRouterFacet",
        0
    ],
    "3b764eff47b9a58b873accf847c4b15d": [
        "C:\\Users\\wy\\Desktop\\rag\\dataset\\LIFI20220320\\CBridgeFacet\\src\\Facets\\OpticsRouterFacet.sol",
        "OpticsRouterFacet",
        0
    ],
    "e61307fce4a8eba1aa8c4b9f3cea1947": [
        "C:\\Users\\wy\\Desktop\\rag\\dataset\\LIFI20220320\\CBridgeFacet\\src\\Facets\\OpticsRouterFacet.sol",
        "OpticsRouterFacet",
        0
    ],
    "f92e96bb241871e168ef9c452c5ba39a": [
        "C:\\Users\\wy\\Desktop\\rag\\dataset\\LIFI20220320\\CBridgeFacet\\src\\Facets\\OpticsRouterFacet.sol",
        "OpticsRouterFacet",
        0
    ],
    "91801a53beb1df9b3cdd0b5b2bd140a3": [
        "C:\\Users\\wy\\Desktop\\rag\\dataset\\LIFI20220320\\CBridgeFacet\\src\\Facets\\OpticsRouterFacet.sol",
        "OpticsRouterFacet",
        0
    ],
    "7430750e65977f0372aadc2e622e707d": [
        "C:\\Users\\wy\\Desktop\\rag\\dataset\\LIFI20220320\\CBridgeFacet\\src\\Facets\\OpticsRouterFacet.sol",
        "OpticsRouterFacet",
        0
    ],
    "207ac2bb9805369f5378d06773d1f68d": [
        "C:\\Users\\wy\\Desktop\\rag\\dataset\\LIFI20220320\\CBridgeFacet\\src\\Interfaces\\IERC173.sol",
        "IERC173",
        0
    ],
    "c0f2202fa43f1eb4f843d784d7d103ed": [
        "C:\\Users\\wy\\Desktop\\rag\\dataset\\LIFI20220320\\CBridgeFacet\\src\\Interfaces\\IERC173.sol",
        "IERC173",
        0
    ],
    "5f27e6f1a1a075ed3251bb1398cf4fe1": [
        "C:\\Users\\wy\\Desktop\\rag\\dataset\\LIFI20220320\\CBridgeFacet\\src\\Facets\\OwnershipFacet.sol",
        "OwnershipFacet",
        0
    ],
    "019476b67ebed2cd85197191f84a4a81": [
        "C:\\Users\\wy\\Desktop\\rag\\dataset\\LIFI20220320\\CBridgeFacet\\src\\Facets\\OwnershipFacet.sol",
        "OwnershipFacet",
        0
    ],
    "e0dd3e747e0bb8fc4a5c74e5d42843db": [
        "C:\\Users\\wy\\Desktop\\rag\\dataset\\LIFI20220320\\CBridgeFacet\\src\\Facets\\WithdrawFacet.sol",
        "WithdrawFacet",
        0
    ],
    "99c0eb7fadf42daa0b068a5bd5ab2eb4": [
        "C:\\Users\\wy\\Desktop\\rag\\dataset\\LIFI20220320\\CBridgeFacet\\src\\Interfaces\\IWormholeRouter.sol",
        "IWormholeRouter",
        0
    ],
    "ff09823f7ed879281f80ba7baa0bd784": [
        "C:\\Users\\wy\\Desktop\\rag\\dataset\\LIFI20220320\\CBridgeFacet\\src\\Facets\\WormholeFacet.sol",
        "WormholeFacet",
        0
    ],
    "792512046863442536d90bedd6bf6461": [
        "C:\\Users\\wy\\Desktop\\rag\\dataset\\LIFI20220320\\CBridgeFacet\\src\\Facets\\WormholeFacet.sol",
        "WormholeFacet",
        0
    ],
    "ad9a9531d52d19f9772c427f0f51d8e4": [
        "C:\\Users\\wy\\Desktop\\rag\\dataset\\LIFI20220320\\CBridgeFacet\\src\\Facets\\WormholeFacet.sol",
        "WormholeFacet",
        0
    ],
    "5981575e0713719b8f3b879ed1151bdd": [
        "C:\\Users\\wy\\Desktop\\rag\\dataset\\LIFI20220320\\CBridgeFacet\\src\\Facets\\WormholeFacet.sol",
        "WormholeFacet",
        0
    ],
    "486e2bf5b5b7fd50887424b007d2cde1": [
        "C:\\Users\\wy\\Desktop\\rag\\dataset\\LIFI20220320\\CBridgeFacet\\src\\Facets\\WormholeFacet.sol",
        "WormholeFacet",
        0
    ],
    "d2d73faf59a52143fb9e49fcb9277649": [
        "C:\\Users\\wy\\Desktop\\rag\\dataset\\LIFI20220320\\CBridgeFacet\\src\\Test\\USDT.sol",
        "USDT",
        0
    ],
    "ec035fd86a96baf506cbe49a71f16d42": [
        "C:\\Users\\wy\\Desktop\\rag\\dataset\\LIFI20220320\\CBridgeFacet\\src\\Test\\WormholeRouter.sol",
        "IWormhole",
        0
    ],
    "4b3b290723a059ac06d593edf3cb8619": [
        "C:\\Users\\wy\\Desktop\\rag\\dataset\\LIFI20220320\\CBridgeFacet\\src\\Test\\WormholeRouter.sol",
        "IWormhole",
        0
    ],
    "192cdde5541bfbe808a58787d69bd786": [
        "C:\\Users\\wy\\Desktop\\rag\\dataset\\LIFI20220320\\CBridgeFacet\\src\\Test\\WormholeRouter.sol",
        "IWormhole",
        0
    ],
    "5941df5b856991355180c18ded8c2e0f": [
        "C:\\Users\\wy\\Desktop\\rag\\dataset\\LIFI20220320\\CBridgeFacet\\src\\Test\\WormholeRouter.sol",
        "IWormhole",
        0
    ],
    "62ad13e2c7922916baeb607f60b7bf6b": [
        "C:\\Users\\wy\\Desktop\\rag\\dataset\\LIFI20220320\\CBridgeFacet\\src\\Test\\WormholeRouter.sol",
        "IWormhole",
        0
    ],
    "0d4ae09e7b44d0437a8b159989887e09": [
        "C:\\Users\\wy\\Desktop\\rag\\dataset\\LIFI20220320\\CBridgeFacet\\src\\Test\\WormholeRouter.sol",
        "IWormhole",
        0
    ],
    "f9856ab731dbe6a1f680161fd333112f": [
        "C:\\Users\\wy\\Desktop\\rag\\dataset\\LIFI20220320\\CBridgeFacet\\src\\Test\\WormholeRouter.sol",
        "IWormhole",
        0
    ],
    "c6ec5515b1bed18396b93bd2a4283d54": [
        "C:\\Users\\wy\\Desktop\\rag\\dataset\\LIFI20220320\\CBridgeFacet\\src\\Test\\WormholeRouter.sol",
        "IWormhole",
        0
    ],
    "7dfe07c727955b6df811ee7aa54b80de": [
        "C:\\Users\\wy\\Desktop\\rag\\dataset\\LIFI20220320\\CBridgeFacet\\src\\Test\\WormholeRouter.sol",
        "IWormhole",
        0
    ],
    "831e0dba365ebbaed47bfc7d768fa944": [
        "C:\\Users\\wy\\Desktop\\rag\\dataset\\LIFI20220320\\CBridgeFacet\\src\\Test\\WormholeRouter.sol",
        "IWormhole",
        0
    ],
    "7680264d17c88d9aa49cecd985f37a52": [
        "C:\\Users\\wy\\Desktop\\rag\\dataset\\LIFI20220320\\CBridgeFacet\\src\\Test\\WormholeRouter.sol",
        "IWormhole",
        0
    ],
    "ad793e53799552d5dbde2456911c61af": [
        "C:\\Users\\wy\\Desktop\\rag\\dataset\\LIFI20220320\\CBridgeFacet\\src\\Test\\WormholeRouter.sol",
        "IWormhole",
        0
    ],
    "9719d2ab83219516a1d7675846097c2b": [
        "C:\\Users\\wy\\Desktop\\rag\\dataset\\LIFI20220320\\CBridgeFacet\\src\\Test\\WormholeRouter.sol",
        "IWormhole",
        0
    ],
    "f6651ca68ef21a03775aa7c2b78d458e": [
        "C:\\Users\\wy\\Desktop\\rag\\dataset\\LIFI20220320\\CBridgeFacet\\src\\Test\\WormholeRouter.sol",
        "IWormhole",
        0
    ],
    "30a337d71e80c855fe05c0f197cef656": [
        "C:\\Users\\wy\\Desktop\\rag\\dataset\\LIFI20220320\\CBridgeFacet\\src\\Test\\WormholeRouter.sol",
        "BridgeToken",
        0
    ],
    "b1c091d73edc845bfae16eae5ed716ba": [
        "C:\\Users\\wy\\Desktop\\rag\\dataset\\LIFI20220320\\CBridgeFacet\\src\\Test\\WormholeRouter.sol",
        "TokenImplementation",
        0
    ],
    "f6ed32782c737a579ee4d631617f660b": [
        "C:\\Users\\wy\\Desktop\\rag\\dataset\\LIFI20220320\\CBridgeFacet\\src\\Test\\WormholeRouter.sol",
        "TokenImplementation",
        0
    ],
    "fce15aa9345ccb3634041f9ba4e5e5c7": [
        "C:\\Users\\wy\\Desktop\\rag\\dataset\\LIFI20220320\\CBridgeFacet\\src\\Test\\WormholeRouter.sol",
        "TokenImplementation",
        0
    ],
    "c0557eb816028d36e21f4852582e74f3": [
        "C:\\Users\\wy\\Desktop\\rag\\dataset\\LIFI20220320\\CBridgeFacet\\src\\Test\\WormholeRouter.sol",
        "TokenImplementation",
        0
    ],
    "feeaebf2ac2fb655bdffe8ae79ea6313": [
        "C:\\Users\\wy\\Desktop\\rag\\dataset\\LIFI20220320\\CBridgeFacet\\src\\Test\\WormholeRouter.sol",
        "TokenImplementation",
        0
    ],
    "27a71d51f50f102312c9f22e114ddfaa": [
        "C:\\Users\\wy\\Desktop\\rag\\dataset\\LIFI20220320\\CBridgeFacet\\src\\Test\\WormholeRouter.sol",
        "TokenImplementation",
        0
    ],
    "e37000eecd4c4780be2a733f1aef3eb8": [
        "C:\\Users\\wy\\Desktop\\rag\\dataset\\LIFI20220320\\CBridgeFacet\\src\\Test\\WormholeRouter.sol",
        "TokenImplementation",
        0
    ],
    "e3e5d9841d0914c77eab0cc59ed58d25": [
        "C:\\Users\\wy\\Desktop\\rag\\dataset\\LIFI20220320\\CBridgeFacet\\src\\Test\\WormholeRouter.sol",
        "TokenImplementation",
        0
    ],
    "e5d2535c34986e34f6a91fa021391238": [
        "C:\\Users\\wy\\Desktop\\rag\\dataset\\LIFI20220320\\CBridgeFacet\\src\\Test\\WormholeRouter.sol",
        "TokenImplementation",
        0
    ],
    "e10d8d9de77ac0b2fd6d992b04e0d776": [
        "C:\\Users\\wy\\Desktop\\rag\\dataset\\LIFI20220320\\CBridgeFacet\\src\\Test\\WormholeRouter.sol",
        "TokenImplementation",
        0
    ],
    "7dba24c29d62f600241d32db3b7beeeb": [
        "C:\\Users\\wy\\Desktop\\rag\\dataset\\LIFI20220320\\CBridgeFacet\\src\\Test\\WormholeRouter.sol",
        "TokenImplementation",
        0
    ],
    "19d9db33467a0f73a82624362d6ff302": [
        "C:\\Users\\wy\\Desktop\\rag\\dataset\\LIFI20220320\\CBridgeFacet\\src\\Test\\WormholeRouter.sol",
        "TokenImplementation",
        0
    ],
    "b6e4ad4ecc398f6a4fc6882685f6b6b5": [
        "C:\\Users\\wy\\Desktop\\rag\\dataset\\LIFI20220320\\CBridgeFacet\\src\\Test\\WormholeRouter.sol",
        "TokenImplementation",
        0
    ],
    "50b4aa92196d7bc5299d851939886f8c": [
        "C:\\Users\\wy\\Desktop\\rag\\dataset\\LIFI20220320\\CBridgeFacet\\src\\Test\\WormholeRouter.sol",
        "TokenImplementation",
        0
    ],
    "67a1765de5b0b323bbb20480e0d0704a": [
        "C:\\Users\\wy\\Desktop\\rag\\dataset\\LIFI20220320\\CBridgeFacet\\src\\Test\\WormholeRouter.sol",
        "TokenImplementation",
        0
    ],
    "68c6759574e725547bb7449f14770142": [
        "C:\\Users\\wy\\Desktop\\rag\\dataset\\LIFI20220320\\CBridgeFacet\\src\\Test\\WormholeRouter.sol",
        "TokenImplementation",
        0
    ],
    "5ad095c24acbe50f0c6a405035825ed9": [
        "C:\\Users\\wy\\Desktop\\rag\\dataset\\LIFI20220320\\CBridgeFacet\\src\\Test\\WormholeRouter.sol",
        "TokenImplementation",
        0
    ],
    "5d956da1ac490233997012dd6d897c2a": [
        "C:\\Users\\wy\\Desktop\\rag\\dataset\\LIFI20220320\\CBridgeFacet\\src\\Test\\WormholeRouter.sol",
        "TokenImplementation",
        0
    ],
    "605430b71a1159d6aca0e6afbf213919": [
        "C:\\Users\\wy\\Desktop\\rag\\dataset\\LIFI20220320\\CBridgeFacet\\src\\Test\\WormholeRouter.sol",
        "TokenImplementation",
        0
    ],
    "470110b19c04fa24c849a1d09e1a3bc7": [
        "C:\\Users\\wy\\Desktop\\rag\\dataset\\LIFI20220320\\CBridgeFacet\\src\\Test\\WormholeRouter.sol",
        "TokenImplementation",
        0
    ],
    "657eb97eb5ce416506de2ac70dc7647e": [
        "C:\\Users\\wy\\Desktop\\rag\\dataset\\LIFI20220320\\CBridgeFacet\\src\\Test\\WormholeRouter.sol",
        "TokenImplementation",
        0
    ],
    "f6a287c2787522176be3e9615f0ae87a": [
        "C:\\Users\\wy\\Desktop\\rag\\dataset\\LIFI20220320\\CBridgeFacet\\src\\Test\\WormholeRouter.sol",
        "TokenImplementation",
        0
    ],
    "cc023a41eb2c832519ec19a928cef5f3": [
        "C:\\Users\\wy\\Desktop\\rag\\dataset\\LIFI20220320\\CBridgeFacet\\src\\Test\\WormholeRouter.sol",
        "TokenImplementation",
        1
    ],
    "9732a8bd449ebab7d8abed129c614c84": [
        "C:\\Users\\wy\\Desktop\\rag\\dataset\\LIFI20220320\\CBridgeFacet\\src\\Test\\WormholeRouter.sol",
        "TokenImplementation",
        1
    ],
    "bdeab7c46bad0de8bbd4f7f2ae78be73": [
        "C:\\Users\\wy\\Desktop\\rag\\dataset\\LIFI20220320\\CBridgeFacet\\src\\Test\\WormholeRouter.sol",
        "BytesLib",
        0
    ],
    "e93d25c9943d8b28c91319b55894957a": [
        "C:\\Users\\wy\\Desktop\\rag\\dataset\\LIFI20220320\\CBridgeFacet\\src\\Test\\WormholeRouter.sol",
        "BridgeGetters",
        0
    ],
    "5d46b1fe3e3211f98a9848d64bd2f6f0": [
        "C:\\Users\\wy\\Desktop\\rag\\dataset\\LIFI20220320\\CBridgeFacet\\src\\Test\\WormholeRouter.sol",
        "BridgeGetters",
        0
    ],
    "c44d8e075ad4bdd6709deb93c5f898b5": [
        "C:\\Users\\wy\\Desktop\\rag\\dataset\\LIFI20220320\\CBridgeFacet\\src\\Test\\WormholeRouter.sol",
        "BridgeGetters",
        0
    ],
    "b6c2e37f23d89a8451f2462e8e85dd02": [
        "C:\\Users\\wy\\Desktop\\rag\\dataset\\LIFI20220320\\CBridgeFacet\\src\\Test\\WormholeRouter.sol",
        "BridgeGetters",
        0
    ],
    "defc7445f80f3b56d30237a98574ec5a": [
        "C:\\Users\\wy\\Desktop\\rag\\dataset\\LIFI20220320\\CBridgeFacet\\src\\Test\\WormholeRouter.sol",
        "BridgeGetters",
        0
    ],
    "8bda332061d3779e6fbd55478255337b": [
        "C:\\Users\\wy\\Desktop\\rag\\dataset\\LIFI20220320\\CBridgeFacet\\src\\Test\\WormholeRouter.sol",
        "BridgeGetters",
        0
    ],
    "32fccbb7b164b38a1420627e87e64b2c": [
        "C:\\Users\\wy\\Desktop\\rag\\dataset\\LIFI20220320\\CBridgeFacet\\src\\Test\\WormholeRouter.sol",
        "BridgeGetters",
        0
    ],
    "0a715c02c9983735985804d06bfc4e02": [
        "C:\\Users\\wy\\Desktop\\rag\\dataset\\LIFI20220320\\CBridgeFacet\\src\\Test\\WormholeRouter.sol",
        "BridgeGetters",
        0
    ],
    "9eff6beb3c0f32e61c5a40d6de98d2c6": [
        "C:\\Users\\wy\\Desktop\\rag\\dataset\\LIFI20220320\\CBridgeFacet\\src\\Test\\WormholeRouter.sol",
        "BridgeGetters",
        0
    ],
    "07d8e228fb94a08f9cf2c1d613e17421": [
        "C:\\Users\\wy\\Desktop\\rag\\dataset\\LIFI20220320\\CBridgeFacet\\src\\Test\\WormholeRouter.sol",
        "BridgeGetters",
        0
    ],
    "0647e02f1b5f0cf42dd0b61352428e1b": [
        "C:\\Users\\wy\\Desktop\\rag\\dataset\\LIFI20220320\\CBridgeFacet\\src\\Test\\WormholeRouter.sol",
        "BridgeGetters",
        0
    ],
    "813b0b99e6b3a508405cb7f51675c988": [
        "C:\\Users\\wy\\Desktop\\rag\\dataset\\LIFI20220320\\CBridgeFacet\\src\\Test\\WormholeRouter.sol",
        "BridgeGetters",
        0
    ],
    "25113b84230abb449786a900578adb60": [
        "C:\\Users\\wy\\Desktop\\rag\\dataset\\LIFI20220320\\CBridgeFacet\\src\\Test\\WormholeRouter.sol",
        "BridgeGetters",
        0
    ],
    "4f2eec90abd519258d97a4283a54e2f1": [
        "C:\\Users\\wy\\Desktop\\rag\\dataset\\LIFI20220320\\CBridgeFacet\\src\\Test\\WormholeRouter.sol",
        "IWETH",
        0
    ],
    "e9eaa0dbb699e0eaab238dc03d38321d": [
        "C:\\Users\\wy\\Desktop\\rag\\dataset\\LIFI20220320\\CBridgeFacet\\src\\Test\\WormholeRouter.sol",
        "IWETH",
        0
    ],
    "53bb21e3e99dec87c00bc3154cb78cbc": [
        "C:\\Users\\wy\\Desktop\\rag\\dataset\\LIFI20220320\\CBridgeFacet\\src\\Test\\WormholeRouter.sol",
        "BridgeSetters",
        0
    ],
    "37a6fb1f20ca467a99bca4e13606d25a": [
        "C:\\Users\\wy\\Desktop\\rag\\dataset\\LIFI20220320\\CBridgeFacet\\src\\Test\\WormholeRouter.sol",
        "BridgeSetters",
        0
    ],
    "1065292e15896c3fb4c668730e7b7522": [
        "C:\\Users\\wy\\Desktop\\rag\\dataset\\LIFI20220320\\CBridgeFacet\\src\\Test\\WormholeRouter.sol",
        "BridgeSetters",
        0
    ],
    "9604fd0d6977e1ee8701ce845a0dd72b": [
        "C:\\Users\\wy\\Desktop\\rag\\dataset\\LIFI20220320\\CBridgeFacet\\src\\Test\\WormholeRouter.sol",
        "BridgeSetters",
        0
    ],
    "399edfbaa346c9db7ee6d60820d89433": [
        "C:\\Users\\wy\\Desktop\\rag\\dataset\\LIFI20220320\\CBridgeFacet\\src\\Test\\WormholeRouter.sol",
        "BridgeSetters",
        0
    ],
    "d83d8fd6ac76547f5e866f35610fa4ff": [
        "C:\\Users\\wy\\Desktop\\rag\\dataset\\LIFI20220320\\CBridgeFacet\\src\\Test\\WormholeRouter.sol",
        "BridgeSetters",
        0
    ],
    "c7435ebd2e27f3965518c2b645e415f0": [
        "C:\\Users\\wy\\Desktop\\rag\\dataset\\LIFI20220320\\CBridgeFacet\\src\\Test\\WormholeRouter.sol",
        "BridgeSetters",
        0
    ],
    "b3cdcdf4738966646cde18d670b19b5a": [
        "C:\\Users\\wy\\Desktop\\rag\\dataset\\LIFI20220320\\CBridgeFacet\\src\\Test\\WormholeRouter.sol",
        "BridgeSetters",
        0
    ],
    "46eefae04e2b7ed6a894773e20701152": [
        "C:\\Users\\wy\\Desktop\\rag\\dataset\\LIFI20220320\\CBridgeFacet\\src\\Test\\WormholeRouter.sol",
        "BridgeSetters",
        0
    ],
    "86d6b68ce4402e75a689beccf77f155c": [
        "C:\\Users\\wy\\Desktop\\rag\\dataset\\LIFI20220320\\CBridgeFacet\\src\\Test\\WormholeRouter.sol",
        "BridgeSetters",
        0
    ],
    "fe5573207642eff3c3443dbf96f87260": [
        "C:\\Users\\wy\\Desktop\\rag\\dataset\\LIFI20220320\\CBridgeFacet\\src\\Test\\WormholeRouter.sol",
        "BridgeSetters",
        0
    ],
    "001b5fa98bfc3613f3f4594fd00dbde9": [
        "C:\\Users\\wy\\Desktop\\rag\\dataset\\LIFI20220320\\CBridgeFacet\\src\\Test\\WormholeRouter.sol",
        "BridgeSetters",
        0
    ],
    "9dde2a6c5b0e1c2347549e4c3a461988": [
        "C:\\Users\\wy\\Desktop\\rag\\dataset\\LIFI20220320\\CBridgeFacet\\src\\Test\\WormholeRouter.sol",
        "BridgeGovernance",
        0
    ],
    "15eaf629a5c60ba8e7ec3c6019e85322": [
        "C:\\Users\\wy\\Desktop\\rag\\dataset\\LIFI20220320\\CBridgeFacet\\src\\Test\\WormholeRouter.sol",
        "BridgeGovernance",
        0
    ],
    "74a8f54af8df522de2ddb38beba34c1a": [
        "C:\\Users\\wy\\Desktop\\rag\\dataset\\LIFI20220320\\CBridgeFacet\\src\\Test\\WormholeRouter.sol",
        "BridgeGovernance",
        0
    ],
    "6afc47ca59091365fe5ad558389fa0d5": [
        "C:\\Users\\wy\\Desktop\\rag\\dataset\\LIFI20220320\\CBridgeFacet\\src\\Test\\WormholeRouter.sol",
        "BridgeGovernance",
        0
    ],
    "f594c9491528053a5c293d650ca94299": [
        "C:\\Users\\wy\\Desktop\\rag\\dataset\\LIFI20220320\\CBridgeFacet\\src\\Test\\WormholeRouter.sol",
        "BridgeGovernance",
        0
    ],
    "688c0bd7dcaaa9033909adfbf6a9c596": [
        "C:\\Users\\wy\\Desktop\\rag\\dataset\\LIFI20220320\\CBridgeFacet\\src\\Test\\WormholeRouter.sol",
        "BridgeGovernance",
        0
    ],
    "a3ce2e6e77ffa87b725f136ef34e8d01": [
        "C:\\Users\\wy\\Desktop\\rag\\dataset\\LIFI20220320\\CBridgeFacet\\src\\Test\\WormholeRouter.sol",
        "Bridge",
        0
    ],
    "91baf83cc6360b06cc057498dd24d3ee": [
        "C:\\Users\\wy\\Desktop\\rag\\dataset\\LIFI20220320\\CBridgeFacet\\src\\Test\\WormholeRouter.sol",
        "Bridge",
        0
    ],
    "24d6176fe3928641194e6e2a85737a78": [
        "C:\\Users\\wy\\Desktop\\rag\\dataset\\LIFI20220320\\CBridgeFacet\\src\\Test\\WormholeRouter.sol",
        "Bridge",
        0
    ],
    "c3d81e6a5a69fb0c3e004dad1a49ece8": [
        "C:\\Users\\wy\\Desktop\\rag\\dataset\\LIFI20220320\\CBridgeFacet\\src\\Test\\WormholeRouter.sol",
        "Bridge",
        0
    ],
    "c5ee64c1392203fa57722c88e608ea85": [
        "C:\\Users\\wy\\Desktop\\rag\\dataset\\LIFI20220320\\CBridgeFacet\\src\\Test\\WormholeRouter.sol",
        "Bridge",
        0
    ],
    "cae294097b839efd09564a8957c4e1af": [
        "C:\\Users\\wy\\Desktop\\rag\\dataset\\LIFI20220320\\CBridgeFacet\\src\\Test\\WormholeRouter.sol",
        "Bridge",
        0
    ],
    "cac43ea8d2aab23134f2a557d46fadb5": [
        "C:\\Users\\wy\\Desktop\\rag\\dataset\\LIFI20220320\\CBridgeFacet\\src\\Test\\WormholeRouter.sol",
        "Bridge",
        0
    ],
    "93f17ba33aa28cfd346ebe0e5f852752": [
        "C:\\Users\\wy\\Desktop\\rag\\dataset\\LIFI20220320\\CBridgeFacet\\src\\Test\\WormholeRouter.sol",
        "Bridge",
        0
    ],
    "e8b2d4fd71bd958b8baae1d5891ce419": [
        "C:\\Users\\wy\\Desktop\\rag\\dataset\\LIFI20220320\\CBridgeFacet\\src\\Test\\WormholeRouter.sol",
        "Bridge",
        0
    ],
    "6caa64a6c41acae12044bd61c2a54e7a": [
        "C:\\Users\\wy\\Desktop\\rag\\dataset\\LIFI20220320\\CBridgeFacet\\src\\Test\\WormholeRouter.sol",
        "Bridge",
        0
    ],
    "06e3b8ba7ef8cb7e6120015a63190310": [
        "C:\\Users\\wy\\Desktop\\rag\\dataset\\LIFI20220320\\CBridgeFacet\\src\\Test\\WormholeRouter.sol",
        "Bridge",
        0
    ],
    "b4ae581d6b58c4af9059a87f16a58057": [
        "C:\\Users\\wy\\Desktop\\rag\\dataset\\LIFI20220320\\CBridgeFacet\\src\\Test\\WormholeRouter.sol",
        "Bridge",
        0
    ],
    "6391a4c932436e699536edb9d720713c": [
        "C:\\Users\\wy\\Desktop\\rag\\dataset\\LIFI20220320\\CBridgeFacet\\src\\Test\\WormholeRouter.sol",
        "Bridge",
        0
    ],
    "3d450cbf244a15a93d4de710aeb1371e": [
        "C:\\Users\\wy\\Desktop\\rag\\dataset\\LIFI20220320\\CBridgeFacet\\src\\Test\\WormholeRouter.sol",
        "Bridge",
        0
    ],
    "0c2527914e62295f7ef7c2e9457299fc": [
        "C:\\Users\\wy\\Desktop\\rag\\dataset\\LIFI20220320\\CBridgeFacet\\src\\Test\\WormholeRouter.sol",
        "Bridge",
        0
    ],
    "1eae6031c719f533b96efb959c75342c": [
        "C:\\Users\\wy\\Desktop\\rag\\dataset\\LIFI20220320\\CBridgeFacet\\src\\Test\\WormholeRouter.sol",
        "Bridge",
        0
    ],
    "0aa1f1f0949d0add00ede4a198510cef": [
        "C:\\Users\\wy\\Desktop\\rag\\dataset\\LIFI20220320\\CBridgeFacet\\src\\Test\\WormholeRouter.sol",
        "Bridge",
        0
    ],
    "4969627226ace1c3cdbb1f2e5f2f3191": [
        "C:\\Users\\wy\\Desktop\\rag\\dataset\\LIFI20220320\\CBridgeFacet\\src\\Test\\WormholeRouter.sol",
        "Bridge",
        0
    ],
    "e78fce8d6ee0b6da219cf043706de47e": [
        "C:\\Users\\wy\\Desktop\\rag\\dataset\\LIFI20220320\\CBridgeFacet\\src\\Test\\WormholeRouter.sol",
        "Bridge",
        0
    ],
    "7f1da19c5d85a3bf263a93a1e9c854df": [
        "C:\\Users\\wy\\Desktop\\rag\\dataset\\LIFI20220320\\CBridgeFacet\\src\\Test\\WormholeRouter.sol",
        "Bridge",
        0
    ],
    "9c9776318aa283ae5808a0c3a0162864": [
        "C:\\Users\\wy\\Desktop\\rag\\dataset\\LIFI20220320\\CBridgeFacet\\src\\Test\\WormholeRouter.sol",
        "Bridge",
        0
    ]
}