{
    "MetaSwapUtils.swap": {
        "step1": {
            "prompt1": "\n你是一位经验丰富的跨链协议分析专家。你的任务是将根据提供的 Solidity 代码，将指定的跨链属性映射到代码中的参数上；如果某属性在代码中找不到对应参数，则不在输出中列出该属性，如果存在多个参数对应同一属性的可能性，每个属性至多输出3种参数映射方案。请严格遵循以下定义的输入格式和输出格式：\n输入格式： 你将接收一个 JSON 对象作为输入，其结构如下： \n{\n\"attribute\": \n{ \n\"<attribute>\": \"<attribute description>\" ,\n\"<attribute>\": \"<attribute description>\",\n...\n}\n\"code\": \"...\" // Solidity 合约代码字符串 \n}\n输出格式：\n返回一个 JSON 对象数组，每项结构如下：\n[ \n{\n\"parameter\": \"...\", // 代码中最可能对应该属性的参数名\n\"attribute\": \"...\", // 输入的跨链属性 \n\"reason\": \"...\" // 简要说明：为何选择此参数，以及可能的歧义 \n}, ... \n]\nreason 中请同时指出该映射的核心依据和潜在的不确定点（例如：参数名相似度、上下文含义模糊等）。\n\n输入：\n{\n\"attribute\": {\"toChainID\": \"Specifies the destination blockchain network ID.\", \"tokenAddress\": \"Indicates the contract address of the token to be transferred.\", \"amount\": \"The number of tokens to be transferred across chains.\", \"nonce\": \"Check and mark that nonce has not been consumed to prevent replay\", \"recipientAddress\": \"The address that will receive the tokens on the destination chain.\", \"externalCallAddress\": \"The address of a contract to be called after the cross-chain transfer.\", \"externalCallFunction\": \"The specific function or calldata to be executed on the `externalCallAddress`.\", \"routerAddress\": \"The address of the cross-chain router or bridge handler.\"},\n\"code\": [\"MetaSwapUtils.swap:function swap(\\n        SwapUtils.Swap storage self,\\n        MetaSwap storage metaSwapStorage,\\n        uint8 tokenIndexFrom,\\n        uint8 tokenIndexTo,\\n        uint256 dx,\\n        uint256 minDy\\n    ) external returns (uint256) {\\n        {\\n            uint256 pooledTokensLength = self.pooledTokens.length;\\n            require(\\n                tokenIndexFrom < pooledTokensLength &&\\n                    tokenIndexTo < pooledTokensLength,\\n                \\\"Token index is out of range\\\"\\n            );\\n        }\\n\\n        uint256 transferredDx;\\n        {\\n            IERC20 tokenFrom = self.pooledTokens[tokenIndexFrom];\\n            require(\\n                dx <= tokenFrom.balanceOf(msg.sender),\\n                \\\"Cannot swap more than you own\\\"\\n            );\\n\\n            {\\n                // Transfer tokens first to see if a fee was charged on transfer\\n                uint256 beforeBalance = tokenFrom.balanceOf(address(this));\\n                tokenFrom.safeTransferFrom(msg.sender, address(this), dx);\\n\\n                // Use the actual transferred amount for AMM math\\n                transferredDx = tokenFrom.balanceOf(address(this)).sub(\\n                    beforeBalance\\n                );\\n            }\\n        }\\n\\n        (uint256 dy, uint256 dyFee) =\\n            _calculateSwap(\\n                self,\\n                tokenIndexFrom,\\n                tokenIndexTo,\\n                transferredDx,\\n                _updateBaseVirtualPrice(metaSwapStorage)\\n            );\\n        require(dy >= minDy, \\\"Swap didn't result in min tokens\\\");\\n\\n        uint256 dyAdminFee =\\n            dyFee.mul(self.adminFee).div(FEE_DENOMINATOR).div(\\n                self.tokenPrecisionMultipliers[tokenIndexTo]\\n            );\\n\\n        self.balances[tokenIndexFrom] = self.balances[tokenIndexFrom].add(\\n            transferredDx\\n        );\\n        self.balances[tokenIndexTo] = self.balances[tokenIndexTo].sub(dy).sub(\\n            dyAdminFee\\n        );\\n\\n        self.pooledTokens[tokenIndexTo].safeTransfer(msg.sender, dy);\\n\\n        emit TokenSwap(\\n            msg.sender,\\n            transferredDx,\\n            dy,\\n            tokenIndexFrom,\\n            tokenIndexTo\\n        );\\n\\n        return dy;\\n    }\", \"MetaSwapUtils._calculateSwap:function _calculateSwap(\\n        SwapUtils.Swap storage self,\\n        uint8 tokenIndexFrom,\\n        uint8 tokenIndexTo,\\n        uint256 dx,\\n        uint256 baseVirtualPrice\\n    ) internal view returns (uint256 dy, uint256 dyFee) {\\n        uint256[] memory xp = _xp(self, baseVirtualPrice);\\n        require(\\n            tokenIndexFrom < xp.length && tokenIndexTo < xp.length,\\n            \\\"Token index out of range\\\"\\n        );\\n        uint256 x =\\n            dx.mul(self.tokenPrecisionMultipliers[tokenIndexFrom]).add(\\n                xp[tokenIndexFrom]\\n            );\\n        uint256 y =\\n            SwapUtils.getY(\\n                self._getAPrecise(),\\n                tokenIndexFrom,\\n                tokenIndexTo,\\n                x,\\n                xp\\n            );\\n        dy = xp[tokenIndexTo].sub(y).sub(1);\\n        dyFee = dy.mul(self.swapFee).div(FEE_DENOMINATOR);\\n        dy = dy.sub(dyFee).div(self.tokenPrecisionMultipliers[tokenIndexTo]);\\n    }\", \"MetaSwapUtils._updateBaseVirtualPrice:function _updateBaseVirtualPrice(MetaSwap storage metaSwapStorage)\\n        internal\\n        returns (uint256)\\n    {\\n        if (\\n            block.timestamp >\\n            metaSwapStorage.baseCacheLastUpdated + BASE_CACHE_EXPIRE_TIME\\n        ) {\\n            // When the cache is expired, update it\\n            uint256 baseVirtualPrice =\\n                ISwap(metaSwapStorage.baseSwap).getVirtualPrice();\\n            metaSwapStorage.baseVirtualPrice = baseVirtualPrice;\\n            metaSwapStorage.baseCacheLastUpdated = block.timestamp;\\n            return baseVirtualPrice;\\n        } else {\\n            return metaSwapStorage.baseVirtualPrice;\\n        }\\n    }\", \"MetaSwapUtils._xp:function _xp(\\n        uint256[] memory balances,\\n        uint256[] memory precisionMultipliers,\\n        uint256 baseVirtualPrice\\n    ) internal pure returns (uint256[] memory) {\\n        uint256[] memory xp = SwapUtils._xp(balances, precisionMultipliers);\\n        uint256 baseLPTokenIndex = balances.length.sub(1);\\n        xp[baseLPTokenIndex] = xp[baseLPTokenIndex].mul(baseVirtualPrice).div(\\n            BASE_VIRTUAL_PRICE_PRECISION\\n        );\\n        return xp;\\n    }\", \"SwapUtils.getY:function getY(\\n        uint256 preciseA,\\n        uint8 tokenIndexFrom,\\n        uint8 tokenIndexTo,\\n        uint256 x,\\n        uint256[] memory xp\\n    ) internal pure returns (uint256) {\\n        uint256 numTokens = xp.length;\\n        require(\\n            tokenIndexFrom != tokenIndexTo,\\n            \\\"Can't compare token to itself\\\"\\n        );\\n        require(\\n            tokenIndexFrom < numTokens && tokenIndexTo < numTokens,\\n            \\\"Tokens must be in pool\\\"\\n        );\\n\\n        uint256 d = getD(xp, preciseA);\\n        uint256 c = d;\\n        uint256 s;\\n        uint256 nA = numTokens.mul(preciseA);\\n\\n        uint256 _x;\\n        for (uint256 i = 0; i < numTokens; i++) {\\n            if (i == tokenIndexFrom) {\\n                _x = x;\\n            } else if (i != tokenIndexTo) {\\n                _x = xp[i];\\n            } else {\\n                continue;\\n            }\\n            s = s.add(_x);\\n            c = c.mul(d).div(_x.mul(numTokens));\\n            // If we were to protect the division loss we would have to keep the denominator separate\\n            // and divide at the end. However this leads to overflow with large numTokens or/and D.\\n            // c = c * D * D * D * ... overflow!\\n        }\\n        c = c.mul(d).mul(AmplificationUtils.A_PRECISION).div(nA.mul(numTokens));\\n        uint256 b = s.add(d.mul(AmplificationUtils.A_PRECISION).div(nA));\\n        uint256 yPrev;\\n        uint256 y = d;\\n\\n        // iterative approximation\\n        for (uint256 i = 0; i < MAX_LOOP_LIMIT; i++) {\\n            yPrev = y;\\n            y = y.mul(y).add(c).div(y.mul(2).add(b).sub(d));\\n            if (y.within1(yPrev)) {\\n                return y;\\n            }\\n        }\\n        revert(\\\"Approximation did not converge\\\");\\n    }\", \"SwapUtils._xp:function _xp(\\n        uint256[] memory balances,\\n        uint256[] memory precisionMultipliers\\n    ) internal pure returns (uint256[] memory) {\\n        uint256 numTokens = balances.length;\\n        require(\\n            numTokens == precisionMultipliers.length,\\n            \\\"Balances must match multipliers\\\"\\n        );\\n        uint256[] memory xp = new uint256[](numTokens);\\n        for (uint256 i = 0; i < numTokens; i++) {\\n            xp[i] = balances[i].mul(precisionMultipliers[i]);\\n        }\\n        return xp;\\n    }\", \"SwapUtils.getD:function getD(uint256[] memory xp, uint256 a)\\n        internal\\n        pure\\n        returns (uint256)\\n    {\\n        uint256 numTokens = xp.length;\\n        uint256 s;\\n        for (uint256 i = 0; i < numTokens; i++) {\\n            s = s.add(xp[i]);\\n        }\\n        if (s == 0) {\\n            return 0;\\n        }\\n\\n        uint256 prevD;\\n        uint256 d = s;\\n        uint256 nA = a.mul(numTokens);\\n\\n        for (uint256 i = 0; i < MAX_LOOP_LIMIT; i++) {\\n            uint256 dP = d;\\n            for (uint256 j = 0; j < numTokens; j++) {\\n                dP = dP.mul(d).div(xp[j].mul(numTokens));\\n                // If we were to protect the division loss we would have to keep the denominator separate\\n                // and divide at the end. However this leads to overflow with large numTokens or/and D.\\n                // dP = dP * D * D * D * ... overflow!\\n            }\\n            prevD = d;\\n            d = nA\\n                .mul(s)\\n                .div(AmplificationUtils.A_PRECISION)\\n                .add(dP.mul(numTokens))\\n                .mul(d)\\n                .div(\\n                nA\\n                    .sub(AmplificationUtils.A_PRECISION)\\n                    .mul(d)\\n                    .div(AmplificationUtils.A_PRECISION)\\n                    .add(numTokens.add(1).mul(dP))\\n            );\\n            if (d.within1(prevD)) {\\n                return d;\\n            }\\n        }\\n\\n        // Convergence should occur in 4 loops or less. If this is reached, there may be something wrong\\n        // with the pool. If this were to occur repeatedly, LPs should withdraw via `removeLiquidity()`\\n        // function which does not rely on D.\\n        revert(\\\"D does not converge\\\");\\n    }\"]\n}\n",
            "outputs1": [
                [
                    {
                        "parameter": "tokenIndexFrom",
                        "attribute": "tokenAddress",
                        "reason": "The parameter 'tokenIndexFrom' represents the index of the token to be transferred, which can indirectly map to the token address via the 'pooledTokens' array. However, this is an indirect mapping and relies on external context to resolve the actual token address."
                    },
                    {
                        "parameter": "dx",
                        "attribute": "amount",
                        "reason": "The parameter 'dx' directly represents the amount of tokens to be swapped, which aligns with the 'amount' attribute. There is no ambiguity here as it clearly denotes the quantity of tokens involved in the transfer."
                    },
                    {
                        "parameter": "msg.sender",
                        "attribute": "recipientAddress",
                        "reason": "The 'msg.sender' is the address that receives the swapped tokens, which matches the 'recipientAddress' attribute. However, this assumes that the recipient is always the sender, which might not be true in all cross-chain scenarios."
                    }
                ]
            ],
            "v_prompt1": "\n你是一位严谨的跨链协议审计员和数据一致性验证者。仔细审查给定的多个跨链属性与参数在代码中的含义是否一致，并为其分配一个置信度分数 (0-100%)，指出给定该置信度分数的原因。\n\n输入格式： 你将接收一个 JSON 对象作为输入，其结构如下:\n{\n\"correspondence\":    // 代码中属性与参数对应的数组\n[\n{\n\"attribute\": \"...\", // 输入的跨链属性 \n\"parameter\": \"...\", // 对应的参数\n\"reason\": \"...\" // 简要的说明：为何选择此参数，以及可能的歧义 \n}\n...\n]，\n\"code\":\"...\" //跨链合约代码\n}\n\n输出格式：返回一个 JSON 对象数组，每项结构如下：\n[ \n{\n\"parameter\": \"...\", // 代码中最可能对应该属性的参数名\n\"attribute\": \"...\", // 输入的跨链属性 \n\"score\":\"...\", // 分配的置信度分数\n\"reason\": \"...\" // 简要说明给定该置信度分数的原因\n}, ... \n]\n输入：\n{\n\"correspondence\": [{\"parameter\": \"tokenIndexFrom\", \"attribute\": \"tokenAddress\", \"reason\": \"The parameter 'tokenIndexFrom' represents the index of the token to be transferred, which can indirectly map to the token address via the 'pooledTokens' array. However, this is an indirect mapping and relies on external context to resolve the actual token address.\"}, {\"parameter\": \"dx\", \"attribute\": \"amount\", \"reason\": \"The parameter 'dx' directly represents the amount of tokens to be swapped, which aligns with the 'amount' attribute. There is no ambiguity here as it clearly denotes the quantity of tokens involved in the transfer.\"}, {\"parameter\": \"msg.sender\", \"attribute\": \"recipientAddress\", \"reason\": \"The 'msg.sender' is the address that receives the swapped tokens, which matches the 'recipientAddress' attribute. However, this assumes that the recipient is always the sender, which might not be true in all cross-chain scenarios.\"}],\n\"code\" [\"MetaSwapUtils.swap:function swap(\\n        SwapUtils.Swap storage self,\\n        MetaSwap storage metaSwapStorage,\\n        uint8 tokenIndexFrom,\\n        uint8 tokenIndexTo,\\n        uint256 dx,\\n        uint256 minDy\\n    ) external returns (uint256) {\\n        {\\n            uint256 pooledTokensLength = self.pooledTokens.length;\\n            require(\\n                tokenIndexFrom < pooledTokensLength &&\\n                    tokenIndexTo < pooledTokensLength,\\n                \\\"Token index is out of range\\\"\\n            );\\n        }\\n\\n        uint256 transferredDx;\\n        {\\n            IERC20 tokenFrom = self.pooledTokens[tokenIndexFrom];\\n            require(\\n                dx <= tokenFrom.balanceOf(msg.sender),\\n                \\\"Cannot swap more than you own\\\"\\n            );\\n\\n            {\\n                // Transfer tokens first to see if a fee was charged on transfer\\n                uint256 beforeBalance = tokenFrom.balanceOf(address(this));\\n                tokenFrom.safeTransferFrom(msg.sender, address(this), dx);\\n\\n                // Use the actual transferred amount for AMM math\\n                transferredDx = tokenFrom.balanceOf(address(this)).sub(\\n                    beforeBalance\\n                );\\n            }\\n        }\\n\\n        (uint256 dy, uint256 dyFee) =\\n            _calculateSwap(\\n                self,\\n                tokenIndexFrom,\\n                tokenIndexTo,\\n                transferredDx,\\n                _updateBaseVirtualPrice(metaSwapStorage)\\n            );\\n        require(dy >= minDy, \\\"Swap didn't result in min tokens\\\");\\n\\n        uint256 dyAdminFee =\\n            dyFee.mul(self.adminFee).div(FEE_DENOMINATOR).div(\\n                self.tokenPrecisionMultipliers[tokenIndexTo]\\n            );\\n\\n        self.balances[tokenIndexFrom] = self.balances[tokenIndexFrom].add(\\n            transferredDx\\n        );\\n        self.balances[tokenIndexTo] = self.balances[tokenIndexTo].sub(dy).sub(\\n            dyAdminFee\\n        );\\n\\n        self.pooledTokens[tokenIndexTo].safeTransfer(msg.sender, dy);\\n\\n        emit TokenSwap(\\n            msg.sender,\\n            transferredDx,\\n            dy,\\n            tokenIndexFrom,\\n            tokenIndexTo\\n        );\\n\\n        return dy;\\n    }\", \"MetaSwapUtils._calculateSwap:function _calculateSwap(\\n        SwapUtils.Swap storage self,\\n        uint8 tokenIndexFrom,\\n        uint8 tokenIndexTo,\\n        uint256 dx,\\n        uint256 baseVirtualPrice\\n    ) internal view returns (uint256 dy, uint256 dyFee) {\\n        uint256[] memory xp = _xp(self, baseVirtualPrice);\\n        require(\\n            tokenIndexFrom < xp.length && tokenIndexTo < xp.length,\\n            \\\"Token index out of range\\\"\\n        );\\n        uint256 x =\\n            dx.mul(self.tokenPrecisionMultipliers[tokenIndexFrom]).add(\\n                xp[tokenIndexFrom]\\n            );\\n        uint256 y =\\n            SwapUtils.getY(\\n                self._getAPrecise(),\\n                tokenIndexFrom,\\n                tokenIndexTo,\\n                x,\\n                xp\\n            );\\n        dy = xp[tokenIndexTo].sub(y).sub(1);\\n        dyFee = dy.mul(self.swapFee).div(FEE_DENOMINATOR);\\n        dy = dy.sub(dyFee).div(self.tokenPrecisionMultipliers[tokenIndexTo]);\\n    }\", \"MetaSwapUtils._updateBaseVirtualPrice:function _updateBaseVirtualPrice(MetaSwap storage metaSwapStorage)\\n        internal\\n        returns (uint256)\\n    {\\n        if (\\n            block.timestamp >\\n            metaSwapStorage.baseCacheLastUpdated + BASE_CACHE_EXPIRE_TIME\\n        ) {\\n            // When the cache is expired, update it\\n            uint256 baseVirtualPrice =\\n                ISwap(metaSwapStorage.baseSwap).getVirtualPrice();\\n            metaSwapStorage.baseVirtualPrice = baseVirtualPrice;\\n            metaSwapStorage.baseCacheLastUpdated = block.timestamp;\\n            return baseVirtualPrice;\\n        } else {\\n            return metaSwapStorage.baseVirtualPrice;\\n        }\\n    }\", \"MetaSwapUtils._xp:function _xp(\\n        uint256[] memory balances,\\n        uint256[] memory precisionMultipliers,\\n        uint256 baseVirtualPrice\\n    ) internal pure returns (uint256[] memory) {\\n        uint256[] memory xp = SwapUtils._xp(balances, precisionMultipliers);\\n        uint256 baseLPTokenIndex = balances.length.sub(1);\\n        xp[baseLPTokenIndex] = xp[baseLPTokenIndex].mul(baseVirtualPrice).div(\\n            BASE_VIRTUAL_PRICE_PRECISION\\n        );\\n        return xp;\\n    }\", \"SwapUtils.getY:function getY(\\n        uint256 preciseA,\\n        uint8 tokenIndexFrom,\\n        uint8 tokenIndexTo,\\n        uint256 x,\\n        uint256[] memory xp\\n    ) internal pure returns (uint256) {\\n        uint256 numTokens = xp.length;\\n        require(\\n            tokenIndexFrom != tokenIndexTo,\\n            \\\"Can't compare token to itself\\\"\\n        );\\n        require(\\n            tokenIndexFrom < numTokens && tokenIndexTo < numTokens,\\n            \\\"Tokens must be in pool\\\"\\n        );\\n\\n        uint256 d = getD(xp, preciseA);\\n        uint256 c = d;\\n        uint256 s;\\n        uint256 nA = numTokens.mul(preciseA);\\n\\n        uint256 _x;\\n        for (uint256 i = 0; i < numTokens; i++) {\\n            if (i == tokenIndexFrom) {\\n                _x = x;\\n            } else if (i != tokenIndexTo) {\\n                _x = xp[i];\\n            } else {\\n                continue;\\n            }\\n            s = s.add(_x);\\n            c = c.mul(d).div(_x.mul(numTokens));\\n            // If we were to protect the division loss we would have to keep the denominator separate\\n            // and divide at the end. However this leads to overflow with large numTokens or/and D.\\n            // c = c * D * D * D * ... overflow!\\n        }\\n        c = c.mul(d).mul(AmplificationUtils.A_PRECISION).div(nA.mul(numTokens));\\n        uint256 b = s.add(d.mul(AmplificationUtils.A_PRECISION).div(nA));\\n        uint256 yPrev;\\n        uint256 y = d;\\n\\n        // iterative approximation\\n        for (uint256 i = 0; i < MAX_LOOP_LIMIT; i++) {\\n            yPrev = y;\\n            y = y.mul(y).add(c).div(y.mul(2).add(b).sub(d));\\n            if (y.within1(yPrev)) {\\n                return y;\\n            }\\n        }\\n        revert(\\\"Approximation did not converge\\\");\\n    }\", \"SwapUtils._xp:function _xp(\\n        uint256[] memory balances,\\n        uint256[] memory precisionMultipliers\\n    ) internal pure returns (uint256[] memory) {\\n        uint256 numTokens = balances.length;\\n        require(\\n            numTokens == precisionMultipliers.length,\\n            \\\"Balances must match multipliers\\\"\\n        );\\n        uint256[] memory xp = new uint256[](numTokens);\\n        for (uint256 i = 0; i < numTokens; i++) {\\n            xp[i] = balances[i].mul(precisionMultipliers[i]);\\n        }\\n        return xp;\\n    }\", \"SwapUtils.getD:function getD(uint256[] memory xp, uint256 a)\\n        internal\\n        pure\\n        returns (uint256)\\n    {\\n        uint256 numTokens = xp.length;\\n        uint256 s;\\n        for (uint256 i = 0; i < numTokens; i++) {\\n            s = s.add(xp[i]);\\n        }\\n        if (s == 0) {\\n            return 0;\\n        }\\n\\n        uint256 prevD;\\n        uint256 d = s;\\n        uint256 nA = a.mul(numTokens);\\n\\n        for (uint256 i = 0; i < MAX_LOOP_LIMIT; i++) {\\n            uint256 dP = d;\\n            for (uint256 j = 0; j < numTokens; j++) {\\n                dP = dP.mul(d).div(xp[j].mul(numTokens));\\n                // If we were to protect the division loss we would have to keep the denominator separate\\n                // and divide at the end. However this leads to overflow with large numTokens or/and D.\\n                // dP = dP * D * D * D * ... overflow!\\n            }\\n            prevD = d;\\n            d = nA\\n                .mul(s)\\n                .div(AmplificationUtils.A_PRECISION)\\n                .add(dP.mul(numTokens))\\n                .mul(d)\\n                .div(\\n                nA\\n                    .sub(AmplificationUtils.A_PRECISION)\\n                    .mul(d)\\n                    .div(AmplificationUtils.A_PRECISION)\\n                    .add(numTokens.add(1).mul(dP))\\n            );\\n            if (d.within1(prevD)) {\\n                return d;\\n            }\\n        }\\n\\n        // Convergence should occur in 4 loops or less. If this is reached, there may be something wrong\\n        // with the pool. If this were to occur repeatedly, LPs should withdraw via `removeLiquidity()`\\n        // function which does not rely on D.\\n        revert(\\\"D does not converge\\\");\\n    }\"]:\n}\n\n",
            "v_outputs1": [
                [
                    {
                        "parameter": "tokenIndexFrom",
                        "attribute": "tokenAddress",
                        "score": "70%",
                        "reason": "The parameter 'tokenIndexFrom' is an indirect representation of the token address via the 'pooledTokens' array. While it can be mapped to the token address, this mapping relies on external context and is not directly evident from the code alone. This introduces some ambiguity and reduces confidence in the direct correspondence."
                    },
                    {
                        "parameter": "dx",
                        "attribute": "amount",
                        "score": "100%",
                        "reason": "The parameter 'dx' directly and unambiguously represents the amount of tokens to be swapped. The code clearly uses 'dx' to denote the quantity of tokens involved in the transfer, which perfectly aligns with the 'amount' attribute."
                    },
                    {
                        "parameter": "msg.sender",
                        "attribute": "recipientAddress",
                        "score": "80%",
                        "reason": "The 'msg.sender' is indeed the address that receives the swapped tokens in this context, matching the 'recipientAddress' attribute. However, this assumes that the recipient is always the sender, which might not hold true in all cross-chain scenarios where recipients could be different from the sender. This assumption slightly reduces confidence."
                    }
                ]
            ],
            "formatted_outputs1": {
                "tokenIndexFrom": {
                    "tokenAddress": {
                        "reason": "The parameter 'tokenIndexFrom' represents the index of the token to be transferred, which can indirectly map to the token address via the 'pooledTokens' array. However, this is an indirect mapping and relies on external context to resolve the actual token address.",
                        "score": "70%",
                        "s_reason": "The parameter 'tokenIndexFrom' is an indirect representation of the token address via the 'pooledTokens' array. While it can be mapped to the token address, this mapping relies on external context and is not directly evident from the code alone. This introduces some ambiguity and reduces confidence in the direct correspondence."
                    }
                },
                "dx": {
                    "amount": {
                        "reason": "The parameter 'dx' directly represents the amount of tokens to be swapped, which aligns with the 'amount' attribute. There is no ambiguity here as it clearly denotes the quantity of tokens involved in the transfer.",
                        "score": "100%",
                        "s_reason": "The parameter 'dx' directly and unambiguously represents the amount of tokens to be swapped. The code clearly uses 'dx' to denote the quantity of tokens involved in the transfer, which perfectly aligns with the 'amount' attribute."
                    }
                },
                "msg.sender": {
                    "recipientAddress": {
                        "reason": "The 'msg.sender' is the address that receives the swapped tokens, which matches the 'recipientAddress' attribute. However, this assumes that the recipient is always the sender, which might not be true in all cross-chain scenarios.",
                        "score": "80%",
                        "s_reason": "The 'msg.sender' is indeed the address that receives the swapped tokens in this context, matching the 'recipientAddress' attribute. However, this assumes that the recipient is always the sender, which might not hold true in all cross-chain scenarios where recipients could be different from the sender. This assumption slightly reduces confidence."
                    }
                }
            }
        },
        "step2": {
            "tokenAddress": {
                "tokenIndexFrom": {
                    "dataflows": [
                        {
                            "parameter": "tokenIndexFrom",
                            "dataflow": {
                                "swap": [
                                    "function swap(\n        SwapUtils.Swap storage self,\n        MetaSwap storage metaSwapStorage,\n        uint8 tokenIndexFrom,\n        uint8 tokenIndexTo,\n        uint256 dx,\n        uint256 minDy\n    ) external returns (uint256) {\n        {\n            uint256 pooledTokensLength = self.pooledTokens.length;\n            require(\n                tokenIndexFrom < pooledTokensLength &&\n                    tokenIndexTo < pooledTokensLength,\n                \"Token index is out of range\"\n            );\n        }",
                                    "IERC20 tokenFrom = self.pooledTokens[tokenIndexFrom];",
                                    "(uint256 dy, uint256 dyFee) =\n            _calculateSwap(\n                self,\n                tokenIndexFrom,\n                tokenIndexTo,\n                transferredDx,\n                _updateBaseVirtualPrice(metaSwapStorage)\n            );",
                                    "emit TokenSwap(\n            msg.sender,\n            transferredDx,\n            dy,\n            tokenIndexFrom,\n            tokenIndexTo\n        );"
                                ],
                                "_calculateSwap": [
                                    "function _calculateSwap(\n        SwapUtils.Swap storage self,\n        uint8 tokenIndexFrom,\n        uint8 tokenIndexTo,\n        uint256 dx,\n        uint256 baseVirtualPrice\n    ) internal view returns (uint256 dy, uint256 dyFee) {\n        uint256[] memory xp = _xp(self, baseVirtualPrice);\n        require(\n            tokenIndexFrom < xp.length && tokenIndexTo < xp.length,\n            \"Token index out of range\"\n        );",
                                    "uint256 x =\n            dx.mul(self.tokenPrecisionMultipliers[tokenIndexFrom]).add(\n                xp[tokenIndexFrom]\n            );",
                                    "uint256 y =\n            SwapUtils.getY(\n                self._getAPrecise(),\n                tokenIndexFrom,\n                tokenIndexTo,\nn                x,\nn                xp\n            );"
                                ],
                                "_xp": [
                                    "function _xp(\nn        uint256[] memory balances,n        uint256[] memory precisionMultipliers\n    ) internal pure returns (uint256[] memory) {",
                                    "for (uint256 i = 0; i < numTokens; i++) {\nn            xp[i] = balances[i].mul(precisionMultipliers[i]);\nn        }"
                                ],
                                "getY": [
                                    "function getY(\nn        uint256 preciseA,n        uint8 tokenIndexFrom,n        uint8 tokenIndexTo,n        uint256 x,n        uint256[] memory xpn    ) internal pure returns (uint256) {",
                                    "require(\nn            tokenIndexFrom != tokenIndexTo,n            \"Can't compare token to itself\"\nn       );",
                                    "require(\nn           tokenIndexFrom < numTokens && tokenIndexTo < numTokens,n           \"Tokens must be in pool\"\nn       );"
                                ]
                            },
                            "coverage": "95",
                            "correctness": "100",
                            "score": "98",
                            "reason": "The parameter 'tokenIndexFrom' is extensively used across multiple functions in the dataflow, including swap, _calculateSwap, _xp, and getY. The coverage is nearly complete as it is checked for validity in all relevant functions (range checks and non-equality checks). The correctness is perfect as all usages align with the intended logic of token indexing and swapping operations in the cross-chain protocol. Minor deduction in coverage due to lack of explicit visibility in some intermediate calculations, though this doesn't affect functional correctness."
                        },
                        {
                            "parameter": "tokenIndexFrom",
                            "dataflow": {
                                "swap": [
                                    "function swap(\n        SwapUtils.Swap storage self,\n        MetaSwap storage metaSwapStorage,\n        uint8 tokenIndexFrom,\n        uint8 tokenIndexTo,\n        uint256 dx,\n        uint256 minDy\n    ) external returns (uint256)",
                                    "require(\n                tokenIndexFrom < pooledTokensLength &&\n                    tokenIndexTo < pooledTokensLength,\n                \"Token index is out of range\"\n            )",
                                    "IERC20 tokenFrom = self.pooledTokens[tokenIndexFrom]",
                                    "(uint256 dy, uint256 dyFee) =\n            _calculateSwap(\n                self,\n                tokenIndexFrom,\n                tokenIndexTo,\n                transferredDx,\n                _updateBaseVirtualPrice(metaSwapStorage)\n            )",
                                    "emit TokenSwap(\n            msg.sender,\n            transferredDx,\n            dy,\n            tokenIndexFrom,\n            tokenIndexTo\n        )"
                                ],
                                "_calculateSwap": [
                                    "function _calculateSwap(\n        SwapUtils.Swap storage self,\n        uint8 tokenIndexFrom,\n        uint8 tokenIndexTo,\n        uint256 dx,\n        uint256 baseVirtualPrice\n    ) internal view returns (uint256 dy, uint256 dyFee)",
                                    "require(\n            tokenIndexFrom < xp.length && tokenIndexTo < xp.length,\n            \"Token index out of range\"\n        )",
                                    "uint256 x =\n            dx.mul(self.tokenPrecisionMultipliers[tokenIndexFrom]).add(\n                xp[tokenIndexFrom]\n            )",
                                    "uint256 y =\n            SwapUtils.getY(\n                self._getAPrecise(),\n                tokenIndexFrom,\n                tokenIndexTo,\n                x,\n                xp\n            )"
                                ],
                                "getY": [
                                    "function getY(\n        uint256 preciseA,\n        uint8 tokenIndexFrom,\n        uint8 tokenIndexTo,\n        uint256 x,\n        uint256[] memory xp\n    ) internal pure returns (uint256)",
                                    "require(\n            tokenIndexFrom != tokenIndexTo,\\nn            \"Can't compare token to itself\"\\nn        )",
                                    "require(\\nn            tokenIndexFrom < numTokens && tokenIndexTo < numTokens, \\nn            \"Tokens must be in pool\"\\nn        )"
                                ]
                            },
                            "coverage": "95",
                            "correctness": "100",
                            "score": "98",
                            "reason": "The dataflow for 'tokenIndexFrom' is extensively covered in the provided code, including validation checks, usage in calculations, and event emissions. The correctness is high as all instances where 'tokenIndexFrom' is used follow proper logic and security practices, such as range checks and proper indexing."
                        }
                    ],
                    "merge_dataflows": "function swap(\n        SwapUtils.Swap storage self,\n        MetaSwap storage metaSwapStorage,\n        uint8 tokenIndexFrom,\n        uint8 tokenIndexTo,\n        uint256 dx,\n        uint256 minDy\n    ) external returns (uint256) {\n        {\n            uint256 pooledTokensLength = self.pooledTokens.length;\n            require(\n                tokenIndexFrom < pooledTokensLength &&\n                    tokenIndexTo < pooledTokensLength,\n                \"Token index is out of range\"\n            );\n        }\nIERC20 tokenFrom = self.pooledTokens[tokenIndexFrom];\n(uint256 dy, uint256 dyFee) =\n            _calculateSwap(\n                self,\n                tokenIndexFrom,\n                tokenIndexTo,\n                transferredDx,\n                _updateBaseVirtualPrice(metaSwapStorage)\n            );\nemit TokenSwap(\n            msg.sender,\n            transferredDx,\n            dy,\n            tokenIndexFrom,\n            tokenIndexTo\n        );\nfunction _calculateSwap(\n        SwapUtils.Swap storage self,\n        uint8 tokenIndexFrom,\n        uint8 tokenIndexTo,\nn        uint256 dx,n        uint256 baseVirtualPrice\n    ) internal view returns (uint256 dy, uint256 dyFee) {\nn       uint256[] memory xp = _xp(self, baseVirtualPrice);\nn       require(\nn           tokenIndexFrom < xp.length && tokenIndexTo < xp.length,n           \"Token index out of range\"\nn       );\nuint256 x =\nn           dx.mul(self.tokenPrecisionMultipliers[tokenIndexFrom]).add(\nn               xp[tokenIndexFrom]\nn           );\nuint256 y =\nn           SwapUtils.getY(\nn               self._getAPrecise(),\nn               tokenIndexFrom,n               tokenIndexTo,n               x,n               xp\n           );\nfunction getY(\nn       uint256 preciseA,n       uint8 tokenIndexFrom,n       uint8 tokenIndexTo,n       uint256 x,n       uint256[] memory xpn   ) internal pure returns (uint256) {\nn   require(\nn       tokenIndexFrom != tokenIndexTo,n       \"Can't compare token to itself\"\nn   );\nn   require(\nn      tokenIndexFrom < numTokens && tokenIndexTo < numTokens,n      \"Tokens must be in pool\"\nn  );"
                }
            },
            "amount": {
                "dx": {
                    "dataflows": [
                        {
                            "parameter": "dx",
                            "dataflow": {
                                "swap": [
                                    "function swap(\n        SwapUtils.Swap storage self,\n        MetaSwap storage metaSwapStorage,\n        uint8 tokenIndexFrom,\n        uint8 tokenIndexTo,\n        uint256 dx,\n        uint256 minDy\n    ) external returns (uint256) {\n        {\n            uint256 pooledTokensLength = self.pooledTokens.length;\n            require(\n                tokenIndexFrom < pooledTokensLength &&\n                    tokenIndexTo < pooledTokensLength,\n                \"Token index is out of range\"\n            );\n        }\n\n        uint256 transferredDx;\n        {\n            IERC20 tokenFrom = self.pooledTokens[tokenIndexFrom];\n            require(\n                dx <= tokenFrom.balanceOf(msg.sender),\n                \"Cannot swap more than you own\"\n            );\n\n            {\n                // Transfer tokens first to see if a fee was charged on transfer\n                uint256 beforeBalance = tokenFrom.balanceOf(address(this));\n                tokenFrom.safeTransferFrom(msg.sender, address(this), dx);\n\n                // Use the actual transferred amount for AMM math\n                transferredDx = tokenFrom.balanceOf(address(this)).sub(\n                    beforeBalance\n                );\n            }\n        }",
                                    "(uint256 dy, uint256 dyFee) =\n            _calculateSwap(\n                self,\n                tokenIndexFrom,\n                tokenIndexTo,\n                transferredDx,\n                _updateBaseVirtualPrice(metaSwapStorage)\n            );",
                                    "self.balances[tokenIndexFrom] = self.balances[tokenIndexFrom].add(\n            transferredDx\n        );",
                                    "emit TokenSwap(\n            msg.sender,\n            transferredDx,\n            dy,\n            tokenIndexFrom,\n            tokenIndexTo\n        );"
                                ],
                                "_calculateSwap": [
                                    "function _calculateSwap(\n        SwapUtils.Swap storage self,\n        uint8 tokenIndexFrom,\n        uint8 tokenIndexTo,\n        uint256 dx,\n        uint256 baseVirtualPrice\n    ) internal view returns (uint256 dy, uint256 dyFee) {\"",
                                    "uint256 x =\ndx.mul(self.tokenPrecisionMultipliers[tokenIndexFrom]).add(xp[tokenIndexFrom]);"
                                ]
                            },
                            "coverage": "95",
                            "correctness": "100",
                            "score": "98",
                            "reason": "The dataflow extraction for parameter 'dx' covers all critical usage points in the original code, including token transfer validation, actual transferred amount calculation, swap calculation, and balance updates. The correctness is confirmed by the exact match in arithmetic operations and parameter passing through the entire swap process. The minor deduction in coverage accounts for potential edge cases in token transfer handling not explicitly shown in the extracted flow."
                        },
                        {
                            "parameter": "dx",
                            "dataflow": {
                                "swap": [
                                    "function swap(\n        SwapUtils.Swap storage self,\n        MetaSwap storage metaSwapStorage,\n        uint8 tokenIndexFrom,\n        uint8 tokenIndexTo,\n        uint256 dx,\n        uint256 minDy\n    ) external returns (uint256)",
                                    "require(\n                dx <= tokenFrom.balanceOf(msg.sender),\n                \"Cannot swap more than you own\"\n            )",
                                    "tokenFrom.safeTransferFrom(msg.sender, address(this), dx)",
                                    "(uint256 dy, uint256 dyFee) =\n            _calculateSwap(\n                self,\n                tokenIndexFrom,\n                tokenIndexTo,\n                transferredDx,\n                _updateBaseVirtualPrice(metaSwapStorage)\n            )",
                                    "self.balances[tokenIndexFrom] = self.balances[tokenIndexFrom].add(\n            transferredDx\n        )",
                                    "emit TokenSwap(\n            msg.sender,\n            transferredDx,\n            dy,\n            tokenIndexFrom,\n            tokenIndexTo\n        )"
                                ],
                                "_calculateSwap": [
                                    "function _calculateSwap(\n        SwapUtils.Swap storage self,\n        uint8 tokenIndexFrom,\n        uint8 tokenIndexTo,\n        uint256 dx,\n        uint256 baseVirtualPrice\n    ) internal view returns (uint256 dy, uint256 dyFee)",
                                    "uint256 x =\n            dx.mul(self.tokenPrecisionMultipliers[tokenIndexFrom]).add(\n                xp[tokenIndexFrom]\n            )",
                                    "uint256 y =\n            SwapUtils.getY(\n                self._getAPrecise(),\n                tokenIndexFrom,\n                tokenIndexTo,\n                x,\n                xp\n            )"
                                ],
                                "_xp": [
                                    "function _xp(\n        uint256[] memory balances,\n        uint256[] memory precisionMultipliers\n    ) internal pure returns (uint256[] memory)"
                                ],
                                "getY": [
                                    "function getY(\n        uint256 preciseA,\n        uint8 tokenIndexFrom,\n        uint8 tokenIndexTo,\n        uint256 x,\n        uint256[] memory xp\n    ) internal pure returns (uint256)",
                                    "_x = x"
                                ]
                            },
                            "coverage": "95",
                            "correctness": "90",
                            "score": "93",
                            "reason": "The dataflow for 'dx' is well-covered in the provided code, with clear usage in the swap and _calculateSwap functions. The correctness is high as the parameter is properly validated, transferred, and used in calculations. However, there's a minor deduction for potential edge cases not explicitly handled in the transfer amount validation."
                        }
                    ],
                    "merge_dataflows": "function swap(\n        SwapUtils.Swap storage self,\n        MetaSwap storage metaSwapStorage,\n        uint8 tokenIndexFrom,\n        uint8 tokenIndexTo,\n        uint256 dx,\n        uint256 minDy\n    ) external returns (uint256) {\n        {\n            uint256 pooledTokensLength = self.pooledTokens.length;\n            require(\n                tokenIndexFrom < pooledTokensLength &&\n                    tokenIndexTo < pooledTokensLength,\n                \"Token index is out of range\"\n            );\n        }\n\n        uint256 transferredDx;\n        {\n            IERC20 tokenFrom = self.pooledTokens[tokenIndexFrom];\n            require(\n                dx <= tokenFrom.balanceOf(msg.sender),\n                \"Cannot swap more than you own\"\n            );\n\n            {\n                // Transfer tokens first to see if a fee was charged on transfer\n                uint256 beforeBalance = tokenFrom.balanceOf(address(this));\n                tokenFrom.safeTransferFrom(msg.sender, address(this), dx);\n\n                // Use the actual transferred amount for AMM math\n                transferredDx = tokenFrom.balanceOf(address(this)).sub(\n                    beforeBalance\n                );\n            }\n        }\n\n        (uint256 dy, uint256 dyFee) =\n            _calculateSwap(\n                self,\n                tokenIndexFrom,\n                tokenIndexTo,\n                transferredDx,\n                _updateBaseVirtualPrice(metaSwapStorage)\n            );\n\n        self.balances[tokenIndexFrom] = self.balances[tokenIndexFrom].add(\n            transferredDx\n        );\n\n        emit TokenSwap(\n            msg.sender,\n            transferredDx,\n            dy,\n            tokenIndexFrom,\n            tokenIndexTo\n        );\n    }\n\n    function _calculateSwap(\n        SwapUtils.Swap storage self,\n        uint8 tokenIndexFrom,\nnction getY(\nuint8 tokenIndexTo,nction _xp(uint256[] memory balances,nuint8 tokenIndexTo,nction getY(uint256 preciseA,nuint8 tokenIndexTo,nuint256 x,nuint256[] memory xp) internal pure returns (uint256),\nx = x"
                }
            },
            "recipientAddress": {
                "msg.sender": {
                    "dataflows": [
                        {
                            "parameter": "msg.sender",
                            "dataflow": {
                                "swap": [
                                    "require(\n                dx <= tokenFrom.balanceOf(msg.sender),\n                \"Cannot swap more than you own\"\n            );",
                                    "tokenFrom.safeTransferFrom(msg.sender, address(this), dx);",
                                    "self.pooledTokens[tokenIndexTo].safeTransfer(msg.sender, dy);",
                                    "emit TokenSwap(\n            msg.sender,\n            transferredDx,\n            dy,\n            tokenIndexFrom,\n            tokenIndexTo\n        );"
                                ]
                            },
                            "coverage": "95",
                            "correctness": "100",
                            "score": "98",
                            "reason": "The dataflow provided for 'msg.sender' covers all critical uses in the original code, including balance checks, token transfers, and event emissions. The correctness is confirmed as the usage aligns perfectly with the intended functionality of verifying sender ownership and executing transfers. One minor coverage gap is the lack of explicit mention in internal calculations like '_calculateSwap', but this does not affect correctness as 'msg.sender' is not involved in those computations."
                        },
                        {
                            "parameter": "msg.sender",
                            "dataflow": {
                                "swap": [
                                    "require(\n                dx <= tokenFrom.balanceOf(msg.sender),\n                \"Cannot swap more than you own\"\n            );",
                                    "tokenFrom.safeTransferFrom(msg.sender, address(this), dx);",
                                    "self.pooledTokens[tokenIndexTo].safeTransfer(msg.sender, dy);",
                                    "emit TokenSwap(\n            msg.sender,\n            transferredDx,\n            dy,\n            tokenIndexFrom,\n            tokenIndexTo\n        );"
                                ]
                            },
                            "coverage": "95",
                            "correctness": "100",
                            "score": "97",
                            "reason": "The dataflow provided for 'msg.sender' covers all critical uses in the original code, including balance checks, token transfers, and event emissions. The correctness is confirmed as all usages properly implement security checks and maintain expected protocol behavior. One minor coverage deduction is due to not explicitly showing all possible control flow paths where 'msg.sender' might be used in error handling (though these would inherently be covered by the shown require statements)."
                        }
                    ],
                    "merge_dataflows": "require(\n                dx <= tokenFrom.balanceOf(msg.sender),\n                \"Cannot swap more than you own\"\n            );tokenFrom.safeTransferFrom(msg.sender, address(this), dx);self.pooledTokens[tokenIndexTo].safeTransfer(msg.sender, dy);emit TokenSwap(\n            msg.sender,\n            transferredDx,\n            dy,\n            tokenIndexFrom,\n            tokenIndexTo\n        );"
                }
            }
        },
        "step3": {
            "tokenAddress": {
                "tokenIndexFrom": {
                    "Check whether the tokenAddress is authorized to use.": {
                        "original": [
                            {
                                "result": false,
                                "validation": [],
                                "reason": "无"
                            },
                            {
                                "result": false,
                                "validation": [],
                                "reason": "无"
                            },
                            {
                                "result": false,
                                "validation": [],
                                "reason": "无"
                            }
                        ],
                        "verify_filtered": []
                    }
                }
            },
            "amount": {
                "dx": {
                    "Validate that amount is greater than 0": {
                        "original": [
                            {
                                "result": false,
                                "validation": [],
                                "reason": "The code does not explicitly check if dx is greater than 0."
                            },
                            {
                                "result": false,
                                "validation": [],
                                "reason": "There is no require or assert statement validating that dx > 0."
                            },
                            {
                                "result": false,
                                "validation": [],
                                "reason": "The constraint 'Validate that amount is greater than 0' is not covered in the provided code for parameter dx."
                            }
                        ],
                        "verify_filtered": []
                    },
                    "Validate that msg.sender's balance change before and after equals amount": {
                        "original": [
                            {
                                "result": true,
                                "validation": [
                                    "uint256 beforeBalance = tokenFrom.balanceOf(address(this));",
                                    "tokenFrom.safeTransferFrom(msg.sender, address(this), dx);",
                                    "transferredDx = tokenFrom.balanceOf(address(this)).sub(beforeBalance);"
                                ],
                                "reason": "The code checks the balance of the contract before and after the transfer to calculate the actual transferred amount (transferredDx). This ensures that the change in the contract's balance equals the amount transferred from msg.sender."
                            },
                            {
                                "result": false,
                                "validation": [],
                                "reason": null
                            },
                            {
                                "result": "...",
                                "validation": "...",
                                "reason": "..."
                            }
                        ],
                        "verify_filtered": [
                            {
                                "parameter": "dx",
                                "constraint": "Validate that msg.sender's balance change before and after equals amount",
                                "validation": [
                                    "uint256 beforeBalance = tokenFrom.balanceOf(address(this));",
                                    "tokenFrom.safeTransferFrom(msg.sender, address(this), dx);",
                                    "transferredDx = tokenFrom.balanceOf(address(this)).sub(beforeBalance);"
                                ],
                                "score": 100,
                                "reason": "The validation code accurately implements the constraint by measuring the balance change of the contract address (not msg.sender) before and after the transfer. This correctly captures any potential transfer fees or adjustments, though it's noted that the constraint specifies msg.sender's balance while the code checks the contract's balance. Given typical protocol designs where the contract receives tokens from msg.sender, this implementation is correct for its intended purpose.",
                                "results": [
                                    {
                                        "result": true,
                                        "poc": "The validation can be bypassed by using a token that implements a fee on transfer mechanism. When `tokenFrom.safeTransferFrom(msg.sender, address(this), dx)` is called, the actual amount transferred could be less than `dx` due to the fee. The contract then calculates `transferredDx` as the difference in balance before and after the transfer, which would be less than `dx`. This allows the user to swap less than the intended amount while still passing the initial balance check `dx <= tokenFrom.balanceOf(msg.sender)`.",
                                        "score": 90,
                                        "reason": "The PoC demonstrates a valid bypass of the validation by utilizing a token with a fee-on-transfer mechanism. The contract correctly calculates the actual transferred amount (`transferredDx`) by comparing the balance before and after the transfer, which accounts for any fees deducted during the transfer. However, this does not prevent the user from swapping less than the intended amount while still passing the initial balance check (`dx <= tokenFrom.balanceOf(msg.sender)`). The confidence score is high (90) because the described scenario is a well-known issue with fee-on-transfer tokens and the code does not include additional checks to mitigate this specific case."
                                    },
                                    {
                                        "result": true,
                                        "poc": "Another way to bypass the validation is by reentrancy. If the token's `transferFrom` function calls back into the contract before completing the transfer, the `beforeBalance` value could be manipulated. For example, if during the reentrant call, another transfer is made to the contract, the `beforeBalance` could be artificially inflated, causing `transferredDx` to be calculated incorrectly.",
                                        "score": "90",
                                        "reason": "The provided PoC demonstrates a plausible reentrancy attack vector that could manipulate the `beforeBalance` value during the `safeTransferFrom` call. The validation relies on the assumption that `tokenFrom.balanceOf(address(this))` will only reflect the transfer initiated by the current call, but a malicious token implementation could violate this assumption through reentrancy. The high confidence score reflects that: 1) The attack path is clearly described; 2) The contract performs external calls before state updates (violating checks-effects-interactions); 3) No reentrancy guards are visible in the code. The remaining uncertainty (10%) comes from not knowing if there might be external protections at the protocol level not shown in this code snippet."
                                    }
                                ]
                            }
                        ]
                    },
                    "Validate that the bridge's balance change before and after equals amount": {
                        "original": [
                            {
                                "result": true,
                                "validation": [
                                    "uint256 beforeBalance = tokenFrom.balanceOf(address(this));",
                                    "tokenFrom.safeTransferFrom(msg.sender, address(this), dx);",
                                    "transferredDx = tokenFrom.balanceOf(address(this)).sub(beforeBalance);"
                                ],
                                "reason": "The code captures the balance of the token before and after the transfer, then calculates the difference (transferredDx) which equals the actual amount transferred. This validates that the bridge's balance change equals the amount transferred."
                            },
                            {
                                "result": false,
                                "validation": [],
                                "reason": null
                            },
                            {
                                "result": "...",
                                "validation": "...",
                                "reason": "..."
                            }
                        ],
                        "verify_filtered": [
                            {
                                "parameter": "dx",
                                "constraint": "Validate that the bridge's balance change before and after equals amount",
                                "validation": [
                                    "uint256 beforeBalance = tokenFrom.balanceOf(address(this));",
                                    "tokenFrom.safeTransferFrom(msg.sender, address(this), dx);",
                                    "transferredDx = tokenFrom.balanceOf(address(this)).sub(beforeBalance);"
                                ],
                                "score": 100,
                                "reason": "The validation code correctly implements the constraint by first recording the balance before the transfer, performing the transfer, and then calculating the difference in balance to ensure it matches the expected amount. This accurately verifies that the bridge's balance change equals the specified amount.",
                                "results": [
                                    {
                                        "result": true,
                                        "poc": "The validation checks the transferred amount by comparing the balance before and after the transfer. However, if the token being transferred is a fee-on-transfer token, the actual amount received by the contract will be less than `dx`. This means `transferredDx` will be less than `dx`, but the subsequent calculations will still use `transferredDx`, effectively bypassing the initial check that `dx <= tokenFrom.balanceOf(msg.sender)`. An attacker could exploit this by using a fee-on-transfer token to manipulate the swap calculations.",
                                        "score": "95",
                                        "reason": "The provided PoC correctly identifies a vulnerability in the validation logic where fee-on-transfer tokens can bypass the intended checks. The code measures the actual transferred amount by comparing balances before and after the transfer, which is correct for standard tokens but fails for fee-on-transfer tokens. The subsequent calculations use `transferredDx` (the actual received amount) instead of `dx` (the intended transfer amount), which could lead to incorrect swap calculations. This is a well-known issue in DeFi protocols and the described attack vector is valid. The high confidence score reflects the clear and accurate identification of this vulnerability."
                                    },
                                    {
                                        "result": true,
                                        "poc": "If the token being transferred has a hook or callback mechanism that allows the sender to manipulate the balance during the transfer (e.g., ERC777 tokens with callbacks), an attacker could potentially interfere with the balance check. For example, they could temporarily increase their balance during the transfer to pass the initial check, then reduce it back after, causing `transferredDx` to be less than expected.",
                                        "score": "90",
                                        "reason": "The provided PoC correctly identifies a potential vulnerability in the validation mechanism for the `dx` parameter when dealing with ERC777 tokens or other tokens with callback mechanisms. The validation relies on comparing the balance before and after the transfer to determine the actual amount transferred (`transferredDx`). However, if the token being transferred has a hook or callback mechanism, an attacker could manipulate the balance during the transfer, causing `transferredDx` to be less than expected. This is a valid concern and is well-documented in the Ethereum community as a potential issue with certain token standards. The confidence score is high (90) because the PoC is technically sound and aligns with known vulnerabilities in similar contexts. The only reason it's not 100 is that it depends on the specific token implementation being used, which may not always have such callbacks."
                                    }
                                ]
                            }
                        ]
                    },
                    "Validate that msg.sender's balance ≥ amount": {
                        "original": [
                            {
                                "result": true,
                                "validation": [
                                    "require(\n                dx <= tokenFrom.balanceOf(msg.sender),\n                \"Cannot swap more than you own\"\n            );"
                                ],
                                "reason": "The code explicitly checks that the parameter 'dx' (the amount to swap) is less than or equal to the sender's token balance using 'tokenFrom.balanceOf(msg.sender)'. This directly enforces the constraint that the sender's balance must be greater than or equal to the amount being swapped."
                            },
                            {
                                "result": false,
                                "validation": [],
                                "reason": null
                            },
                            {
                                "result": false,
                                "validation": [],
                                "reason": null
                            }
                        ],
                        "verify_filtered": [
                            {
                                "parameter": "dx",
                                "constraint": "Validate that msg.sender's balance ≥ amount",
                                "validation": "require(\n                dx <= tokenFrom.balanceOf(msg.sender),\n                \"Cannot swap more than you own\"\n            );",
                                "score": 100,
                                "reason": "The validation code accurately implements the constraint by checking if the amount to be swapped (dx) is less than or equal to the sender's token balance. The error message is also appropriate and clearly indicates the reason for failure.",
                                "results": []
                            }
                        ]
                    }
                }
            },
            "recipientAddress": {
                "msg.sender": {
                    "Validate that recipientAddress is not the zero address": {
                        "original": [
                            {
                                "result": false,
                                "validation": [],
                                "reason": "无"
                            },
                            {
                                "result": false,
                                "validation": [],
                                "reason": "无"
                            },
                            {
                                "result": false,
                                "validation": [],
                                "reason": "无"
                            }
                        ],
                        "verify_filtered": []
                    }
                }
            }
        },
        "step4": {
            "tokenAddress": {
                "tokenIndexFrom": {}
            },
            "amount": {
                "dx": {
                    "Validate that msg.sender's balance change before and after equals amount": [
                        {
                            "parameter": "dx",
                            "constraint": "Validate that msg.sender's balance change before and after equals amount",
                            "validation": [
                                "uint256 beforeBalance = tokenFrom.balanceOf(address(this));",
                                "tokenFrom.safeTransferFrom(msg.sender, address(this), dx);",
                                "transferredDx = tokenFrom.balanceOf(address(this)).sub(beforeBalance);"
                            ],
                            "score": 100,
                            "reason": "The validation code accurately implements the constraint by measuring the balance change of the contract address (not msg.sender) before and after the transfer. This correctly captures any potential transfer fees or adjustments, though it's noted that the constraint specifies msg.sender's balance while the code checks the contract's balance. Given typical protocol designs where the contract receives tokens from msg.sender, this implementation is correct for its intended purpose.",
                            "results": [
                                {
                                    "result": true,
                                    "poc": "The validation can be bypassed by using a token that implements a fee on transfer mechanism. When `tokenFrom.safeTransferFrom(msg.sender, address(this), dx)` is called, the actual amount transferred could be less than `dx` due to the fee. The contract then calculates `transferredDx` as the difference in balance before and after the transfer, which would be less than `dx`. This allows the user to swap less than the intended amount while still passing the initial balance check `dx <= tokenFrom.balanceOf(msg.sender)`.",
                                    "score": 90,
                                    "reason": "The PoC demonstrates a valid bypass of the validation by utilizing a token with a fee-on-transfer mechanism. The contract correctly calculates the actual transferred amount (`transferredDx`) by comparing the balance before and after the transfer, which accounts for any fees deducted during the transfer. However, this does not prevent the user from swapping less than the intended amount while still passing the initial balance check (`dx <= tokenFrom.balanceOf(msg.sender)`). The confidence score is high (90) because the described scenario is a well-known issue with fee-on-transfer tokens and the code does not include additional checks to mitigate this specific case."
                                },
                                {
                                    "result": true,
                                    "poc": "Another way to bypass the validation is by reentrancy. If the token's `transferFrom` function calls back into the contract before completing the transfer, the `beforeBalance` value could be manipulated. For example, if during the reentrant call, another transfer is made to the contract, the `beforeBalance` could be artificially inflated, causing `transferredDx` to be calculated incorrectly.",
                                    "score": "90",
                                    "reason": "The provided PoC demonstrates a plausible reentrancy attack vector that could manipulate the `beforeBalance` value during the `safeTransferFrom` call. The validation relies on the assumption that `tokenFrom.balanceOf(address(this))` will only reflect the transfer initiated by the current call, but a malicious token implementation could violate this assumption through reentrancy. The high confidence score reflects that: 1) The attack path is clearly described; 2) The contract performs external calls before state updates (violating checks-effects-interactions); 3) No reentrancy guards are visible in the code. The remaining uncertainty (10%) comes from not knowing if there might be external protections at the protocol level not shown in this code snippet."
                                }
                            ]
                        }
                    ],
                    "Validate that the bridge's balance change before and after equals amount": [
                        {
                            "parameter": "dx",
                            "constraint": "Validate that the bridge's balance change before and after equals amount",
                            "validation": [
                                "uint256 beforeBalance = tokenFrom.balanceOf(address(this));",
                                "tokenFrom.safeTransferFrom(msg.sender, address(this), dx);",
                                "transferredDx = tokenFrom.balanceOf(address(this)).sub(beforeBalance);"
                            ],
                            "score": 100,
                            "reason": "The validation code correctly implements the constraint by first recording the balance before the transfer, performing the transfer, and then calculating the difference in balance to ensure it matches the expected amount. This accurately verifies that the bridge's balance change equals the specified amount.",
                            "results": [
                                {
                                    "result": true,
                                    "poc": "The validation checks the transferred amount by comparing the balance before and after the transfer. However, if the token being transferred is a fee-on-transfer token, the actual amount received by the contract will be less than `dx`. This means `transferredDx` will be less than `dx`, but the subsequent calculations will still use `transferredDx`, effectively bypassing the initial check that `dx <= tokenFrom.balanceOf(msg.sender)`. An attacker could exploit this by using a fee-on-transfer token to manipulate the swap calculations.",
                                    "score": "95",
                                    "reason": "The provided PoC correctly identifies a vulnerability in the validation logic where fee-on-transfer tokens can bypass the intended checks. The code measures the actual transferred amount by comparing balances before and after the transfer, which is correct for standard tokens but fails for fee-on-transfer tokens. The subsequent calculations use `transferredDx` (the actual received amount) instead of `dx` (the intended transfer amount), which could lead to incorrect swap calculations. This is a well-known issue in DeFi protocols and the described attack vector is valid. The high confidence score reflects the clear and accurate identification of this vulnerability."
                                },
                                {
                                    "result": true,
                                    "poc": "If the token being transferred has a hook or callback mechanism that allows the sender to manipulate the balance during the transfer (e.g., ERC777 tokens with callbacks), an attacker could potentially interfere with the balance check. For example, they could temporarily increase their balance during the transfer to pass the initial check, then reduce it back after, causing `transferredDx` to be less than expected.",
                                    "score": "90",
                                    "reason": "The provided PoC correctly identifies a potential vulnerability in the validation mechanism for the `dx` parameter when dealing with ERC777 tokens or other tokens with callback mechanisms. The validation relies on comparing the balance before and after the transfer to determine the actual amount transferred (`transferredDx`). However, if the token being transferred has a hook or callback mechanism, an attacker could manipulate the balance during the transfer, causing `transferredDx` to be less than expected. This is a valid concern and is well-documented in the Ethereum community as a potential issue with certain token standards. The confidence score is high (90) because the PoC is technically sound and aligns with known vulnerabilities in similar contexts. The only reason it's not 100 is that it depends on the specific token implementation being used, which may not always have such callbacks."
                                }
                            ]
                        }
                    ],
                    "Validate that msg.sender's balance ≥ amount": [
                        {
                            "parameter": "dx",
                            "constraint": "Validate that msg.sender's balance ≥ amount",
                            "validation": "require(\n                dx <= tokenFrom.balanceOf(msg.sender),\n                \"Cannot swap more than you own\"\n            );",
                            "score": 100,
                            "reason": "The validation code accurately implements the constraint by checking if the amount to be swapped (dx) is less than or equal to the sender's token balance. The error message is also appropriate and clearly indicates the reason for failure.",
                            "results": []
                        }
                    ]
                }
            },
            "recipientAddress": {
                "msg.sender": {}
            }
        },
        "final_result": {
            "tokenAddress": {
                "tokenIndexFrom": {
                    "Check whether the tokenAddress is authorized to use.": [
                        {
                            "parameter": "tokenIndexFrom",
                            "constraint": "Check whether the tokenAddress is authorized to use.",
                            "validation": "",
                            "reason": "在step3中未找到约束相关代码，不执行后续步骤"
                        }
                    ]
                }
            },
            "amount": {
                "dx": {
                    "Validate that amount is greater than 0": [
                        {
                            "parameter": "dx",
                            "constraint": "Validate that amount is greater than 0",
                            "validation": "",
                            "reason": "在step3中未找到约束相关代码，不执行后续步骤"
                        }
                    ],
                    "Validate that msg.sender's balance change before and after equals amount": [
                        {
                            "validation": [
                                "uint256 beforeBalance = tokenFrom.balanceOf(address(this));",
                                "tokenFrom.safeTransferFrom(msg.sender, address(this), dx);",
                                "transferredDx = tokenFrom.balanceOf(address(this)).sub(beforeBalance);"
                            ],
                            "poc": "The validation can be bypassed by using a token that implements a fee on transfer mechanism. When `tokenFrom.safeTransferFrom(msg.sender, address(this), dx)` is called, the actual amount transferred could be less than `dx` due to the fee. The contract then calculates `transferredDx` as the difference in balance before and after the transfer, which would be less than `dx`. This allows the user to swap less than the intended amount while still passing the initial balance check `dx <= tokenFrom.balanceOf(msg.sender)`.",
                            "score": 90,
                            "reason": "The PoC demonstrates a valid bypass of the validation by utilizing a token with a fee-on-transfer mechanism. The contract correctly calculates the actual transferred amount (`transferredDx`) by comparing the balance before and after the transfer, which accounts for any fees deducted during the transfer. However, this does not prevent the user from swapping less than the intended amount while still passing the initial balance check (`dx <= tokenFrom.balanceOf(msg.sender)`). The confidence score is high (90) because the described scenario is a well-known issue with fee-on-transfer tokens and the code does not include additional checks to mitigate this specific case."
                        },
                        {
                            "validation": [
                                "uint256 beforeBalance = tokenFrom.balanceOf(address(this));",
                                "tokenFrom.safeTransferFrom(msg.sender, address(this), dx);",
                                "transferredDx = tokenFrom.balanceOf(address(this)).sub(beforeBalance);"
                            ],
                            "poc": "Another way to bypass the validation is by reentrancy. If the token's `transferFrom` function calls back into the contract before completing the transfer, the `beforeBalance` value could be manipulated. For example, if during the reentrant call, another transfer is made to the contract, the `beforeBalance` could be artificially inflated, causing `transferredDx` to be calculated incorrectly.",
                            "score": "90",
                            "reason": "The provided PoC demonstrates a plausible reentrancy attack vector that could manipulate the `beforeBalance` value during the `safeTransferFrom` call. The validation relies on the assumption that `tokenFrom.balanceOf(address(this))` will only reflect the transfer initiated by the current call, but a malicious token implementation could violate this assumption through reentrancy. The high confidence score reflects that: 1) The attack path is clearly described; 2) The contract performs external calls before state updates (violating checks-effects-interactions); 3) No reentrancy guards are visible in the code. The remaining uncertainty (10%) comes from not knowing if there might be external protections at the protocol level not shown in this code snippet."
                        }
                    ],
                    "Validate that the bridge's balance change before and after equals amount": [
                        {
                            "validation": [
                                "uint256 beforeBalance = tokenFrom.balanceOf(address(this));",
                                "tokenFrom.safeTransferFrom(msg.sender, address(this), dx);",
                                "transferredDx = tokenFrom.balanceOf(address(this)).sub(beforeBalance);"
                            ],
                            "poc": "The validation checks the transferred amount by comparing the balance before and after the transfer. However, if the token being transferred is a fee-on-transfer token, the actual amount received by the contract will be less than `dx`. This means `transferredDx` will be less than `dx`, but the subsequent calculations will still use `transferredDx`, effectively bypassing the initial check that `dx <= tokenFrom.balanceOf(msg.sender)`. An attacker could exploit this by using a fee-on-transfer token to manipulate the swap calculations.",
                            "score": "95",
                            "reason": "The provided PoC correctly identifies a vulnerability in the validation logic where fee-on-transfer tokens can bypass the intended checks. The code measures the actual transferred amount by comparing balances before and after the transfer, which is correct for standard tokens but fails for fee-on-transfer tokens. The subsequent calculations use `transferredDx` (the actual received amount) instead of `dx` (the intended transfer amount), which could lead to incorrect swap calculations. This is a well-known issue in DeFi protocols and the described attack vector is valid. The high confidence score reflects the clear and accurate identification of this vulnerability."
                        },
                        {
                            "validation": [
                                "uint256 beforeBalance = tokenFrom.balanceOf(address(this));",
                                "tokenFrom.safeTransferFrom(msg.sender, address(this), dx);",
                                "transferredDx = tokenFrom.balanceOf(address(this)).sub(beforeBalance);"
                            ],
                            "poc": "If the token being transferred has a hook or callback mechanism that allows the sender to manipulate the balance during the transfer (e.g., ERC777 tokens with callbacks), an attacker could potentially interfere with the balance check. For example, they could temporarily increase their balance during the transfer to pass the initial check, then reduce it back after, causing `transferredDx` to be less than expected.",
                            "score": "90",
                            "reason": "The provided PoC correctly identifies a potential vulnerability in the validation mechanism for the `dx` parameter when dealing with ERC777 tokens or other tokens with callback mechanisms. The validation relies on comparing the balance before and after the transfer to determine the actual amount transferred (`transferredDx`). However, if the token being transferred has a hook or callback mechanism, an attacker could manipulate the balance during the transfer, causing `transferredDx` to be less than expected. This is a valid concern and is well-documented in the Ethereum community as a potential issue with certain token standards. The confidence score is high (90) because the PoC is technically sound and aligns with known vulnerabilities in similar contexts. The only reason it's not 100 is that it depends on the specific token implementation being used, which may not always have such callbacks."
                        }
                    ],
                    "Validate that msg.sender's balance ≥ amount": []
                }
            },
            "recipientAddress": {
                "msg.sender": {
                    "Validate that recipientAddress is not the zero address": [
                        {
                            "parameter": "msg.sender",
                            "constraint": "Validate that recipientAddress is not the zero address",
                            "validation": "",
                            "reason": "在step3中未找到约束相关代码，不执行后续步骤"
                        }
                    ]
                }
            }
        },
        "context": {
            "event": "TokenSwap",
            "call_graph": "swap",
            "state_variables": {
                "FEE_DENOMINATOR": "uint256 private constant FEE_DENOMINATOR = 10**10;",
                "BASE_CACHE_EXPIRE_TIME": "uint256 public constant BASE_CACHE_EXPIRE_TIME = 10 minutes;",
                "BASE_VIRTUAL_PRICE_PRECISION": "uint256 public constant BASE_VIRTUAL_PRICE_PRECISION = 10**18;",
                "MAX_LOOP_LIMIT": "uint256 private constant MAX_LOOP_LIMIT = 256;",
                "A_PRECISION": "uint256 public constant A_PRECISION = 100;"
            },
            "external_functions": [
                "function safeTransferFrom(IERC20 token, address from, address to, uint256 value) internal{ _callOptionalReturn(token, abi.encodeWithSelector(token.transferFrom.selector, from, to, value));}",
                "function mul(uint256 a, uint256 b) internal pure returns (uint256){ if (a == 0) return 0; uint256 c = a * b; require(c / a == b, \"SafeMath: multiplication overflow\"); return c;}",
                "function _xp(SwapUtils.Swap storage self, uint256 baseVirtualPrice) internal view returns (uint256[] memory){ return _xp( self.balances, self.tokenPrecisionMultipliers, baseVirtualPrice );}",
                "function sub(uint256 a, uint256 b) internal pure returns (uint256){ require(b <= a, \"SafeMath: subtraction overflow\"); return a - b;}",
                "function sub(uint256 a, uint256 b, string memory errorMessage) internal pure returns (uint256){ require(b <= a, errorMessage); return a - b;}",
                "function _xp(Swap storage self) internal view returns (uint256[] memory){ return _xp(self.balances, self.tokenPrecisionMultipliers);}",
                "function add(uint256 a, uint256 b) internal pure returns (uint256){ uint256 c = a + b; require(c >= a, \"SafeMath: addition overflow\"); return c;}",
                "function within1(uint256 a, uint256 b) internal pure returns (bool){ return (difference(a, b) <= 1);}"
            ]
        },
        "step1-time": 24.12364912033081,
        "step2-time": 1127.5304923057556,
        "step2-call_api_times": 21,
        "step3-time": 113.77374529838562,
        "step3-call_api_times": 9,
        "step4-time": 101.44829750061035,
        "step4-call_api_times": 7
    }
}