{
    "RubicProxy.routerCallNative": {
        "step1": {
            "prompt1": "\n你是一位经验丰富的跨链协议分析专家。你的任务是将根据提供的 Solidity 代码，将指定的跨链属性映射到代码中的参数上；如果某属性在代码中找不到对应参数，则不在输出中列出该属性，如果存在多个参数对应同一属性的可能性，每个属性至多输出3种参数映射方案。请严格遵循以下定义的输入格式和输出格式：\n输入格式： 你将接收一个 JSON 对象作为输入，其结构如下： \n{\n\"attribute\": \n{ \n\"<attribute>\": \"<attribute description>\" ,\n\"<attribute>\": \"<attribute description>\",\n...\n}\n\"code\": \"...\" // Solidity 合约代码字符串 \n}\n输出格式：\n返回一个 JSON 对象数组，每项结构如下：\n[ \n{\n\"parameter\": \"...\", // 代码中最可能对应该属性的参数名\n\"attribute\": \"...\", // 输入的跨链属性 \n\"reason\": \"...\" // 简要说明：为何选择此参数，以及可能的歧义 \n}, ... \n]\nreason 中请同时指出该映射的核心依据和潜在的不确定点（例如：参数名相似度、上下文含义模糊等）。\n\n输入：\n{\n\"attribute\": {\"toChainID\": \"Specifies the destination blockchain network ID.\", \"tokenAddress\": \"Indicates the contract address of the token to be transferred.\", \"amount\": \"The number of tokens to be transferred across chains.\", \"nonce\": \"Check and mark that nonce has not been consumed to prevent replay\", \"recipientAddress\": \"The address that will receive the tokens on the destination chain.\", \"externalCallAddress\": \"The address of a contract to be called after the cross-chain transfer.\", \"externalCallFunction\": \"The specific function or calldata to be executed on the `externalCallAddress`.\", \"routerAddress\": \"The address of the cross-chain router or bridge handler.\"},\n\"code\": [\"RubicProxy.routerCallNative:function routerCallNative(BaseCrossChainParams calldata _params, bytes calldata _data)\\n        external\\n        payable\\n        nonReentrant\\n        whenNotPaused\\n    {\\n        if (!availableRouters.contains(_params.router)) {\\n            revert RouterNotAvailable();\\n        }\\n\\n        IntegratorFeeInfo memory _info = integratorToFeeInfo[_params.integrator];\\n\\n        uint256 _amountIn = accrueTokenFees(\\n            _params.integrator,\\n            _info,\\n            accrueFixedCryptoFee(_params.integrator, _info),\\n            0,\\n            address(0)\\n        );\\n\\n        AddressUpgradeable.functionCallWithValue(_params.router, _data, _amountIn);\\n        emit RequestSent(_params);\\n    }\", \"AddressUpgradeable.functionCallWithValue:function functionCallWithValue(\\n        address target,\\n        bytes memory data,\\n        uint256 value\\n    ) internal returns (bytes memory) {\\n        return functionCallWithValue(target, data, value, \\\"Address: low-level call with value failed\\\");\\n    }\", \"AddressUpgradeable.isContract:function isContract(address account) internal view returns (bool) {\\n        // This method relies on extcodesize/address.code.length, which returns 0\\n        // for contracts in construction, since the code is only stored at the end\\n        // of the constructor execution.\\n\\n        return account.code.length > 0;\\n    }\", \"AddressUpgradeable.verifyCallResult:function verifyCallResult(\\n        bool success,\\n        bytes memory returndata,\\n        string memory errorMessage\\n    ) internal pure returns (bytes memory) {\\n        if (success) {\\n            return returndata;\\n        } else {\\n            // Look for revert reason and bubble it up if present\\n            if (returndata.length > 0) {\\n                // The easiest way to bubble the revert reason is using memory via assembly\\n                /// @solidity memory-safe-assembly\\n                assembly {\\n                    let returndata_size := mload(returndata)\\n                    revert(add(32, returndata), returndata_size)\\n                }\\n            } else {\\n                revert(errorMessage);\\n            }\\n        }\\n    }\"]\n}\n",
            "outputs1": [
                [
                    {
                        "parameter": "_params.router",
                        "attribute": "routerAddress",
                        "reason": "The parameter '_params.router' is passed to the function 'routerCallNative' and is checked against 'availableRouters', indicating it likely represents the address of the cross-chain router or bridge handler. However, it's unclear if this is the final router address or an intermediate one due to limited context."
                    },
                    {
                        "parameter": "_data",
                        "attribute": "externalCallFunction",
                        "reason": "The '_data' parameter in 'routerCallNative' and 'functionCallWithValue' could represent the calldata or function to be executed on an external contract, matching 'externalCallFunction'. However, without explicit documentation, this mapping is speculative based on typical usage patterns."
                    },
                    {
                        "parameter": "_amountIn",
                        "attribute": "amount",
                        "reason": "The '_amountIn' variable in 'routerCallNative' is derived from token fees and passed as 'value' in 'functionCallWithValue', suggesting it might represent the amount of tokens to be transferred. However, it could also include fee amounts, making this mapping potentially inaccurate."
                    },
                    {
                        "parameter": "_params.integrator",
                        "attribute": "recipientAddress",
                        "reason": "'_params.integrator' might correspond to 'recipientAddress' as it seems to be a recipient of fees or tokens. However, this is highly uncertain due to lack of explicit documentation and the parameter name suggesting an integrator role rather than a recipient."
                    }
                ]
            ],
            "v_prompt1": "\n你是一位严谨的跨链协议审计员和数据一致性验证者。仔细审查给定的多个跨链属性与参数在代码中的含义是否一致，并为其分配一个置信度分数 (0-100%)，指出给定该置信度分数的原因。\n\n输入格式： 你将接收一个 JSON 对象作为输入，其结构如下:\n{\n\"correspondence\":    // 代码中属性与参数对应的数组\n[\n{\n\"attribute\": \"...\", // 输入的跨链属性 \n\"parameter\": \"...\", // 对应的参数\n\"reason\": \"...\" // 简要的说明：为何选择此参数，以及可能的歧义 \n}\n...\n]，\n\"code\":\"...\" //跨链合约代码\n}\n\n输出格式：返回一个 JSON 对象数组，每项结构如下：\n[ \n{\n\"parameter\": \"...\", // 代码中最可能对应该属性的参数名\n\"attribute\": \"...\", // 输入的跨链属性 \n\"score\":\"...\", // 分配的置信度分数\n\"reason\": \"...\" // 简要说明给定该置信度分数的原因\n}, ... \n]\n输入：\n{\n\"correspondence\": [{\"parameter\": \"_params.router\", \"attribute\": \"routerAddress\", \"reason\": \"The parameter '_params.router' is passed to the function 'routerCallNative' and is checked against 'availableRouters', indicating it likely represents the address of the cross-chain router or bridge handler. However, it's unclear if this is the final router address or an intermediate one due to limited context.\"}, {\"parameter\": \"_data\", \"attribute\": \"externalCallFunction\", \"reason\": \"The '_data' parameter in 'routerCallNative' and 'functionCallWithValue' could represent the calldata or function to be executed on an external contract, matching 'externalCallFunction'. However, without explicit documentation, this mapping is speculative based on typical usage patterns.\"}, {\"parameter\": \"_amountIn\", \"attribute\": \"amount\", \"reason\": \"The '_amountIn' variable in 'routerCallNative' is derived from token fees and passed as 'value' in 'functionCallWithValue', suggesting it might represent the amount of tokens to be transferred. However, it could also include fee amounts, making this mapping potentially inaccurate.\"}, {\"parameter\": \"_params.integrator\", \"attribute\": \"recipientAddress\", \"reason\": \"'_params.integrator' might correspond to 'recipientAddress' as it seems to be a recipient of fees or tokens. However, this is highly uncertain due to lack of explicit documentation and the parameter name suggesting an integrator role rather than a recipient.\"}],\n\"code\" [\"RubicProxy.routerCallNative:function routerCallNative(BaseCrossChainParams calldata _params, bytes calldata _data)\\n        external\\n        payable\\n        nonReentrant\\n        whenNotPaused\\n    {\\n        if (!availableRouters.contains(_params.router)) {\\n            revert RouterNotAvailable();\\n        }\\n\\n        IntegratorFeeInfo memory _info = integratorToFeeInfo[_params.integrator];\\n\\n        uint256 _amountIn = accrueTokenFees(\\n            _params.integrator,\\n            _info,\\n            accrueFixedCryptoFee(_params.integrator, _info),\\n            0,\\n            address(0)\\n        );\\n\\n        AddressUpgradeable.functionCallWithValue(_params.router, _data, _amountIn);\\n        emit RequestSent(_params);\\n    }\", \"AddressUpgradeable.functionCallWithValue:function functionCallWithValue(\\n        address target,\\n        bytes memory data,\\n        uint256 value\\n    ) internal returns (bytes memory) {\\n        return functionCallWithValue(target, data, value, \\\"Address: low-level call with value failed\\\");\\n    }\", \"AddressUpgradeable.isContract:function isContract(address account) internal view returns (bool) {\\n        // This method relies on extcodesize/address.code.length, which returns 0\\n        // for contracts in construction, since the code is only stored at the end\\n        // of the constructor execution.\\n\\n        return account.code.length > 0;\\n    }\", \"AddressUpgradeable.verifyCallResult:function verifyCallResult(\\n        bool success,\\n        bytes memory returndata,\\n        string memory errorMessage\\n    ) internal pure returns (bytes memory) {\\n        if (success) {\\n            return returndata;\\n        } else {\\n            // Look for revert reason and bubble it up if present\\n            if (returndata.length > 0) {\\n                // The easiest way to bubble the revert reason is using memory via assembly\\n                /// @solidity memory-safe-assembly\\n                assembly {\\n                    let returndata_size := mload(returndata)\\n                    revert(add(32, returndata), returndata_size)\\n                }\\n            } else {\\n                revert(errorMessage);\\n            }\\n        }\\n    }\"]:\n}\n\n",
            "v_outputs1": [
                [
                    {
                        "parameter": "_params.router",
                        "attribute": "routerAddress",
                        "score": "85%",
                        "reason": "The parameter '_params.router' is checked against 'availableRouters', strongly suggesting it represents the address of a cross-chain router. The high confidence is due to the explicit check, though the exact role (final vs. intermediate) remains unclear without broader context."
                    },
                    {
                        "parameter": "_data",
                        "attribute": "externalCallFunction",
                        "score": "70%",
                        "reason": "'_data' is passed to 'functionCallWithValue', aligning with typical usage for external contract calls. However, without explicit documentation or naming conventions (e.g., 'calldata'), this remains speculative. The score reflects common patterns but acknowledges uncertainty."
                    },
                    {
                        "parameter": "_amountIn",
                        "attribute": "amount",
                        "score": "60%",
                        "reason": "'_amountIn' is derived from fee calculations and passed as 'value', suggesting a token transfer amount. However, the inclusion of fees introduces ambiguity—it might not represent the pure transfer value. The score reflects this partial alignment."
                    },
                    {
                        "parameter": "_params.integrator",
                        "attribute": "recipientAddress",
                        "score": "40%",
                        "reason": "'_params.integrator' is used for fee accrual, but its name implies an integrator role (e.g., fee collector) rather than a primary recipient. The low score reflects the weak semantic match and lack of direct evidence linking it to recipient functionality."
                    }
                ]
            ],
            "formatted_outputs1": {
                "_params.router": {
                    "routerAddress": {
                        "reason": "The parameter '_params.router' is passed to the function 'routerCallNative' and is checked against 'availableRouters', indicating it likely represents the address of the cross-chain router or bridge handler. However, it's unclear if this is the final router address or an intermediate one due to limited context.",
                        "score": "85%",
                        "s_reason": "The parameter '_params.router' is checked against 'availableRouters', strongly suggesting it represents the address of a cross-chain router. The high confidence is due to the explicit check, though the exact role (final vs. intermediate) remains unclear without broader context."
                    }
                },
                "_data": {
                    "externalCallFunction": {
                        "reason": "The '_data' parameter in 'routerCallNative' and 'functionCallWithValue' could represent the calldata or function to be executed on an external contract, matching 'externalCallFunction'. However, without explicit documentation, this mapping is speculative based on typical usage patterns.",
                        "score": "70%",
                        "s_reason": "'_data' is passed to 'functionCallWithValue', aligning with typical usage for external contract calls. However, without explicit documentation or naming conventions (e.g., 'calldata'), this remains speculative. The score reflects common patterns but acknowledges uncertainty."
                    }
                },
                "_amountIn": {
                    "amount": {
                        "reason": "The '_amountIn' variable in 'routerCallNative' is derived from token fees and passed as 'value' in 'functionCallWithValue', suggesting it might represent the amount of tokens to be transferred. However, it could also include fee amounts, making this mapping potentially inaccurate.",
                        "score": "60%",
                        "s_reason": "'_amountIn' is derived from fee calculations and passed as 'value', suggesting a token transfer amount. However, the inclusion of fees introduces ambiguity—it might not represent the pure transfer value. The score reflects this partial alignment."
                    }
                },
                "_params.integrator": {
                    "recipientAddress": {
                        "reason": "'_params.integrator' might correspond to 'recipientAddress' as it seems to be a recipient of fees or tokens. However, this is highly uncertain due to lack of explicit documentation and the parameter name suggesting an integrator role rather than a recipient.",
                        "score": "40%",
                        "s_reason": "'_params.integrator' is used for fee accrual, but its name implies an integrator role (e.g., fee collector) rather than a primary recipient. The low score reflects the weak semantic match and lack of direct evidence linking it to recipient functionality."
                    }
                }
            }
        },
        "step2": {
            "routerAddress": {
                "_params.router": {
                    "dataflows": [
                        {
                            "parameter": "_params.router",
                            "dataflow": {
                                "routerCallNative": [
                                    "if (!availableRouters.contains(_params.router)) {\n            revert RouterNotAvailable();\n        }",
                                    "AddressUpgradeable.functionCallWithValue(_params.router, _data, _amountIn);",
                                    "emit RequestSent(_params);"
                                ],
                                "functionCallWithValue": [
                                    "return functionCallWithValue(target, data, value, \"Address: low-level call with value failed\");"
                                ]
                            },
                            "coverage": "90",
                            "correctness": "95",
                            "score": "92",
                            "reason": "The dataflow extraction covers all critical usages of _params.router including availability check and function call, but misses the implicit contract existence check in AddressUpgradeable.functionCallWithValue which internally verifies target address. The correctness is high as all explicit validations and operations are properly captured in the original context."
                        },
                        {
                            "parameter": "_params.router",
                            "dataflow": {
                                "routerCallNative": [
                                    "if (!availableRouters.contains(_params.router)) {\n            revert RouterNotAvailable();\n        }",
                                    "AddressUpgradeable.functionCallWithValue(_params.router, _data, _amountIn);"
                                ],
                                "functionCallWithValue": [
                                    "return functionCallWithValue(target, data, value, \"Address: low-level call with value failed\");"
                                ]
                            },
                            "coverage": "90",
                            "correctness": "95",
                            "score": "92",
                            "reason": "The dataflow code covers all critical uses of _params.router, including availability check and function call. The correctness is high as it properly implements router validation and value transfer logic. Minor deduction for not explicitly showing the full call stack (e.g., verifyCallResult) in the dataflow."
                        }
                    ],
                    "merge_dataflows": "if (!availableRouters.contains(_params.router)) {\n            revert RouterNotAvailable();\n        }\nAddressUpgradeable.functionCallWithValue(_params.router, _data, _amountIn);\nemit RequestSent(_params);\nreturn functionCallWithValue(target, data, value, \"Address: low-level call with value failed\");"
                }
            },
            "externalCallFunction": {
                "_data": {
                    "dataflows": [
                        {
                            "parameter": "_data",
                            "dataflow": {
                                "routerCallNative": [
                                    "function routerCallNative(BaseCrossChainParams calldata _params, bytes calldata _data)\n        external\n        payable\n        nonReentrant\n        whenNotPaused\n    {\n        if (!availableRouters.contains(_params.router)) {\n            revert RouterNotAvailable();\n        }\n\n        IntegratorFeeInfo memory _info = integratorToFeeInfo[_params.integrator];\n\n        uint256 _amountIn = accrueTokenFees(\n            _params.integrator,\n            _info,\n            accrueFixedCryptoFee(_params.integrator, _info),\n            0,\n            address(0)\n        );\n\n        AddressUpgradeable.functionCallWithValue(_params.router, _data, _amountIn);\n        emit RequestSent(_params);\n    }",
                                    "AddressUpgradeable.functionCallWithValue(_params.router, _data, _amountIn);"
                                ],
                                "functionCallWithValue": [
                                    "function functionCallWithValue(\n        address target,\n        bytes memory data,\n        uint256 value\n    ) internal returns (bytes memory) {\n        return functionCallWithValue(target, data, value, \"Address: low-level call with value failed\");\n    }",
                                    "return functionCallWithValue(target, data, value, \"Address: low-level call with value failed\");"
                                ]
                            },
                            "coverage": "90",
                            "correctness": "95",
                            "score": "92",
                            "reason": "The dataflow of '_data' is well-covered in the provided code snippets, showing its usage from 'routerCallNative' to 'functionCallWithValue'. The correctness is high as the parameter is properly passed through the function calls without modification. However, the coverage is slightly lower as we don't see all potential validation or usage paths (like in 'verifyCallResult'), though this might not be necessary for this parameter's purpose."
                        },
                        {
                            "parameter": "_data",
                            "dataflow": {
                                "routerCallNative": [
                                    "function routerCallNative(BaseCrossChainParams calldata _params, bytes calldata _data)\n        external\n        payable\n        nonReentrant\n        whenNotPaused\n    {\n        if (!availableRouters.contains(_params.router)) {\n            revert RouterNotAvailable();\n        }\n\n        IntegratorFeeInfo memory _info = integratorToFeeInfo[_params.integrator];\n\n        uint256 _amountIn = accrueTokenFees(\n            _params.integrator,\n            _info,\n            accrueFixedCryptoFee(_params.integrator, _info),\n            0,\n            address(0)\n        );\n\n        AddressUpgradeable.functionCallWithValue(_params.router, _data, _amountIn);\n        emit RequestSent(_params);\n    }",
                                    "AddressUpgradeable.functionCallWithValue(_params.router, _data, _amountIn);"
                                ],
                                "functionCallWithValue": [
                                    "function functionCallWithValue(\n        address target,\n        bytes memory data,\n        uint256 value\n    ) internal returns (bytes memory) {\n        return functionCallWithValue(target, data, value, \"Address: low-level call with value failed\");\n    }",
                                    "return functionCallWithValue(target, data, value, \"Address: low-level call with value failed\");"
                                ]
                            },
                            "coverage": "90",
                            "correctness": "95",
                            "score": "92",
                            "reason": "The dataflow analysis for the parameter '_data' shows high coverage as it is used in all relevant functions (routerCallNative and functionCallWithValue) within the provided code. The correctness is also high because '_data' is properly passed through the call chain without any modifications or potential vulnerabilities detected in its handling. The slight deduction in coverage accounts for potential indirect uses not explicitly shown in the provided code snippets."
                        }
                    ],
                    "merge_dataflows": "function routerCallNative(BaseCrossChainParams calldata _params, bytes calldata _data)\n        external\n        payable\n        nonReentrant\n        whenNotPaused\n    {\n        if (!availableRouters.contains(_params.router)) {\n            revert RouterNotAvailable();\n        }\n\n        IntegratorFeeInfo memory _info = integratorToFeeInfo[_params.integrator];\n\n        uint256 _amountIn = accrueTokenFees(\n            _params.integrator,\n            _info,\n            accrueFixedCryptoFee(_params.integrator, _info),\n            0,\n            address(0)\n        );\n\n        AddressUpgradeable.functionCallWithValue(_params.router, _data, _amountIn);\n        emit RequestSent(_params);\n    }\n    \n    function functionCallWithValue(\n        address target,\n        bytes memory data,\n        uint256 value\n    ) internal returns (bytes memory) {\n        return functionCallWithValue(target, data, value, \"Address: low-level call with value failed\");\n    }"
                }
            },
            "amount": {
                "_amountIn": {
                    "dataflows": [
                        {
                            "parameter": "_amountIn",
                            "dataflow": {
                                "routerCallNative": [
                                    "uint256 _amountIn = accrueTokenFees(\n            _params.integrator,\n            _info,\n            accrueFixedCryptoFee(_params.integrator, _info),\n            0,\n            address(0)\n        );",
                                    "AddressUpgradeable.functionCallWithValue(_params.router, _data, _amountIn);"
                                ],
                                "functionCallWithValue": [
                                    "function functionCallWithValue(\n        address target,\n        bytes memory data,\n        uint256 value\n    ) internal returns (bytes memory) {\n        return functionCallWithValue(target, data, value, \"Address: low-level call with value failed\");\n    }"
                                ]
                            },
                            "coverage": "95",
                            "correctness": "90",
                            "score": "92",
                            "reason": "The dataflow for _amountIn is well-covered in the original code, showing its calculation via accrueTokenFees and its usage in functionCallWithValue. The correctness is slightly lower due to the indirect nature of the fee calculation, which depends on other functions (accrueTokenFees and accrueFixedCryptoFee). However, the overall flow is consistent and correctly implemented."
                        },
                        {
                            "parameter": "_amountIn",
                            "dataflow": {
                                "routerCallNative": [
                                    "uint256 _amountIn = accrueTokenFees(\n            _params.integrator,\n            _info,\n            accrueFixedCryptoFee(_params.integrator, _info),\n            0,\n            address(0)\n        );",
                                    "AddressUpgradeable.functionCallWithValue(_params.router, _data, _amountIn);"
                                ],
                                "functionCallWithValue": [
                                    "function functionCallWithValue(\n        address target,\n        bytes memory data,\n        uint256 value\n    ) internal returns (bytes memory) {\n        return functionCallWithValue(target, data, value, \"Address: low-level call with value failed\");\n    }"
                                ]
                            },
                            "coverage": "95",
                            "correctness": "90",
                            "score": "92",
                            "reason": "The dataflow extraction accurately captures both the calculation of _amountIn through accrueTokenFees and its subsequent usage in functionCallWithValue. The coverage is nearly complete as it includes all critical steps in the parameter's lifecycle. Correctness is slightly lower due to the lack of explicit validation checks on _amountIn before its use in the external call, though the context suggests these checks may exist at a higher level."
                        }
                    ],
                    "merge_dataflows": "uint256 _amountIn = accrueTokenFees(\n            _params.integrator,\n            _info,\n            accrueFixedCryptoFee(_params.integrator, _info),\n            0,\n            address(0)\n        );\n        AddressUpgradeable.functionCallWithValue(_params.router, _data, _amountIn);\n    function functionCallWithValue(\n        address target,\n        bytes memory data,\n        uint256 value\n    ) internal returns (bytes memory) {\n        return functionCallWithValue(target, data, value, \"Address: low-level call with value failed\");\n    }"
                }
            },
            "recipientAddress": {
                "_params.integrator": {
                    "dataflows": [
                        {
                            "parameter": "_params.integrator",
                            "dataflow": {
                                "routerCallNative": [
                                    "function routerCallNative(BaseCrossChainParams calldata _params, bytes calldata _data)\n        external\n        payable\n        nonReentrant\n        whenNotPaused\n    {\n        if (!availableRouters.contains(_params.router)) {\n            revert RouterNotAvailable();\n        }\n\n        IntegratorFeeInfo memory _info = integratorToFeeInfo[_params.integrator];\n\n        uint256 _amountIn = accrueTokenFees(\n            _params.integrator,\n            _info,\n            accrueFixedCryptoFee(_params.integrator, _info),\n            0,\n            address(0)\n        );\n\n        AddressUpgradeable.functionCallWithValue(_params.router, _data, _amountIn);\n        emit RequestSent(_params);\n    }",
                                    "IntegratorFeeInfo memory _info = integratorToFeeInfo[_params.integrator];",
                                    "uint256 _amountIn = accrueTokenFees(\n            _params.integrator,\n            _info,\n            accrueFixedCryptoFee(_params.integrator, _info),\n            0,\n            address(0)\n        );",
                                    "AddressUpgradeable.functionCallWithValue(_params.router, _data, _amountIn);",
                                    "emit RequestSent(_params);"
                                ]
                            },
                            "coverage": "90",
                            "correctness": "95",
                            "score": "92",
                            "reason": "The parameter '_params.integrator' is extensively used in the dataflow code, including in the integratorToFeeInfo mapping lookup and as an argument to both accrueTokenFees and accrueFixedCryptoFee functions. The dataflow accurately reflects all instances where the parameter is used in the original code. The correctness is high as there are no discrepancies between the dataflow and the original code usage of the parameter. The slight deduction in coverage accounts for potential indirect uses not explicitly shown in the extracted dataflow."
                        },
                        {
                            "parameter": "_params.integrator",
                            "dataflow": {
                                "routerCallNative": [
                                    "IntegratorFeeInfo memory _info = integratorToFeeInfo[_params.integrator];",
                                    "uint256 _amountIn = accrueTokenFees(\n            _params.integrator,\n            _info,\n            accrueFixedCryptoFee(_params.integrator, _info),\n            0,\n            address(0)\n        );",
                                    "AddressUpgradeable.functionCallWithValue(_params.router, _data, _amountIn);",
                                    "emit RequestSent(_params);"
                                ]
                            },
                            "coverage": "90",
                            "correctness": "95",
                            "score": "92",
                            "reason": "The dataflow code for the parameter '_params.integrator' covers all critical uses in the original code, including fee information retrieval and fee accrual calculations. The correctness is high as it accurately reflects the parameter's role in these operations. The slight deduction in coverage accounts for potential indirect uses not explicitly shown in the extracted dataflow."
                        }
                    ],
                    "merge_dataflows": "function routerCallNative(BaseCrossChainParams calldata _params, bytes calldata _data)\n        external\n        payable\n        nonReentrant\n        whenNotPaused\n    {\n        if (!availableRouters.contains(_params.router)) {\n            revert RouterNotAvailable();\n        }\n\n        IntegratorFeeInfo memory _info = integratorToFeeInfo[_params.integrator];\n\n        uint256 _amountIn = accrueTokenFees(\n            _params.integrator,\n            _info,\n            accrueFixedCryptoFee(_params.integrator, _info),\n            0,\n            address(0)\n        );\n\n        AddressUpgradeable.functionCallWithValue(_params.router, _data, _amountIn);\n        emit RequestSent(_params);\n    }"
                }
            }
        },
        "step3": {
            "routerAddress": {
                "_params.router": {
                    "Check whether the routerAddress is authorized to use.": {
                        "original": [
                            {
                                "result": true,
                                "validation": [
                                    "if (!availableRouters.contains(_params.router)) {\n            revert RouterNotAvailable();\n        }"
                                ],
                                "reason": "The code checks if the router is in the availableRouters set before proceeding, which covers the constraint of verifying authorization."
                            },
                            {
                                "result": false,
                                "validation": [],
                                "reason": null
                            },
                            {
                                "result": false,
                                "validation": [],
                                "reason": null
                            }
                        ],
                        "verify_filtered": [
                            {
                                "parameter": "_params.router",
                                "constraint": "Check whether the routerAddress is authorized to use.",
                                "validation": "if (!availableRouters.contains(_params.router)) {\n            revert RouterNotAvailable();\n        }",
                                "score": 90,
                                "reason": "The validation code correctly checks if the router address is in the availableRouters set and reverts if not, which fully implements the constraint. The high score reflects accurate implementation, with minor deduction for lack of explicit documentation in the code.",
                                "results": [
                                    {
                                        "result": true,
                                        "poc": "通过构造一个在构造函数执行期间的合约地址作为_parmas.router参数。由于isContract函数在构造函数执行期间会返回false（因为此时code.length为0），但该地址实际上是一个合约地址。这样availableRouters.contains(_params.router)可能返回true（如果该地址被添加到availableRouters中），而后续的functionCallWithValue调用会因为isContract检查失败而回滚，但验证阶段已被绕过。",
                                        "score": "90",
                                        "reason": "The provided PoC demonstrates a valid attack vector where a contract address in construction can bypass the availableRouters.contains(_params.router) check while still failing the subsequent isContract(target) verification. This creates an inconsistent state where the validation is technically bypassed (the RouterNotAvailable revert is avoided) but the transaction will still fail later. The high confidence score reflects that: 1) The behavior of extcodesize during constructor execution is well-documented 2) The control flow clearly separates the router availability check from the contract verification 3) The attack scenario is practically feasible if an attacker can get a constructing contract address whitelisted."
                                    },
                                    {
                                        "result": true,
                                        "poc": "如果availableRouters是一个可变的集合（比如由管理员控制），攻击者可以等待目标合约被暂停（whenNotPaused修饰符）时，先通过其他函数将恶意router地址添加到availableRouters中，然后在合约恢复后调用routerCallNative。这样验证会被绕过，因为检查时该地址确实存在于availableRouters中。",
                                        "score": "90",
                                        "reason": "The provided PoC demonstrates a plausible attack vector where an attacker could manipulate the availableRouters set during a paused state of the contract. The validation check relies solely on the presence of the router address in availableRouters, which can be compromised if the set is mutable and controlled by an admin or other privileged function. The high confidence score reflects the clear dependency on external mutable state for validation, making it vulnerable to time-of-check to time-of-use (TOCTOU) attacks when combined with pausable functionality."
                                    }
                                ]
                            }
                        ]
                    }
                }
            },
            "externalCallFunction": {
                "_data": {
                    "Validate that externalCallFunction is in the allowed function signature list": {
                        "original": [
                            {
                                "result": false,
                                "validation": [],
                                "reason": "无"
                            },
                            {
                                "result": false,
                                "validation": [],
                                "reason": "无"
                            },
                            {
                                "result": false,
                                "validation": [],
                                "reason": "无"
                            }
                        ],
                        "verify_filtered": []
                    }
                }
            },
            "amount": {
                "_amountIn": {
                    "Validate that amount is greater than 0": {
                        "original": [
                            {
                                "result": false,
                                "validation": [],
                                "reason": "The code does not explicitly validate that _amountIn is greater than 0."
                            },
                            {
                                "result": false,
                                "validation": [],
                                "reason": "There is no conditional check or require statement ensuring _amountIn > 0."
                            },
                            {
                                "result": false,
                                "validation": [],
                                "reason": "The function call with _amountIn does not include any validation for the amount being positive."
                            }
                        ],
                        "verify_filtered": []
                    },
                    "Validate that msg.sender's balance change before and after equals amount": {
                        "original": [
                            {
                                "result": false,
                                "validation": [],
                                "reason": "无"
                            },
                            {
                                "result": false,
                                "validation": [],
                                "reason": "无"
                            },
                            {
                                "result": false,
                                "validation": [],
                                "reason": "无"
                            }
                        ],
                        "verify_filtered": []
                    },
                    "Validate that the bridge's balance change before and after equals amount": {
                        "original": [
                            {
                                "result": false,
                                "validation": [],
                                "reason": "无"
                            },
                            {
                                "result": false,
                                "validation": [],
                                "reason": "无"
                            },
                            {
                                "result": false,
                                "validation": [],
                                "reason": "无"
                            }
                        ],
                        "verify_filtered": []
                    },
                    "Validate that msg.sender's balance ≥ amount": {
                        "original": [
                            {
                                "result": false,
                                "validation": [],
                                "reason": "无"
                            },
                            {
                                "result": false,
                                "validation": [],
                                "reason": "无"
                            },
                            {
                                "result": false,
                                "validation": [],
                                "reason": "无"
                            }
                        ],
                        "verify_filtered": []
                    }
                }
            },
            "recipientAddress": {
                "_params.integrator": {
                    "Validate that recipientAddress is not the zero address": {
                        "original": [
                            {
                                "result": false,
                                "validation": [],
                                "reason": "无"
                            },
                            {
                                "result": false,
                                "validation": [],
                                "reason": "无"
                            },
                            {
                                "result": false,
                                "validation": [],
                                "reason": "无"
                            }
                        ],
                        "verify_filtered": []
                    }
                }
            }
        },
        "step4": {
            "routerAddress": {
                "_params.router": {
                    "Check whether the routerAddress is authorized to use.": [
                        {
                            "parameter": "_params.router",
                            "constraint": "Check whether the routerAddress is authorized to use.",
                            "validation": "if (!availableRouters.contains(_params.router)) {\n            revert RouterNotAvailable();\n        }",
                            "score": 90,
                            "reason": "The validation code correctly checks if the router address is in the availableRouters set and reverts if not, which fully implements the constraint. The high score reflects accurate implementation, with minor deduction for lack of explicit documentation in the code.",
                            "results": [
                                {
                                    "result": true,
                                    "poc": "通过构造一个在构造函数执行期间的合约地址作为_parmas.router参数。由于isContract函数在构造函数执行期间会返回false（因为此时code.length为0），但该地址实际上是一个合约地址。这样availableRouters.contains(_params.router)可能返回true（如果该地址被添加到availableRouters中），而后续的functionCallWithValue调用会因为isContract检查失败而回滚，但验证阶段已被绕过。",
                                    "score": "90",
                                    "reason": "The provided PoC demonstrates a valid attack vector where a contract address in construction can bypass the availableRouters.contains(_params.router) check while still failing the subsequent isContract(target) verification. This creates an inconsistent state where the validation is technically bypassed (the RouterNotAvailable revert is avoided) but the transaction will still fail later. The high confidence score reflects that: 1) The behavior of extcodesize during constructor execution is well-documented 2) The control flow clearly separates the router availability check from the contract verification 3) The attack scenario is practically feasible if an attacker can get a constructing contract address whitelisted."
                                },
                                {
                                    "result": true,
                                    "poc": "如果availableRouters是一个可变的集合（比如由管理员控制），攻击者可以等待目标合约被暂停（whenNotPaused修饰符）时，先通过其他函数将恶意router地址添加到availableRouters中，然后在合约恢复后调用routerCallNative。这样验证会被绕过，因为检查时该地址确实存在于availableRouters中。",
                                    "score": "90",
                                    "reason": "The provided PoC demonstrates a plausible attack vector where an attacker could manipulate the availableRouters set during a paused state of the contract. The validation check relies solely on the presence of the router address in availableRouters, which can be compromised if the set is mutable and controlled by an admin or other privileged function. The high confidence score reflects the clear dependency on external mutable state for validation, making it vulnerable to time-of-check to time-of-use (TOCTOU) attacks when combined with pausable functionality."
                                }
                            ]
                        }
                    ]
                }
            },
            "externalCallFunction": {
                "_data": {}
            },
            "amount": {
                "_amountIn": {}
            },
            "recipientAddress": {
                "_params.integrator": {}
            }
        },
        "final_result": {
            "routerAddress": {
                "_params.router": {
                    "Check whether the routerAddress is authorized to use.": [
                        {
                            "validation": "if (!availableRouters.contains(_params.router)) {\n            revert RouterNotAvailable();\n        }",
                            "poc": "通过构造一个在构造函数执行期间的合约地址作为_parmas.router参数。由于isContract函数在构造函数执行期间会返回false（因为此时code.length为0），但该地址实际上是一个合约地址。这样availableRouters.contains(_params.router)可能返回true（如果该地址被添加到availableRouters中），而后续的functionCallWithValue调用会因为isContract检查失败而回滚，但验证阶段已被绕过。",
                            "score": "90",
                            "reason": "The provided PoC demonstrates a valid attack vector where a contract address in construction can bypass the availableRouters.contains(_params.router) check while still failing the subsequent isContract(target) verification. This creates an inconsistent state where the validation is technically bypassed (the RouterNotAvailable revert is avoided) but the transaction will still fail later. The high confidence score reflects that: 1) The behavior of extcodesize during constructor execution is well-documented 2) The control flow clearly separates the router availability check from the contract verification 3) The attack scenario is practically feasible if an attacker can get a constructing contract address whitelisted."
                        },
                        {
                            "validation": "if (!availableRouters.contains(_params.router)) {\n            revert RouterNotAvailable();\n        }",
                            "poc": "如果availableRouters是一个可变的集合（比如由管理员控制），攻击者可以等待目标合约被暂停（whenNotPaused修饰符）时，先通过其他函数将恶意router地址添加到availableRouters中，然后在合约恢复后调用routerCallNative。这样验证会被绕过，因为检查时该地址确实存在于availableRouters中。",
                            "score": "90",
                            "reason": "The provided PoC demonstrates a plausible attack vector where an attacker could manipulate the availableRouters set during a paused state of the contract. The validation check relies solely on the presence of the router address in availableRouters, which can be compromised if the set is mutable and controlled by an admin or other privileged function. The high confidence score reflects the clear dependency on external mutable state for validation, making it vulnerable to time-of-check to time-of-use (TOCTOU) attacks when combined with pausable functionality."
                        }
                    ]
                }
            },
            "externalCallFunction": {
                "_data": {
                    "Validate that externalCallFunction is in the allowed function signature list": [
                        {
                            "parameter": "_data",
                            "constraint": "Validate that externalCallFunction is in the allowed function signature list",
                            "validation": "",
                            "reason": "在step3中未找到约束相关代码，不执行后续步骤"
                        }
                    ]
                }
            },
            "amount": {
                "_amountIn": {
                    "Validate that amount is greater than 0": [
                        {
                            "parameter": "_amountIn",
                            "constraint": "Validate that amount is greater than 0",
                            "validation": "",
                            "reason": "在step3中未找到约束相关代码，不执行后续步骤"
                        }
                    ],
                    "Validate that msg.sender's balance change before and after equals amount": [
                        {
                            "parameter": "_amountIn",
                            "constraint": "Validate that msg.sender's balance change before and after equals amount",
                            "validation": "",
                            "reason": "在step3中未找到约束相关代码，不执行后续步骤"
                        }
                    ],
                    "Validate that the bridge's balance change before and after equals amount": [
                        {
                            "parameter": "_amountIn",
                            "constraint": "Validate that the bridge's balance change before and after equals amount",
                            "validation": "",
                            "reason": "在step3中未找到约束相关代码，不执行后续步骤"
                        }
                    ],
                    "Validate that msg.sender's balance ≥ amount": [
                        {
                            "parameter": "_amountIn",
                            "constraint": "Validate that msg.sender's balance ≥ amount",
                            "validation": "",
                            "reason": "在step3中未找到约束相关代码，不执行后续步骤"
                        }
                    ]
                }
            },
            "recipientAddress": {
                "_params.integrator": {
                    "Validate that recipientAddress is not the zero address": [
                        {
                            "parameter": "_params.integrator",
                            "constraint": "Validate that recipientAddress is not the zero address",
                            "validation": "",
                            "reason": "在step3中未找到约束相关代码，不执行后续步骤"
                        }
                    ]
                }
            }
        },
        "context": {
            "event": "RequestSent",
            "call_graph": "routerCallNative",
            "state_variables": {},
            "external_functions": [
                "function functionCallWithValue( address target, bytes memory data, uint256 value, string memory errorMessage ) internal returns (bytes memory){ require(address(this).balance >= value, \"Address: insufficient balance for call\"); require(isContract(target), \"Address: call to non- contract \"); (bool success, bytes memory returndata) = target.call{ value: value} (data); return verifyCallResult(success, returndata, errorMessage);}"
            ]
        },
        "step1-time": 26.06108856201172,
        "step2-time": 1032.0294609069824,
        "step2-call_api_times": 28,
        "step3-time": 128.76133370399475,
        "step3-call_api_times": 8,
        "step4-time": 347.57095313072205,
        "step4-call_api_times": 3
    },
    "time": 1581.9302847385406,
    "this_cost": 0.12616199999999997,
    "this_prompt_tokens": 35517,
    "this_completion_tokens": 6891
}