{
    "9625e0e2e3e379dfaee2698a14e1513f": [
        "C:\\Users\\wy\\Desktop\\rag\\dataset\\PolyNetwork20210810\\contracts\\Migrations.sol",
        "Migrations",
        0
    ],
    "d0731d38953dc52e117f1d10c1585a1f": [
        "C:\\Users\\wy\\Desktop\\rag\\dataset\\PolyNetwork20210810\\contracts\\Migrations.sol",
        "Migrations",
        0
    ],
    "baf4c7b409fb8fa8d6f06d36c8b432c8": [
        "C:\\Users\\wy\\Desktop\\rag\\dataset\\PolyNetwork20210810\\contracts\\Migrations.sol",
        "Migrations",
        0
    ],
    "d1b880978dae9d1e67abfe6b28642946": [
        "C:\\Users\\wy\\Desktop\\rag\\dataset\\PolyNetwork20210810\\contracts\\Migrations.sol",
        "Migrations",
        1
    ],
    "2a23d0858cde090e7b199aa638ffd5dd": [
        "C:\\Users\\wy\\Desktop\\rag\\dataset\\PolyNetwork20210810\\contracts\\libs\\GSN\\Context.sol",
        "Context",
        0
    ],
    "a9b7db3c77abe3957815043d4f2458b9": [
        "C:\\Users\\wy\\Desktop\\rag\\dataset\\PolyNetwork20210810\\contracts\\libs\\GSN\\Context.sol",
        "Context",
        0
    ],
    "2b2ce6b0dd727ef0cc3f42de9b60e2df": [
        "C:\\Users\\wy\\Desktop\\rag\\dataset\\PolyNetwork20210810\\contracts\\libs\\GSN\\Context.sol",
        "Context",
        0
    ],
    "23e3ade68faa32847245c5868760b872": [
        "C:\\Users\\wy\\Desktop\\rag\\dataset\\PolyNetwork20210810\\contracts\\libs\\common\\ZeroCopySource.sol",
        "ZeroCopySource",
        0
    ],
    "15c7c85b500b67ae408d4028208791c2": [
        "C:\\Users\\wy\\Desktop\\rag\\dataset\\PolyNetwork20210810\\contracts\\libs\\common\\ZeroCopySource.sol",
        "ZeroCopySource",
        0
    ],
    "322bfbf55919ba69331f0fdc0cb602ac": [
        "C:\\Users\\wy\\Desktop\\rag\\dataset\\PolyNetwork20210810\\contracts\\libs\\common\\ZeroCopySource.sol",
        "ZeroCopySource",
        0
    ],
    "372b9d31a2b019ca542bab130d4cb153": [
        "C:\\Users\\wy\\Desktop\\rag\\dataset\\PolyNetwork20210810\\contracts\\libs\\common\\ZeroCopySource.sol",
        "ZeroCopySource",
        0
    ],
    "81b54c1cec3975b9e9f153bd6e5b4c2e": [
        "C:\\Users\\wy\\Desktop\\rag\\dataset\\PolyNetwork20210810\\contracts\\libs\\common\\ZeroCopySource.sol",
        "ZeroCopySource",
        0
    ],
    "92084c740c7445e12d0689f55f5a0fc9": [
        "C:\\Users\\wy\\Desktop\\rag\\dataset\\PolyNetwork20210810\\contracts\\libs\\common\\ZeroCopySource.sol",
        "ZeroCopySource",
        0
    ],
    "ff2c23fbf3c7aea23dfbe47ba62c0624": [
        "C:\\Users\\wy\\Desktop\\rag\\dataset\\PolyNetwork20210810\\contracts\\libs\\common\\ZeroCopySource.sol",
        "ZeroCopySource",
        0
    ],
    "44832bd86b31e65ad466977a2ba787c7": [
        "C:\\Users\\wy\\Desktop\\rag\\dataset\\PolyNetwork20210810\\contracts\\libs\\common\\ZeroCopySource.sol",
        "ZeroCopySource",
        0
    ],
    "03828ac17784f68816aab2071abf8bf2": [
        "C:\\Users\\wy\\Desktop\\rag\\dataset\\PolyNetwork20210810\\contracts\\libs\\common\\ZeroCopySource.sol",
        "ZeroCopySource",
        0
    ],
    "1befeb8170ec99496f40c1235e47f5b6": [
        "C:\\Users\\wy\\Desktop\\rag\\dataset\\PolyNetwork20210810\\contracts\\libs\\common\\ZeroCopySource.sol",
        "ZeroCopySource",
        0
    ],
    "eb61d08dab8c10554f70127de04a8e04": [
        "C:\\Users\\wy\\Desktop\\rag\\dataset\\PolyNetwork20210810\\contracts\\libs\\common\\ZeroCopySource.sol",
        "ZeroCopySource",
        0
    ],
    "15f343e43b767081b9de8a65f3c22cdc": [
        "C:\\Users\\wy\\Desktop\\rag\\dataset\\PolyNetwork20210810\\contracts\\libs\\common\\ZeroCopySink.sol",
        "ZeroCopySink",
        0
    ],
    "c5bf6c7c61efcd944e05725d61a24a46": [
        "C:\\Users\\wy\\Desktop\\rag\\dataset\\PolyNetwork20210810\\contracts\\libs\\common\\ZeroCopySink.sol",
        "ZeroCopySink",
        0
    ],
    "80a85de70d1d534c0986e16659f6d62c": [
        "C:\\Users\\wy\\Desktop\\rag\\dataset\\PolyNetwork20210810\\contracts\\libs\\common\\ZeroCopySink.sol",
        "ZeroCopySink",
        0
    ],
    "c67cd28d9a822009a5ac87927a05f3d0": [
        "C:\\Users\\wy\\Desktop\\rag\\dataset\\PolyNetwork20210810\\contracts\\libs\\common\\ZeroCopySink.sol",
        "ZeroCopySink",
        0
    ],
    "386aebed1095a56d02680e183673ec61": [
        "C:\\Users\\wy\\Desktop\\rag\\dataset\\PolyNetwork20210810\\contracts\\libs\\common\\ZeroCopySink.sol",
        "ZeroCopySink",
        0
    ],
    "167a0b56ff247a6f04718313a4fda54e": [
        "C:\\Users\\wy\\Desktop\\rag\\dataset\\PolyNetwork20210810\\contracts\\libs\\common\\ZeroCopySink.sol",
        "ZeroCopySink",
        0
    ],
    "3098e5f486fd389bc2412ac67cb37577": [
        "C:\\Users\\wy\\Desktop\\rag\\dataset\\PolyNetwork20210810\\contracts\\libs\\common\\ZeroCopySink.sol",
        "ZeroCopySink",
        0
    ],
    "4158ce7a596d8e6f8d52a99c62d186ed": [
        "C:\\Users\\wy\\Desktop\\rag\\dataset\\PolyNetwork20210810\\contracts\\libs\\common\\ZeroCopySink.sol",
        "ZeroCopySink",
        0
    ],
    "f84001777513eba6a666a901a653ea62": [
        "C:\\Users\\wy\\Desktop\\rag\\dataset\\PolyNetwork20210810\\contracts\\libs\\common\\ZeroCopySink.sol",
        "ZeroCopySink",
        0
    ],
    "bcaaf9f85bab0afd414e36dd9802a6c8": [
        "C:\\Users\\wy\\Desktop\\rag\\dataset\\PolyNetwork20210810\\contracts\\libs\\utils\\Utils.sol",
        "Utils",
        0
    ],
    "8077e0d92047b4aa2bbca3ea6d64f22f": [
        "C:\\Users\\wy\\Desktop\\rag\\dataset\\PolyNetwork20210810\\contracts\\libs\\utils\\Utils.sol",
        "Utils",
        0
    ],
    "dcc643656e424f52ffc8b87b948d56ef": [
        "C:\\Users\\wy\\Desktop\\rag\\dataset\\PolyNetwork20210810\\contracts\\libs\\utils\\Utils.sol",
        "Utils",
        0
    ],
    "092fb95d69cb905a32df9a3a9caa7e1e": [
        "C:\\Users\\wy\\Desktop\\rag\\dataset\\PolyNetwork20210810\\contracts\\libs\\utils\\Utils.sol",
        "Utils",
        0
    ],
    "1713a248d8faaeabdb90ffb0b456a40a": [
        "C:\\Users\\wy\\Desktop\\rag\\dataset\\PolyNetwork20210810\\contracts\\libs\\utils\\Utils.sol",
        "Utils",
        0
    ],
    "8bc298a88d69ec22525a11259bf7ba61": [
        "C:\\Users\\wy\\Desktop\\rag\\dataset\\PolyNetwork20210810\\contracts\\libs\\utils\\Utils.sol",
        "Utils",
        0
    ],
    "794ddaca60ed4f2dc91d20f03a741596": [
        "C:\\Users\\wy\\Desktop\\rag\\dataset\\PolyNetwork20210810\\contracts\\libs\\utils\\Utils.sol",
        "Utils",
        0
    ],
    "a98dbe77b37384c01eb9d7794adbd230": [
        "C:\\Users\\wy\\Desktop\\rag\\dataset\\PolyNetwork20210810\\contracts\\libs\\utils\\Utils.sol",
        "Utils",
        0
    ],
    "e06afa1895127c8a4c10525edec2f3c8": [
        "C:\\Users\\wy\\Desktop\\rag\\dataset\\PolyNetwork20210810\\contracts\\libs\\utils\\Utils.sol",
        "Utils",
        0
    ],
    "33f640f09e458b46427b01830966659b": [
        "C:\\Users\\wy\\Desktop\\rag\\dataset\\PolyNetwork20210810\\contracts\\libs\\utils\\Utils.sol",
        "Utils",
        0
    ],
    "747a5843ca9ee21313add28dc1a5c74b": [
        "C:\\Users\\wy\\Desktop\\rag\\dataset\\PolyNetwork20210810\\contracts\\libs\\utils\\Utils.sol",
        "Utils",
        0
    ],
    "03213a0086847231ca4b607f3e716e3b": [
        "C:\\Users\\wy\\Desktop\\rag\\dataset\\PolyNetwork20210810\\contracts\\libs\\utils\\Utils.sol",
        "Utils",
        0
    ],
    "cc2b91a03998c595bf5e2c44c4448011": [
        "C:\\Users\\wy\\Desktop\\rag\\dataset\\PolyNetwork20210810\\contracts\\core\\cross_chain_manager\\interface\\IEthCrossChainManager.sol",
        "IEthCrossChainManager",
        0
    ],
    "6d590dcd6e638b115b180b33ed076423": [
        "C:\\Users\\wy\\Desktop\\rag\\dataset\\PolyNetwork20210810\\contracts\\core\\cross_chain_manager\\interface\\IEthCrossChainManagerProxy.sol",
        "IEthCrossChainManagerProxy",
        0
    ],
    "5e1d12e61f4bf4b37161d9b684742570": [
        "C:\\Users\\wy\\Desktop\\rag\\dataset\\PolyNetwork20210810\\contracts\\libs\\token\\ERC20\\IERC20.sol",
        "IERC20",
        0
    ],
    "3ac17e7782366957c960d337a4a648cd": [
        "C:\\Users\\wy\\Desktop\\rag\\dataset\\PolyNetwork20210810\\contracts\\libs\\token\\ERC20\\IERC20.sol",
        "IERC20",
        0
    ],
    "98b540da9047ee99bce7fadde65d04b7": [
        "C:\\Users\\wy\\Desktop\\rag\\dataset\\PolyNetwork20210810\\contracts\\libs\\token\\ERC20\\IERC20.sol",
        "IERC20",
        0
    ],
    "c93791d09d789aed33b9725d482af442": [
        "C:\\Users\\wy\\Desktop\\rag\\dataset\\PolyNetwork20210810\\contracts\\libs\\token\\ERC20\\IERC20.sol",
        "IERC20",
        0
    ],
    "7c80d707df648dc123a10c69a1150edc": [
        "C:\\Users\\wy\\Desktop\\rag\\dataset\\PolyNetwork20210810\\contracts\\libs\\token\\ERC20\\IERC20.sol",
        "IERC20",
        0
    ],
    "c134d67e13a988b449de71dd226682ab": [
        "C:\\Users\\wy\\Desktop\\rag\\dataset\\PolyNetwork20210810\\contracts\\libs\\token\\ERC20\\IERC20.sol",
        "IERC20",
        0
    ],
    "d2404ecdfe6816aa8a876e47591b5030": [
        "C:\\Users\\wy\\Desktop\\rag\\dataset\\PolyNetwork20210810\\contracts\\libs\\token\\ERC20\\ERC20Detailed.sol",
        "ERC20Detailed",
        0
    ],
    "8572f20ecd43eb9f02a2efc81fdc4578": [
        "C:\\Users\\wy\\Desktop\\rag\\dataset\\PolyNetwork20210810\\contracts\\libs\\token\\ERC20\\ERC20Detailed.sol",
        "ERC20Detailed",
        0
    ],
    "b002d129ce65d0f4df01da6ede3b5e4d": [
        "C:\\Users\\wy\\Desktop\\rag\\dataset\\PolyNetwork20210810\\contracts\\libs\\token\\ERC20\\ERC20Detailed.sol",
        "ERC20Detailed",
        0
    ],
    "c396c5ca1d21fa7e84c10681e8d59b07": [
        "C:\\Users\\wy\\Desktop\\rag\\dataset\\PolyNetwork20210810\\contracts\\libs\\token\\ERC20\\ERC20Detailed.sol",
        "ERC20Detailed",
        0
    ],
    "b83a169007730f80a7fc79bee8748fff": [
        "C:\\Users\\wy\\Desktop\\rag\\dataset\\PolyNetwork20210810\\contracts\\libs\\math\\SafeMath.sol",
        "SafeMath",
        0
    ],
    "972c2868144778b0617e55a6f97163a0": [
        "C:\\Users\\wy\\Desktop\\rag\\dataset\\PolyNetwork20210810\\contracts\\libs\\math\\SafeMath.sol",
        "SafeMath",
        0
    ],
    "5005b7d925d95cb4c4c0f092235e9f5d": [
        "C:\\Users\\wy\\Desktop\\rag\\dataset\\PolyNetwork20210810\\contracts\\libs\\math\\SafeMath.sol",
        "SafeMath",
        0
    ],
    "5622448ca508810ce734d0cb10517566": [
        "C:\\Users\\wy\\Desktop\\rag\\dataset\\PolyNetwork20210810\\contracts\\libs\\math\\SafeMath.sol",
        "SafeMath",
        0
    ],
    "371f945bc2211ac7c63e7277fb7222a7": [
        "C:\\Users\\wy\\Desktop\\rag\\dataset\\PolyNetwork20210810\\contracts\\libs\\math\\SafeMath.sol",
        "SafeMath",
        0
    ],
    "7a8f2043a205e371e39aef2d21ed3995": [
        "C:\\Users\\wy\\Desktop\\rag\\dataset\\PolyNetwork20210810\\contracts\\libs\\math\\SafeMath.sol",
        "SafeMath",
        0
    ],
    "50a3733021c21a71491ee85ffb90a2a4": [
        "C:\\Users\\wy\\Desktop\\rag\\dataset\\PolyNetwork20210810\\contracts\\libs\\math\\SafeMath.sol",
        "SafeMath",
        0
    ],
    "8ec02abe488c084092f946ae1c4a8ccd": [
        "C:\\Users\\wy\\Desktop\\rag\\dataset\\PolyNetwork20210810\\contracts\\libs\\math\\SafeMath.sol",
        "SafeMath",
        0
    ],
    "5e6ad72e6028056bb2255274ad077161": [
        "C:\\Users\\wy\\Desktop\\rag\\dataset\\PolyNetwork20210810\\contracts\\libs\\token\\ERC20\\ERC20.sol",
        "ERC20",
        0
    ],
    "ad4eae4ea23632ef2838d60fcaf49fde": [
        "C:\\Users\\wy\\Desktop\\rag\\dataset\\PolyNetwork20210810\\contracts\\libs\\token\\ERC20\\ERC20.sol",
        "ERC20",
        0
    ],
    "a2516d20ff5e2dfd4d99847fff76a3f2": [
        "C:\\Users\\wy\\Desktop\\rag\\dataset\\PolyNetwork20210810\\contracts\\libs\\token\\ERC20\\ERC20.sol",
        "ERC20",
        0
    ],
    "592bc064168755118c9f037687aa6211": [
        "C:\\Users\\wy\\Desktop\\rag\\dataset\\PolyNetwork20210810\\contracts\\libs\\token\\ERC20\\ERC20.sol",
        "ERC20",
        0
    ],
    "dde63135ec4b9e7ee1cc6eb25da3b8ba": [
        "C:\\Users\\wy\\Desktop\\rag\\dataset\\PolyNetwork20210810\\contracts\\libs\\token\\ERC20\\ERC20.sol",
        "ERC20",
        0
    ],
    "3605d7f86a87c3d1b2a53d3f1493ae68": [
        "C:\\Users\\wy\\Desktop\\rag\\dataset\\PolyNetwork20210810\\contracts\\libs\\token\\ERC20\\ERC20.sol",
        "ERC20",
        0
    ],
    "66af2c46d28cf0145304c631c700f803": [
        "C:\\Users\\wy\\Desktop\\rag\\dataset\\PolyNetwork20210810\\contracts\\libs\\token\\ERC20\\ERC20.sol",
        "ERC20",
        0
    ],
    "9f3aa62efc251534839eaa0c93bba8b3": [
        "C:\\Users\\wy\\Desktop\\rag\\dataset\\PolyNetwork20210810\\contracts\\libs\\token\\ERC20\\ERC20.sol",
        "ERC20",
        0
    ],
    "1ceaa1124f36ab43fd811f2d78d1431e": [
        "C:\\Users\\wy\\Desktop\\rag\\dataset\\PolyNetwork20210810\\contracts\\libs\\token\\ERC20\\ERC20.sol",
        "ERC20",
        0
    ],
    "1849059c445ce826b07aabafc80e1d59": [
        "C:\\Users\\wy\\Desktop\\rag\\dataset\\PolyNetwork20210810\\contracts\\libs\\token\\ERC20\\ERC20.sol",
        "ERC20",
        0
    ],
    "dc244a93980fa244faa9d765efc9913a": [
        "C:\\Users\\wy\\Desktop\\rag\\dataset\\PolyNetwork20210810\\contracts\\libs\\token\\ERC20\\ERC20.sol",
        "ERC20",
        0
    ],
    "c73ffec8be8861a4433ee22a6bf25bb3": [
        "C:\\Users\\wy\\Desktop\\rag\\dataset\\PolyNetwork20210810\\contracts\\libs\\token\\ERC20\\ERC20.sol",
        "ERC20",
        0
    ],
    "29791211cc2110eec5b89df326e8bbc1": [
        "C:\\Users\\wy\\Desktop\\rag\\dataset\\PolyNetwork20210810\\contracts\\libs\\token\\ERC20\\ERC20.sol",
        "ERC20",
        0
    ],
    "f0fff4f5cd45a4863830f5cabb53f34f": [
        "C:\\Users\\wy\\Desktop\\rag\\dataset\\PolyNetwork20210810\\contracts\\libs\\token\\ERC20\\ERC20Extended.sol",
        "ERC20Extended",
        0
    ],
    "d5e687e8726aaba636816e6830442722": [
        "C:\\Users\\wy\\Desktop\\rag\\dataset\\PolyNetwork20210810\\contracts\\libs\\token\\ERC20\\ERC20Extended.sol",
        "ERC20Extended",
        0
    ],
    "d2b4f11f45819dd5699a0afc076b74c9": [
        "C:\\Users\\wy\\Desktop\\rag\\dataset\\PolyNetwork20210810\\contracts\\libs\\token\\ERC20\\ERC20Extended.sol",
        "ERC20Extended",
        0
    ],
    "20979e4542df3fe65be2cdc2a62bbb9e": [
        "C:\\Users\\wy\\Desktop\\rag\\dataset\\PolyNetwork20210810\\contracts\\libs\\token\\ERC20\\ERC20Extended.sol",
        "ERC20Extended",
        0
    ],
    "85a7da07a788e5da47646cad3486c302": [
        "C:\\Users\\wy\\Desktop\\rag\\dataset\\PolyNetwork20210810\\contracts\\libs\\token\\ERC20\\ERC20Extended.sol",
        "ERC20Extended",
        1
    ],
    "1e27705f0b4256fcb0f114fc26302ee1": [
        "C:\\Users\\wy\\Desktop\\rag\\dataset\\PolyNetwork20210810\\contracts\\libs\\token\\ERC20\\ERC20Extended.sol",
        "ERC20Extended",
        1
    ],
    "fb9ceddb6009d19de8a8b228148f947a": [
        "C:\\Users\\wy\\Desktop\\rag\\dataset\\PolyNetwork20210810\\contracts\\core\\assets\\btc\\BTCX.sol",
        "BTCX",
        0
    ],
    "50e662bb15aaa3d22c9575fe9780a678": [
        "C:\\Users\\wy\\Desktop\\rag\\dataset\\PolyNetwork20210810\\contracts\\core\\assets\\btc\\BTCX.sol",
        "BTCX",
        0
    ],
    "348e0ee9a9e8aaded2050362c13dce6d": [
        "C:\\Users\\wy\\Desktop\\rag\\dataset\\PolyNetwork20210810\\contracts\\core\\assets\\btc\\BTCX.sol",
        "BTCX",
        0
    ],
    "807338c8e0bcffad1d0b20b0ecd9e5c3": [
        "C:\\Users\\wy\\Desktop\\rag\\dataset\\PolyNetwork20210810\\contracts\\core\\assets\\btc\\BTCX.sol",
        "BTCX",
        0
    ],
    "b3b5d49c0a845deec2fe010dc657c093": [
        "C:\\Users\\wy\\Desktop\\rag\\dataset\\PolyNetwork20210810\\contracts\\core\\assets\\btc\\BTCX.sol",
        "BTCX",
        0
    ],
    "e5fc230f84125cd106840f30a5a930eb": [
        "C:\\Users\\wy\\Desktop\\rag\\dataset\\PolyNetwork20210810\\contracts\\core\\assets\\btc\\BTCX.sol",
        "BTCX",
        0
    ],
    "e0cd059f1c977af675070756b52aacc0": [
        "C:\\Users\\wy\\Desktop\\rag\\dataset\\PolyNetwork20210810\\contracts\\core\\assets\\btc\\BTCX.sol",
        "BTCX",
        0
    ],
    "6a1a6879a798857794cfa4cbf2341384": [
        "C:\\Users\\wy\\Desktop\\rag\\dataset\\PolyNetwork20210810\\contracts\\core\\assets\\erc20_template\\ERC20Template.sol",
        "ERC20Template",
        0
    ],
    "7743e490e8e7f061591c281318083e64": [
        "C:\\Users\\wy\\Desktop\\rag\\dataset\\PolyNetwork20210810\\contracts\\core\\assets\\LPToken_template\\LPToken.sol",
        "LPToken",
        0
    ],
    "32dcbb42d484cc769b85d10058e30a52": [
        "C:\\Users\\wy\\Desktop\\rag\\dataset\\PolyNetwork20210810\\contracts\\core\\assets\\neo\\eNEO.sol",
        "eNEO",
        0
    ],
    "2bc2f7429b52b4fdc2eb5b2cab846466": [
        "C:\\Users\\wy\\Desktop\\rag\\dataset\\PolyNetwork20210810\\contracts\\core\\assets\\oep4_template\\OEP4Template.sol",
        "OEP4Template",
        0
    ],
    "0af9a9945708b476282dbb7ba2eedaae": [
        "C:\\Users\\wy\\Desktop\\rag\\dataset\\PolyNetwork20210810\\contracts\\core\\assets\\oep4_template\\OEP4Template.sol",
        "OEP4Template",
        0
    ],
    "9cf47fcee8a64e2342778aebc4f55aa0": [
        "C:\\Users\\wy\\Desktop\\rag\\dataset\\PolyNetwork20210810\\contracts\\core\\assets\\oep4_template\\OEP4Template.sol",
        "OEP4Template",
        1
    ],
    "2cb169bcf0d96da2d9727ed7e5832c2c": [
        "C:\\Users\\wy\\Desktop\\rag\\dataset\\PolyNetwork20210810\\contracts\\core\\assets\\ong\\ONGX.sol",
        "ONGX",
        0
    ],
    "a0aa9ae3de5af4118b2dd7d742c6a00f": [
        "C:\\Users\\wy\\Desktop\\rag\\dataset\\PolyNetwork20210810\\contracts\\core\\assets\\ont\\xONT.sol",
        "ONTX",
        0
    ],
    "0a7d7041820c90c7e1c7b4594488cd3a": [
        "C:\\Users\\wy\\Desktop\\rag\\dataset\\PolyNetwork20210810\\contracts\\core\\assets\\usdt\\USDT.sol",
        "SafeMath",
        0
    ],
    "98650b4e2e506b5f867f8f60fca0fc01": [
        "C:\\Users\\wy\\Desktop\\rag\\dataset\\PolyNetwork20210810\\contracts\\core\\assets\\usdt\\USDT.sol",
        "SafeMath",
        0
    ],
    "bf6b1515ed8c728b3639d65aaa9c362b": [
        "C:\\Users\\wy\\Desktop\\rag\\dataset\\PolyNetwork20210810\\contracts\\core\\assets\\usdt\\USDT.sol",
        "SafeMath",
        0
    ],
    "2c785c81098ad5214924d81fa5b57303": [
        "C:\\Users\\wy\\Desktop\\rag\\dataset\\PolyNetwork20210810\\contracts\\core\\assets\\usdt\\USDT.sol",
        "SafeMath",
        0
    ],
    "fd688a6c0e79229cc74b04b1cc05b488": [
        "C:\\Users\\wy\\Desktop\\rag\\dataset\\PolyNetwork20210810\\contracts\\core\\assets\\usdt\\USDT.sol",
        "Ownable",
        0
    ],
    "217eafd3ccae0ab1d37e78c2e33e494c": [
        "C:\\Users\\wy\\Desktop\\rag\\dataset\\PolyNetwork20210810\\contracts\\core\\assets\\usdt\\USDT.sol",
        "Ownable",
        0
    ],
    "fc2e5e82bfa86a81d2e2e575bebc02d9": [
        "C:\\Users\\wy\\Desktop\\rag\\dataset\\PolyNetwork20210810\\contracts\\core\\assets\\usdt\\USDT.sol",
        "Ownable",
        1
    ],
    "0c609d4a964ccb9ebb14dcaaf493827b": [
        "C:\\Users\\wy\\Desktop\\rag\\dataset\\PolyNetwork20210810\\contracts\\core\\assets\\usdt\\USDT.sol",
        "ERC20Basic",
        0
    ],
    "0179c53f5a41e7589848ac07d200efd9": [
        "C:\\Users\\wy\\Desktop\\rag\\dataset\\PolyNetwork20210810\\contracts\\core\\assets\\usdt\\USDT.sol",
        "ERC20Basic",
        0
    ],
    "0f87fc2b83639458bca873fedc3299b6": [
        "C:\\Users\\wy\\Desktop\\rag\\dataset\\PolyNetwork20210810\\contracts\\core\\assets\\usdt\\USDT.sol",
        "ERC20Basic",
        0
    ],
    "d947ebec5b74c5f5f2a44a19d6fc2f92": [
        "C:\\Users\\wy\\Desktop\\rag\\dataset\\PolyNetwork20210810\\contracts\\core\\assets\\usdt\\USDT.sol",
        "ERC20",
        0
    ],
    "ac786981ed12b2dbf78a0e7d7c50f25a": [
        "C:\\Users\\wy\\Desktop\\rag\\dataset\\PolyNetwork20210810\\contracts\\core\\assets\\usdt\\USDT.sol",
        "ERC20",
        0
    ],
    "0c8e995409b4df693055196e65baacdc": [
        "C:\\Users\\wy\\Desktop\\rag\\dataset\\PolyNetwork20210810\\contracts\\core\\assets\\usdt\\USDT.sol",
        "ERC20",
        0
    ],
    "c380e5042691a8053bcadb8b2ca57512": [
        "C:\\Users\\wy\\Desktop\\rag\\dataset\\PolyNetwork20210810\\contracts\\core\\assets\\usdt\\USDT.sol",
        "BasicToken",
        0
    ],
    "6ade4c9333b563895a1fbe59c81664c2": [
        "C:\\Users\\wy\\Desktop\\rag\\dataset\\PolyNetwork20210810\\contracts\\core\\assets\\usdt\\USDT.sol",
        "BasicToken",
        0
    ],
    "c5467dd3cb945da77c6dd3d2e8b6e64a": [
        "C:\\Users\\wy\\Desktop\\rag\\dataset\\PolyNetwork20210810\\contracts\\core\\assets\\usdt\\USDT.sol",
        "BasicToken",
        1
    ],
    "2707efa1ffe0b398f7772c09a5dc8a93": [
        "C:\\Users\\wy\\Desktop\\rag\\dataset\\PolyNetwork20210810\\contracts\\core\\assets\\usdt\\USDT.sol",
        "StandardToken",
        0
    ],
    "679c6dbbbd27b323ef886ad07392a3d0": [
        "C:\\Users\\wy\\Desktop\\rag\\dataset\\PolyNetwork20210810\\contracts\\core\\assets\\usdt\\USDT.sol",
        "StandardToken",
        0
    ],
    "9abba69b8518fd6d5e2297bae761d786": [
        "C:\\Users\\wy\\Desktop\\rag\\dataset\\PolyNetwork20210810\\contracts\\core\\assets\\usdt\\USDT.sol",
        "StandardToken",
        0
    ],
    "a11e34f3d0f770a9ab3c7cffc939decb": [
        "C:\\Users\\wy\\Desktop\\rag\\dataset\\PolyNetwork20210810\\contracts\\core\\assets\\usdt\\USDT.sol",
        "Pausable",
        0
    ],
    "dd0ccd739ce58fae4b5f3ccfd155b217": [
        "C:\\Users\\wy\\Desktop\\rag\\dataset\\PolyNetwork20210810\\contracts\\core\\assets\\usdt\\USDT.sol",
        "Pausable",
        0
    ],
    "b0530ecfa0249acede9d41d8770159b0": [
        "C:\\Users\\wy\\Desktop\\rag\\dataset\\PolyNetwork20210810\\contracts\\core\\assets\\usdt\\USDT.sol",
        "Pausable",
        1
    ],
    "323ad957adcb26a2343a94c5fc1ca397": [
        "C:\\Users\\wy\\Desktop\\rag\\dataset\\PolyNetwork20210810\\contracts\\core\\assets\\usdt\\USDT.sol",
        "Pausable",
        1
    ],
    "78af679008223f0c84489e80803a60db": [
        "C:\\Users\\wy\\Desktop\\rag\\dataset\\PolyNetwork20210810\\contracts\\core\\assets\\usdt\\USDT.sol",
        "BlackList",
        0
    ],
    "9f787c9a56fa3ebfa7013bcd66d78a5c": [
        "C:\\Users\\wy\\Desktop\\rag\\dataset\\PolyNetwork20210810\\contracts\\core\\assets\\usdt\\USDT.sol",
        "BlackList",
        0
    ],
    "05999afb3f44b4a4bc66b8001235a4dd": [
        "C:\\Users\\wy\\Desktop\\rag\\dataset\\PolyNetwork20210810\\contracts\\core\\assets\\usdt\\USDT.sol",
        "BlackList",
        0
    ],
    "0054cdc0f856e3c2e6ac54f6777a56b8": [
        "C:\\Users\\wy\\Desktop\\rag\\dataset\\PolyNetwork20210810\\contracts\\core\\assets\\usdt\\USDT.sol",
        "BlackList",
        0
    ],
    "7348e56df34191e97b8a3437d46082ad": [
        "C:\\Users\\wy\\Desktop\\rag\\dataset\\PolyNetwork20210810\\contracts\\core\\assets\\usdt\\USDT.sol",
        "BlackList",
        0
    ],
    "5ce67c988de82429b7569f95d1034140": [
        "C:\\Users\\wy\\Desktop\\rag\\dataset\\PolyNetwork20210810\\contracts\\core\\assets\\usdt\\USDT.sol",
        "UpgradedStandardToken",
        0
    ],
    "e9309db5169b1d4f8384195f0f80e0ea": [
        "C:\\Users\\wy\\Desktop\\rag\\dataset\\PolyNetwork20210810\\contracts\\core\\assets\\usdt\\USDT.sol",
        "UpgradedStandardToken",
        0
    ],
    "ec355338a803fe8594ad0996666e3370": [
        "C:\\Users\\wy\\Desktop\\rag\\dataset\\PolyNetwork20210810\\contracts\\core\\assets\\usdt\\USDT.sol",
        "UpgradedStandardToken",
        0
    ],
    "9add3e9fb522289d603fbe4f9f1316e4": [
        "C:\\Users\\wy\\Desktop\\rag\\dataset\\PolyNetwork20210810\\contracts\\core\\assets\\usdt\\USDT.sol",
        "TetherToken",
        0
    ],
    "98b3db4b5b52873ec5be118d8cd26599": [
        "C:\\Users\\wy\\Desktop\\rag\\dataset\\PolyNetwork20210810\\contracts\\core\\assets\\usdt\\USDT.sol",
        "TetherToken",
        0
    ],
    "9c9b4b3365bc5786edf06d9d18bce960": [
        "C:\\Users\\wy\\Desktop\\rag\\dataset\\PolyNetwork20210810\\contracts\\core\\assets\\usdt\\USDT.sol",
        "TetherToken",
        0
    ],
    "cba1dc28b838e76caf5281c401e15c20": [
        "C:\\Users\\wy\\Desktop\\rag\\dataset\\PolyNetwork20210810\\contracts\\core\\assets\\usdt\\USDT.sol",
        "TetherToken",
        0
    ],
    "550d0597c39f3133754f4b590eafe0c6": [
        "C:\\Users\\wy\\Desktop\\rag\\dataset\\PolyNetwork20210810\\contracts\\core\\assets\\usdt\\USDT.sol",
        "TetherToken",
        0
    ],
    "b7ba96ab599a6bdc101a97fb3abfeb4f": [
        "C:\\Users\\wy\\Desktop\\rag\\dataset\\PolyNetwork20210810\\contracts\\core\\assets\\usdt\\USDT.sol",
        "TetherToken",
        0
    ],
    "9050c982726ad3d91305d0d054cda828": [
        "C:\\Users\\wy\\Desktop\\rag\\dataset\\PolyNetwork20210810\\contracts\\core\\assets\\usdt\\USDT.sol",
        "TetherToken",
        0
    ],
    "16d38347637c1f82b12e9912d9029805": [
        "C:\\Users\\wy\\Desktop\\rag\\dataset\\PolyNetwork20210810\\contracts\\core\\assets\\usdt\\USDT.sol",
        "TetherToken",
        0
    ],
    "a2bd9f4e3fa8badfb90e264952b20e0a": [
        "C:\\Users\\wy\\Desktop\\rag\\dataset\\PolyNetwork20210810\\contracts\\core\\assets\\usdt\\USDT.sol",
        "TetherToken",
        0
    ],
    "0c041c1eea5bd98ee6332ca881fbc4be": [
        "C:\\Users\\wy\\Desktop\\rag\\dataset\\PolyNetwork20210810\\contracts\\core\\assets\\usdt\\USDT.sol",
        "TetherToken",
        0
    ],
    "d75666c63fccc1eb691b2466df7888a0": [
        "C:\\Users\\wy\\Desktop\\rag\\dataset\\PolyNetwork20210810\\contracts\\core\\assets\\usdt\\USDT.sol",
        "TetherToken",
        0
    ],
    "0bccf07d36d4bad76be5c4148e55c230": [
        "C:\\Users\\wy\\Desktop\\rag\\dataset\\PolyNetwork20210810\\contracts\\libs\\ownership\\Ownable.sol",
        "Ownable",
        0
    ],
    "555688ef9e741e6498a76c7e2698e28a": [
        "C:\\Users\\wy\\Desktop\\rag\\dataset\\PolyNetwork20210810\\contracts\\libs\\ownership\\Ownable.sol",
        "Ownable",
        0
    ],
    "5969d34489c3495fbe4ebab1fe5ca2dd": [
        "C:\\Users\\wy\\Desktop\\rag\\dataset\\PolyNetwork20210810\\contracts\\libs\\ownership\\Ownable.sol",
        "Ownable",
        0
    ],
    "a476eaaf55cd336db195bec9c73b6a9e": [
        "C:\\Users\\wy\\Desktop\\rag\\dataset\\PolyNetwork20210810\\contracts\\libs\\ownership\\Ownable.sol",
        "Ownable",
        0
    ],
    "ddeab6a3d5ff49af53c49a13cae1e0bd": [
        "C:\\Users\\wy\\Desktop\\rag\\dataset\\PolyNetwork20210810\\contracts\\libs\\ownership\\Ownable.sol",
        "Ownable",
        0
    ],
    "5f956d751de97682c5f86923b73293db": [
        "C:\\Users\\wy\\Desktop\\rag\\dataset\\PolyNetwork20210810\\contracts\\libs\\ownership\\Ownable.sol",
        "Ownable",
        0
    ],
    "e51d4482bbb9c52d712461d06280a59d": [
        "C:\\Users\\wy\\Desktop\\rag\\dataset\\PolyNetwork20210810\\contracts\\libs\\ownership\\Ownable.sol",
        "Ownable",
        1
    ],
    "d16e6d6e12403bddd7cd78a7ea9fd15a": [
        "C:\\Users\\wy\\Desktop\\rag\\dataset\\PolyNetwork20210810\\contracts\\libs\\lifecycle\\Pausable.sol",
        "Pausable",
        0
    ],
    "2cd42665ca6fa1ede9e137f8a2939e65": [
        "C:\\Users\\wy\\Desktop\\rag\\dataset\\PolyNetwork20210810\\contracts\\libs\\lifecycle\\Pausable.sol",
        "Pausable",
        0
    ],
    "9cd2316c6a13117d8ec2db4cf0f802d6": [
        "C:\\Users\\wy\\Desktop\\rag\\dataset\\PolyNetwork20210810\\contracts\\libs\\lifecycle\\Pausable.sol",
        "Pausable",
        0
    ],
    "8b26a3ad642d45df7b9f15510d157efd": [
        "C:\\Users\\wy\\Desktop\\rag\\dataset\\PolyNetwork20210810\\contracts\\libs\\lifecycle\\Pausable.sol",
        "Pausable",
        0
    ],
    "916b8aef83a979053b70140c3000aa2c": [
        "C:\\Users\\wy\\Desktop\\rag\\dataset\\PolyNetwork20210810\\contracts\\libs\\lifecycle\\Pausable.sol",
        "Pausable",
        1
    ],
    "e0b4b9a4d589dd82240753f62436415f": [
        "C:\\Users\\wy\\Desktop\\rag\\dataset\\PolyNetwork20210810\\contracts\\libs\\lifecycle\\Pausable.sol",
        "Pausable",
        1
    ],
    "fbc09cc5b031a15f48056ff06dcdd8f6": [
        "C:\\Users\\wy\\Desktop\\rag\\dataset\\PolyNetwork20210810\\contracts\\core\\cross_chain_manager\\interface\\IEthCrossChainData.sol",
        "IEthCrossChainData",
        0
    ],
    "6b7e100c38bc1ebd4ebcc8546b730fdd": [
        "C:\\Users\\wy\\Desktop\\rag\\dataset\\PolyNetwork20210810\\contracts\\core\\cross_chain_manager\\interface\\IEthCrossChainData.sol",
        "IEthCrossChainData",
        0
    ],
    "a0b8b187e414009e24e932ca36bea89e": [
        "C:\\Users\\wy\\Desktop\\rag\\dataset\\PolyNetwork20210810\\contracts\\core\\cross_chain_manager\\interface\\IEthCrossChainData.sol",
        "IEthCrossChainData",
        0
    ],
    "18ea3c2a24eee4f6d41934b3b20fb80b": [
        "C:\\Users\\wy\\Desktop\\rag\\dataset\\PolyNetwork20210810\\contracts\\core\\cross_chain_manager\\interface\\IEthCrossChainData.sol",
        "IEthCrossChainData",
        0
    ],
    "ccbe1a50942cda08fddca9b379d6b21c": [
        "C:\\Users\\wy\\Desktop\\rag\\dataset\\PolyNetwork20210810\\contracts\\core\\cross_chain_manager\\interface\\IEthCrossChainData.sol",
        "IEthCrossChainData",
        0
    ],
    "32d6e8fb73b167e1009b7b3923ccc145": [
        "C:\\Users\\wy\\Desktop\\rag\\dataset\\PolyNetwork20210810\\contracts\\core\\cross_chain_manager\\interface\\IEthCrossChainData.sol",
        "IEthCrossChainData",
        0
    ],
    "7dd48cbcb70a6a8294714d062fcbfeda": [
        "C:\\Users\\wy\\Desktop\\rag\\dataset\\PolyNetwork20210810\\contracts\\core\\cross_chain_manager\\interface\\IEthCrossChainData.sol",
        "IEthCrossChainData",
        0
    ],
    "03bf7da89ab5600fc7f84553221c7a1e": [
        "C:\\Users\\wy\\Desktop\\rag\\dataset\\PolyNetwork20210810\\contracts\\core\\cross_chain_manager\\interface\\IEthCrossChainData.sol",
        "IEthCrossChainData",
        0
    ],
    "6b1e28e5aea0429e38d15d27173cbd1c": [
        "C:\\Users\\wy\\Desktop\\rag\\dataset\\PolyNetwork20210810\\contracts\\core\\cross_chain_manager\\interface\\IEthCrossChainData.sol",
        "IEthCrossChainData",
        0
    ],
    "dda9d1194f6e8490da59233830a0cf25": [
        "C:\\Users\\wy\\Desktop\\rag\\dataset\\PolyNetwork20210810\\contracts\\core\\cross_chain_manager\\interface\\IEthCrossChainData.sol",
        "IEthCrossChainData",
        0
    ],
    "40bf4235c287eecfd5bf6e3a2bcac50b": [
        "C:\\Users\\wy\\Desktop\\rag\\dataset\\PolyNetwork20210810\\contracts\\core\\cross_chain_manager\\interface\\IEthCrossChainData.sol",
        "IEthCrossChainData",
        0
    ],
    "faa8b3fb82be55223d8b122c954562a5": [
        "C:\\Users\\wy\\Desktop\\rag\\dataset\\PolyNetwork20210810\\contracts\\core\\cross_chain_manager\\interface\\IEthCrossChainData.sol",
        "IEthCrossChainData",
        0
    ],
    "89c8e8c04a73b49bebb9f405575b4f76": [
        "C:\\Users\\wy\\Desktop\\rag\\dataset\\PolyNetwork20210810\\contracts\\core\\cross_chain_manager\\interface\\IEthCrossChainData.sol",
        "IEthCrossChainData",
        0
    ],
    "249d4fd073df6c3c691d0712caa8c460": [
        "C:\\Users\\wy\\Desktop\\rag\\dataset\\PolyNetwork20210810\\contracts\\core\\cross_chain_manager\\interface\\IEthCrossChainData.sol",
        "IEthCrossChainData",
        0
    ],
    "4003d013a40c9f9e9c62da8625055ffd": [
        "C:\\Users\\wy\\Desktop\\rag\\dataset\\PolyNetwork20210810\\contracts\\core\\cross_chain_manager\\interface\\IEthCrossChainData.sol",
        "IEthCrossChainData",
        0
    ],
    "71e1ecc90890c94f2e09ddafe89eef6f": [
        "C:\\Users\\wy\\Desktop\\rag\\dataset\\PolyNetwork20210810\\contracts\\core\\cross_chain_manager\\data\\EthCrossChainData.sol",
        "EthCrossChainData",
        0
    ],
    "a4cbd6bec5dc8abfc101c9a741ed2142": [
        "C:\\Users\\wy\\Desktop\\rag\\dataset\\PolyNetwork20210810\\contracts\\core\\cross_chain_manager\\data\\EthCrossChainData.sol",
        "EthCrossChainData",
        0
    ],
    "77a6edb6516d79d42abe35bc86e9df8e": [
        "C:\\Users\\wy\\Desktop\\rag\\dataset\\PolyNetwork20210810\\contracts\\core\\cross_chain_manager\\data\\EthCrossChainData.sol",
        "EthCrossChainData",
        0
    ],
    "ff8e238ada47ae8948e0deb3da41f916": [
        "C:\\Users\\wy\\Desktop\\rag\\dataset\\PolyNetwork20210810\\contracts\\core\\cross_chain_manager\\data\\EthCrossChainData.sol",
        "EthCrossChainData",
        0
    ],
    "d400c25840a24c633dfdbfe4bc194cd7": [
        "C:\\Users\\wy\\Desktop\\rag\\dataset\\PolyNetwork20210810\\contracts\\core\\cross_chain_manager\\data\\EthCrossChainData.sol",
        "EthCrossChainData",
        0
    ],
    "ac895daed5ef69650a996278b50f936c": [
        "C:\\Users\\wy\\Desktop\\rag\\dataset\\PolyNetwork20210810\\contracts\\core\\cross_chain_manager\\data\\EthCrossChainData.sol",
        "EthCrossChainData",
        0
    ],
    "f4d670c584fbd910e05292290e7fe896": [
        "C:\\Users\\wy\\Desktop\\rag\\dataset\\PolyNetwork20210810\\contracts\\core\\cross_chain_manager\\data\\EthCrossChainData.sol",
        "EthCrossChainData",
        0
    ],
    "455fbd3e86c4136d6f15aff58b993e2d": [
        "C:\\Users\\wy\\Desktop\\rag\\dataset\\PolyNetwork20210810\\contracts\\core\\cross_chain_manager\\data\\EthCrossChainData.sol",
        "EthCrossChainData",
        0
    ],
    "b850bc8e79d5932561c636f6212d49fd": [
        "C:\\Users\\wy\\Desktop\\rag\\dataset\\PolyNetwork20210810\\contracts\\core\\cross_chain_manager\\data\\EthCrossChainData.sol",
        "EthCrossChainData",
        0
    ],
    "8add388d99325e5499a3ccc8e79e5072": [
        "C:\\Users\\wy\\Desktop\\rag\\dataset\\PolyNetwork20210810\\contracts\\core\\cross_chain_manager\\data\\EthCrossChainData.sol",
        "EthCrossChainData",
        0
    ],
    "e04fffd0c2f123d915c8386dba9a3cf1": [
        "C:\\Users\\wy\\Desktop\\rag\\dataset\\PolyNetwork20210810\\contracts\\core\\cross_chain_manager\\data\\EthCrossChainData.sol",
        "EthCrossChainData",
        0
    ],
    "14cfd27bf3bd8c8a9fe42b6d680a12e6": [
        "C:\\Users\\wy\\Desktop\\rag\\dataset\\PolyNetwork20210810\\contracts\\core\\cross_chain_manager\\data\\EthCrossChainData.sol",
        "EthCrossChainData",
        0
    ],
    "e09aaa778b7f834901d917da0697ee8e": [
        "C:\\Users\\wy\\Desktop\\rag\\dataset\\PolyNetwork20210810\\contracts\\core\\cross_chain_manager\\data\\EthCrossChainData.sol",
        "EthCrossChainData",
        0
    ],
    "14f160d7e4b15bcb9fbcf372d274f593": [
        "C:\\Users\\wy\\Desktop\\rag\\dataset\\PolyNetwork20210810\\contracts\\core\\cross_chain_manager\\interface\\IUpgradableECCM.sol",
        "IUpgradableECCM",
        0
    ],
    "6582ecb1affba2b5fe3e92a31afa69a4": [
        "C:\\Users\\wy\\Desktop\\rag\\dataset\\PolyNetwork20210810\\contracts\\core\\cross_chain_manager\\interface\\IUpgradableECCM.sol",
        "IUpgradableECCM",
        0
    ],
    "4529a57c2ec670b17b772b61e4823578": [
        "C:\\Users\\wy\\Desktop\\rag\\dataset\\PolyNetwork20210810\\contracts\\core\\cross_chain_manager\\libs\\EthCrossChainUtils.sol",
        "ECCUtils",
        0
    ],
    "e79545e9155986e021f65ded05311453": [
        "C:\\Users\\wy\\Desktop\\rag\\dataset\\PolyNetwork20210810\\contracts\\core\\cross_chain_manager\\libs\\EthCrossChainUtils.sol",
        "ECCUtils",
        0
    ],
    "05712fdd39dfb6c620755c0218d9b521": [
        "C:\\Users\\wy\\Desktop\\rag\\dataset\\PolyNetwork20210810\\contracts\\core\\cross_chain_manager\\libs\\EthCrossChainUtils.sol",
        "ECCUtils",
        0
    ],
    "915b6747fe5741aa51f5157851781030": [
        "C:\\Users\\wy\\Desktop\\rag\\dataset\\PolyNetwork20210810\\contracts\\core\\cross_chain_manager\\libs\\EthCrossChainUtils.sol",
        "ECCUtils",
        0
    ],
    "a6b0fc93cef6462e30d6345771c016ec": [
        "C:\\Users\\wy\\Desktop\\rag\\dataset\\PolyNetwork20210810\\contracts\\core\\cross_chain_manager\\libs\\EthCrossChainUtils.sol",
        "ECCUtils",
        0
    ],
    "649e9313967fbffa00c68bf33484d026": [
        "C:\\Users\\wy\\Desktop\\rag\\dataset\\PolyNetwork20210810\\contracts\\core\\cross_chain_manager\\libs\\EthCrossChainUtils.sol",
        "ECCUtils",
        0
    ],
    "a8d80b41e27c2ee09380725ea60aa164": [
        "C:\\Users\\wy\\Desktop\\rag\\dataset\\PolyNetwork20210810\\contracts\\core\\cross_chain_manager\\libs\\EthCrossChainUtils.sol",
        "ECCUtils",
        0
    ],
    "449c72766e46b6eae8a5316f5f1a4bc7": [
        "C:\\Users\\wy\\Desktop\\rag\\dataset\\PolyNetwork20210810\\contracts\\core\\cross_chain_manager\\libs\\EthCrossChainUtils.sol",
        "ECCUtils",
        0
    ],
    "10f0092cf74ba4b9daabda732c343131": [
        "C:\\Users\\wy\\Desktop\\rag\\dataset\\PolyNetwork20210810\\contracts\\core\\cross_chain_manager\\libs\\EthCrossChainUtils.sol",
        "ECCUtils",
        0
    ],
    "8b32cd747383e20156e438feaeebc7c5": [
        "C:\\Users\\wy\\Desktop\\rag\\dataset\\PolyNetwork20210810\\contracts\\core\\cross_chain_manager\\upgrade\\UpgradableECCM.sol",
        "UpgradableECCM",
        0
    ],
    "eb0a02f642e749dfc7831e7a90a1a147": [
        "C:\\Users\\wy\\Desktop\\rag\\dataset\\PolyNetwork20210810\\contracts\\core\\cross_chain_manager\\upgrade\\UpgradableECCM.sol",
        "UpgradableECCM",
        0
    ],
    "265403d2d9562dad8d0a0572692606ff": [
        "C:\\Users\\wy\\Desktop\\rag\\dataset\\PolyNetwork20210810\\contracts\\core\\cross_chain_manager\\upgrade\\UpgradableECCM.sol",
        "UpgradableECCM",
        0
    ],
    "63bf614722f8d24c4dfc899c6d4ece12": [
        "C:\\Users\\wy\\Desktop\\rag\\dataset\\PolyNetwork20210810\\contracts\\core\\cross_chain_manager\\upgrade\\UpgradableECCM.sol",
        "UpgradableECCM",
        0
    ],
    "7b562e182a289bc611ee6c204181c23e": [
        "C:\\Users\\wy\\Desktop\\rag\\dataset\\PolyNetwork20210810\\contracts\\core\\cross_chain_manager\\logic\\EthCrossChainManager.sol",
        "EthCrossChainManager",
        0
    ],
    "4702737de3d0548024cd6d6a73227d2b": [
        "C:\\Users\\wy\\Desktop\\rag\\dataset\\PolyNetwork20210810\\contracts\\core\\cross_chain_manager\\logic\\EthCrossChainManager.sol",
        "EthCrossChainManager",
        0
    ],
    "d585c2626a4ab399ebaae2aa1a7c3974": [
        "C:\\Users\\wy\\Desktop\\rag\\dataset\\PolyNetwork20210810\\contracts\\core\\cross_chain_manager\\logic\\EthCrossChainManager.sol",
        "EthCrossChainManager",
        0
    ],
    "742cdb294bb15257c8095ce2db9268f3": [
        "C:\\Users\\wy\\Desktop\\rag\\dataset\\PolyNetwork20210810\\contracts\\core\\cross_chain_manager\\logic\\EthCrossChainManager.sol",
        "EthCrossChainManager",
        0
    ],
    "086032fce630615adbd032ec90117ec0": [
        "C:\\Users\\wy\\Desktop\\rag\\dataset\\PolyNetwork20210810\\contracts\\core\\cross_chain_manager\\logic\\EthCrossChainManager.sol",
        "EthCrossChainManager",
        0
    ],
    "7059086b0a9521896449812f32300832": [
        "C:\\Users\\wy\\Desktop\\rag\\dataset\\PolyNetwork20210810\\contracts\\core\\cross_chain_manager\\logic\\EthCrossChainManager.sol",
        "EthCrossChainManager",
        0
    ],
    "3aa62175bdde75a1b4b1e252d7983897": [
        "C:\\Users\\wy\\Desktop\\rag\\dataset\\PolyNetwork20210810\\contracts\\core\\cross_chain_manager\\upgrade\\EthCrossChainManagerProxy.sol",
        "EthCrossChainManagerProxy",
        0
    ],
    "43224b33bb6af3178a8d7e7c6f8169dd": [
        "C:\\Users\\wy\\Desktop\\rag\\dataset\\PolyNetwork20210810\\contracts\\core\\cross_chain_manager\\upgrade\\EthCrossChainManagerProxy.sol",
        "EthCrossChainManagerProxy",
        0
    ],
    "7ba733a7dce53c365b0e4dc54cfe2230": [
        "C:\\Users\\wy\\Desktop\\rag\\dataset\\PolyNetwork20210810\\contracts\\core\\cross_chain_manager\\upgrade\\EthCrossChainManagerProxy.sol",
        "EthCrossChainManagerProxy",
        0
    ],
    "baa29d86350520f3b58cb200e2b747b0": [
        "C:\\Users\\wy\\Desktop\\rag\\dataset\\PolyNetwork20210810\\contracts\\core\\cross_chain_manager\\upgrade\\EthCrossChainManagerProxy.sol",
        "EthCrossChainManagerProxy",
        0
    ],
    "b49a179f1933d3b1ecb4dc313350a94b": [
        "C:\\Users\\wy\\Desktop\\rag\\dataset\\PolyNetwork20210810\\contracts\\core\\cross_chain_manager\\upgrade\\EthCrossChainManagerProxy.sol",
        "EthCrossChainManagerProxy",
        0
    ],
    "527ba95f0c39c9240f8ce7c954e09be1": [
        "C:\\Users\\wy\\Desktop\\rag\\dataset\\PolyNetwork20210810\\contracts\\core\\cross_chain_manager\\upgrade\\EthCrossChainManagerProxy.sol",
        "EthCrossChainManagerProxy",
        0
    ],
    "70da4860cc97c748b9d15d83289bc468": [
        "C:\\Users\\wy\\Desktop\\rag\\dataset\\PolyNetwork20210810\\contracts\\core\\cross_chain_manager\\upgrade\\EthCrossChainManagerProxy.sol",
        "EthCrossChainManagerProxy",
        0
    ],
    "b11a0fddf7dc22f06b2620e7e4df555d": [
        "C:\\Users\\wy\\Desktop\\rag\\dataset\\PolyNetwork20210810\\contracts\\libs\\token\\ERC20\\SafeERC20.sol",
        "SafeERC20",
        0
    ],
    "a4d04dde19a092509673b57e918dc01e": [
        "C:\\Users\\wy\\Desktop\\rag\\dataset\\PolyNetwork20210810\\contracts\\libs\\token\\ERC20\\SafeERC20.sol",
        "SafeERC20",
        0
    ],
    "fb900ca324ce1f8f0ac5dada1a0f4713": [
        "C:\\Users\\wy\\Desktop\\rag\\dataset\\PolyNetwork20210810\\contracts\\libs\\token\\ERC20\\SafeERC20.sol",
        "SafeERC20",
        0
    ],
    "ad09e31a87003368d9fa44715d619c0d": [
        "C:\\Users\\wy\\Desktop\\rag\\dataset\\PolyNetwork20210810\\contracts\\libs\\token\\ERC20\\SafeERC20.sol",
        "SafeERC20",
        0
    ],
    "1ad1e12719c4b67ffca1c5031b3a296b": [
        "C:\\Users\\wy\\Desktop\\rag\\dataset\\PolyNetwork20210810\\contracts\\libs\\token\\ERC20\\SafeERC20.sol",
        "SafeERC20",
        0
    ],
    "e592ba030a7b36b13400211f6ee684a1": [
        "C:\\Users\\wy\\Desktop\\rag\\dataset\\PolyNetwork20210810\\contracts\\libs\\token\\ERC20\\SafeERC20.sol",
        "SafeERC20",
        0
    ],
    "921aeb6960a136e093bf531e3e55f5af": [
        "C:\\Users\\wy\\Desktop\\rag\\dataset\\PolyNetwork20210810\\contracts\\core\\lock_proxy\\LockProxy.sol",
        "LockProxy",
        0
    ],
    "b05bf867900c1dfda73d59791b73a7c4": [
        "C:\\Users\\wy\\Desktop\\rag\\dataset\\PolyNetwork20210810\\contracts\\core\\lock_proxy\\LockProxy.sol",
        "LockProxy",
        0
    ],
    "8a9642078dbfcc67200e64b3594c2df7": [
        "C:\\Users\\wy\\Desktop\\rag\\dataset\\PolyNetwork20210810\\contracts\\core\\lock_proxy\\LockProxy.sol",
        "LockProxy",
        0
    ],
    "65a2fb47b68546447e99cfb1661f7bac": [
        "C:\\Users\\wy\\Desktop\\rag\\dataset\\PolyNetwork20210810\\contracts\\core\\lock_proxy\\LockProxy.sol",
        "LockProxy",
        0
    ],
    "24e8c725857907a7c030ababfeaa4a48": [
        "C:\\Users\\wy\\Desktop\\rag\\dataset\\PolyNetwork20210810\\contracts\\core\\lock_proxy\\LockProxy.sol",
        "LockProxy",
        0
    ],
    "79a8eb8fc16c7de92ba1f42449b7a386": [
        "C:\\Users\\wy\\Desktop\\rag\\dataset\\PolyNetwork20210810\\contracts\\core\\lock_proxy\\LockProxy.sol",
        "LockProxy",
        0
    ],
    "80a12a50b8ee6564e4f484f0f1fc3ff4": [
        "C:\\Users\\wy\\Desktop\\rag\\dataset\\PolyNetwork20210810\\contracts\\core\\lock_proxy\\LockProxy.sol",
        "LockProxy",
        0
    ],
    "4840a741501b2c90bb0f8a174c96db1e": [
        "C:\\Users\\wy\\Desktop\\rag\\dataset\\PolyNetwork20210810\\contracts\\core\\lock_proxy\\LockProxy.sol",
        "LockProxy",
        0
    ],
    "14da0607935026b7ddceb43a117425bc": [
        "C:\\Users\\wy\\Desktop\\rag\\dataset\\PolyNetwork20210810\\contracts\\core\\lock_proxy\\LockProxy.sol",
        "LockProxy",
        0
    ],
    "fdff33cd084799447621f6dad595d869": [
        "C:\\Users\\wy\\Desktop\\rag\\dataset\\PolyNetwork20210810\\contracts\\core\\lock_proxy\\LockProxy.sol",
        "LockProxy",
        0
    ],
    "d2662f98a7493123d23d556632c9c2ea": [
        "C:\\Users\\wy\\Desktop\\rag\\dataset\\PolyNetwork20210810\\contracts\\core\\lock_proxy\\LockProxy.sol",
        "LockProxy",
        0
    ],
    "41eb01f685ca39081f24100e24b9da0f": [
        "C:\\Users\\wy\\Desktop\\rag\\dataset\\PolyNetwork20210810\\contracts\\core\\lock_proxy\\LockProxy.sol",
        "LockProxy",
        0
    ],
    "68cdb92baa359ceb2574f1c1e6e51c4c": [
        "C:\\Users\\wy\\Desktop\\rag\\dataset\\PolyNetwork20210810\\contracts\\core\\lock_proxy\\LockProxyPip1.sol",
        "ERC20Interface",
        0
    ],
    "2610f3e4b1e2b5465581773ee2edd543": [
        "C:\\Users\\wy\\Desktop\\rag\\dataset\\PolyNetwork20210810\\contracts\\core\\lock_proxy\\LockProxyPip1.sol",
        "ERC20Interface",
        0
    ],
    "ab794d1e9d69b5ad9c4648d0f59f9b1b": [
        "C:\\Users\\wy\\Desktop\\rag\\dataset\\PolyNetwork20210810\\contracts\\core\\lock_proxy\\LockProxyPip1.sol",
        "LockProxyPip1",
        0
    ],
    "5edabffaf6e49d0419656bd55d13a840": [
        "C:\\Users\\wy\\Desktop\\rag\\dataset\\PolyNetwork20210810\\contracts\\core\\lock_proxy\\LockProxyPip1.sol",
        "LockProxyPip1",
        0
    ],
    "39c0f4d0d5f9ef639d13f58330661a59": [
        "C:\\Users\\wy\\Desktop\\rag\\dataset\\PolyNetwork20210810\\contracts\\core\\lock_proxy\\LockProxyPip1.sol",
        "LockProxyPip1",
        0
    ],
    "21f3188b8bd13725cb5933f826ec34ee": [
        "C:\\Users\\wy\\Desktop\\rag\\dataset\\PolyNetwork20210810\\contracts\\core\\lock_proxy\\LockProxyPip1.sol",
        "LockProxyPip1",
        0
    ],
    "9809165fd2fe2c22d9e0a24e57cf9b44": [
        "C:\\Users\\wy\\Desktop\\rag\\dataset\\PolyNetwork20210810\\contracts\\core\\lock_proxy\\LockProxyPip1.sol",
        "LockProxyPip1",
        0
    ],
    "8a6b19ce4accc196b5cf9cef3af8ba01": [
        "C:\\Users\\wy\\Desktop\\rag\\dataset\\PolyNetwork20210810\\contracts\\core\\lock_proxy\\LockProxyPip1.sol",
        "LockProxyPip1",
        0
    ],
    "b35093223c3eb10b1f5c756639db64a0": [
        "C:\\Users\\wy\\Desktop\\rag\\dataset\\PolyNetwork20210810\\contracts\\core\\lock_proxy\\LockProxyPip1.sol",
        "LockProxyPip1",
        0
    ],
    "562d2a5702ee1b84fd097e9c96d7478f": [
        "C:\\Users\\wy\\Desktop\\rag\\dataset\\PolyNetwork20210810\\contracts\\core\\lock_proxy\\LockProxyPip1.sol",
        "LockProxyPip1",
        0
    ],
    "cf0427aab0a5d05c30768968eef77065": [
        "C:\\Users\\wy\\Desktop\\rag\\dataset\\PolyNetwork20210810\\contracts\\core\\lock_proxy\\LockProxyPip1.sol",
        "LockProxyPip1",
        0
    ],
    "71e993509a137534723424e6661fd82c": [
        "C:\\Users\\wy\\Desktop\\rag\\dataset\\PolyNetwork20210810\\contracts\\core\\lock_proxy\\LockProxyPip1.sol",
        "LockProxyPip1",
        0
    ],
    "f556d8b665ec24dbee7278ef1fd98fbd": [
        "C:\\Users\\wy\\Desktop\\rag\\dataset\\PolyNetwork20210810\\contracts\\core\\lock_proxy\\LockProxyPip1.sol",
        "LockProxyPip1",
        0
    ],
    "e3358f9acbd164df329e74c1c362612a": [
        "C:\\Users\\wy\\Desktop\\rag\\dataset\\PolyNetwork20210810\\contracts\\core\\lock_proxy\\LockProxyPip1.sol",
        "LockProxyPip1",
        0
    ],
    "5e056d4a17a09395eb778e49db77b628": [
        "C:\\Users\\wy\\Desktop\\rag\\dataset\\PolyNetwork20210810\\contracts\\core\\lock_proxy\\LockProxyPip1.sol",
        "LockProxyPip1",
        0
    ],
    "6f7efe96a8f9a08fbb28fb98b5da9f25": [
        "C:\\Users\\wy\\Desktop\\rag\\dataset\\PolyNetwork20210810\\contracts\\core\\lock_proxy\\LockProxyPip1.sol",
        "LockProxyPip1",
        0
    ],
    "0d8fc8db74c5ea2d4f0d0b03625716aa": [
        "C:\\Users\\wy\\Desktop\\rag\\dataset\\PolyNetwork20210810\\contracts\\core\\lock_proxy\\LockProxyPip1.sol",
        "LockProxyPip1",
        0
    ],
    "127efe41f1d372ffb72a36f9a58a2a40": [
        "C:\\Users\\wy\\Desktop\\rag\\dataset\\PolyNetwork20210810\\contracts\\core\\lock_proxy\\LockProxyPip4.sol",
        "LockProxyPip4",
        0
    ],
    "55da9f9b4dddb0e0206a5deb5bc9b7fb": [
        "C:\\Users\\wy\\Desktop\\rag\\dataset\\PolyNetwork20210810\\contracts\\core\\lock_proxy\\LockProxyPip4.sol",
        "LockProxyPip4",
        0
    ],
    "8d6269adbe7cac4e2b9ed5e0cbff2eec": [
        "C:\\Users\\wy\\Desktop\\rag\\dataset\\PolyNetwork20210810\\contracts\\core\\lock_proxy\\LockProxyPip4.sol",
        "LockProxyPip4",
        0
    ],
    "a7609ec1a877c8ff12b6eec0e006e87d": [
        "C:\\Users\\wy\\Desktop\\rag\\dataset\\PolyNetwork20210810\\contracts\\core\\lock_proxy\\LockProxyPip4.sol",
        "LockProxyPip4",
        0
    ],
    "ac3632a5b15f5eaf72c5ebca3d02e1ea": [
        "C:\\Users\\wy\\Desktop\\rag\\dataset\\PolyNetwork20210810\\contracts\\core\\lock_proxy\\LockProxyPip4.sol",
        "LockProxyPip4",
        0
    ],
    "7e15071a181a2c597bb88312ad2ee5d7": [
        "C:\\Users\\wy\\Desktop\\rag\\dataset\\PolyNetwork20210810\\contracts\\core\\lock_proxy\\LockProxyPip4.sol",
        "LockProxyPip4",
        0
    ],
    "10db7a77dba9f0c757f072ca20897ee0": [
        "C:\\Users\\wy\\Desktop\\rag\\dataset\\PolyNetwork20210810\\contracts\\core\\lock_proxy\\LockProxyPip4.sol",
        "LockProxyPip4",
        0
    ],
    "2d7b155a7bcd9515c6d4ad90611624a2": [
        "C:\\Users\\wy\\Desktop\\rag\\dataset\\PolyNetwork20210810\\contracts\\core\\lock_proxy\\LockProxyPip4.sol",
        "LockProxyPip4",
        0
    ],
    "ae4f2110d30a827b483b0ac435536392": [
        "C:\\Users\\wy\\Desktop\\rag\\dataset\\PolyNetwork20210810\\contracts\\core\\lock_proxy\\LockProxyPip4.sol",
        "LockProxyPip4",
        0
    ],
    "bab00a1685babaa904094f2b1e1fdcfd": [
        "C:\\Users\\wy\\Desktop\\rag\\dataset\\PolyNetwork20210810\\contracts\\core\\lock_proxy\\LockProxyPip4.sol",
        "LockProxyPip4",
        0
    ],
    "1bd0600be56ba1a2c48a915e6d87b302": [
        "C:\\Users\\wy\\Desktop\\rag\\dataset\\PolyNetwork20210810\\contracts\\core\\lock_proxy\\LockProxyPip4.sol",
        "LockProxyPip4",
        0
    ],
    "7325466b0a2b5785a02a07806f2757b0": [
        "C:\\Users\\wy\\Desktop\\rag\\dataset\\PolyNetwork20210810\\contracts\\core\\lock_proxy\\LockProxyPip4.sol",
        "LockProxyPip4",
        0
    ],
    "487c2543ef9d5cff8050cf308f34edf4": [
        "C:\\Users\\wy\\Desktop\\rag\\dataset\\PolyNetwork20210810\\contracts\\core\\lock_proxy\\LockProxySingleAsset.sol",
        "bridgeAsset",
        0
    ],
    "913fe4792dd9a648a1dfd4dd59b04b1c": [
        "C:\\Users\\wy\\Desktop\\rag\\dataset\\PolyNetwork20210810\\contracts\\core\\lock_proxy\\LockProxySingleAsset.sol",
        "bridgeAsset",
        0
    ],
    "1707b67487fe6697814d00ba383e3cb5": [
        "C:\\Users\\wy\\Desktop\\rag\\dataset\\PolyNetwork20210810\\contracts\\core\\lock_proxy\\LockProxySingleAsset.sol",
        "bridgeAsset",
        0
    ],
    "66ebf2357e5345e31920ae494899baf7": [
        "C:\\Users\\wy\\Desktop\\rag\\dataset\\PolyNetwork20210810\\contracts\\core\\lock_proxy\\LockProxySingleAsset.sol",
        "bridgeAsset",
        1
    ],
    "02fada80b8c25cbd7ac2050dc222d07b": [
        "C:\\Users\\wy\\Desktop\\rag\\dataset\\PolyNetwork20210810\\contracts\\core\\lock_proxy\\LockProxySingleAsset.sol",
        "LockProxySingleAsset",
        0
    ],
    "be64d0e136d42218732cca6317366856": [
        "C:\\Users\\wy\\Desktop\\rag\\dataset\\PolyNetwork20210810\\contracts\\core\\lock_proxy\\LockProxySingleAsset.sol",
        "LockProxySingleAsset",
        0
    ],
    "7d9d8e2af06370904f015f5f6bd0b9ef": [
        "C:\\Users\\wy\\Desktop\\rag\\dataset\\PolyNetwork20210810\\contracts\\core\\lock_proxy\\LockProxySingleAsset.sol",
        "LockProxySingleAsset",
        0
    ],
    "d76fbee7a3df63978f12e499bc4c4333": [
        "C:\\Users\\wy\\Desktop\\rag\\dataset\\PolyNetwork20210810\\contracts\\core\\lock_proxy\\LockProxySingleAsset.sol",
        "LockProxySingleAsset",
        0
    ],
    "21b7605707408f8be4fefe76513a907b": [
        "C:\\Users\\wy\\Desktop\\rag\\dataset\\PolyNetwork20210810\\contracts\\core\\lock_proxy\\LockProxySingleAsset.sol",
        "LockProxySingleAsset",
        0
    ],
    "349f607448cd7b2915f3770c71255574": [
        "C:\\Users\\wy\\Desktop\\rag\\dataset\\PolyNetwork20210810\\contracts\\core\\lock_proxy\\LockProxyWithLP.sol",
        "LockProxyWithLP",
        0
    ],
    "4911dc4d28fa4a553a407fd92cd1f9e5": [
        "C:\\Users\\wy\\Desktop\\rag\\dataset\\PolyNetwork20210810\\contracts\\core\\lock_proxy\\LockProxyWithLP.sol",
        "LockProxyWithLP",
        0
    ],
    "10be64df4c9f14dc1349ec6642232a11": [
        "C:\\Users\\wy\\Desktop\\rag\\dataset\\PolyNetwork20210810\\contracts\\core\\lock_proxy\\RippleLockProxy.sol",
        "RippleLockProxy",
        0
    ],
    "54381b6e35c9e9ac1a93e9ba074a1ca7": [
        "C:\\Users\\wy\\Desktop\\rag\\dataset\\PolyNetwork20210810\\contracts\\core\\lock_proxy\\RippleLockProxy.sol",
        "RippleLockProxy",
        0
    ],
    "4b05ad18016dcef41ca17ac0149fc062": [
        "C:\\Users\\wy\\Desktop\\rag\\dataset\\PolyNetwork20210810\\contracts\\core\\lock_proxy\\RippleLockProxy.sol",
        "RippleLockProxy",
        0
    ],
    "49fe48fc75312547b80dba5ae106f03f": [
        "C:\\Users\\wy\\Desktop\\rag\\dataset\\PolyNetwork20210810\\contracts\\core\\lock_proxy\\RippleLockProxy.sol",
        "RippleLockProxy",
        0
    ],
    "caa565401a8335d9e1af9ed1c976cb8b": [
        "C:\\Users\\wy\\Desktop\\rag\\dataset\\PolyNetwork20210810\\contracts\\libs\\utils\\ReentrancyGuard.sol",
        "ReentrancyGuard",
        0
    ],
    "cc2bc7a15485c438a15c09f84d12d03d": [
        "C:\\Users\\wy\\Desktop\\rag\\dataset\\PolyNetwork20210810\\contracts\\libs\\utils\\ReentrancyGuard.sol",
        "ReentrancyGuard",
        1
    ],
    "2fa74fb5ca92acffd0b6bd319ddb13b2": [
        "C:\\Users\\wy\\Desktop\\rag\\dataset\\PolyNetwork20210810\\contracts\\core\\wrapper\\interfaces\\ILockProxy.sol",
        "ILockProxy",
        0
    ],
    "569cf72fc8036b07be588399a9c5c900": [
        "C:\\Users\\wy\\Desktop\\rag\\dataset\\PolyNetwork20210810\\contracts\\core\\wrapper\\interfaces\\ILockProxy.sol",
        "ILockProxy",
        0
    ],
    "a5db4a1181f41b2ccbd461d531390722": [
        "C:\\Users\\wy\\Desktop\\rag\\dataset\\PolyNetwork20210810\\contracts\\core\\wrapper\\interfaces\\ILockProxy.sol",
        "ILockProxy",
        0
    ],
    "acafbd81bfe8f7e31d4d95a7ccc8e8ba": [
        "C:\\Users\\wy\\Desktop\\rag\\dataset\\PolyNetwork20210810\\contracts\\core\\wrapper\\interfaces\\ILockProxy.sol",
        "ILockProxy",
        0
    ],
    "8ce4549d913dd4b7f6c1f0252d479c92": [
        "C:\\Users\\wy\\Desktop\\rag\\dataset\\PolyNetwork20210810\\contracts\\core\\wrapper\\interfaces\\ILockProxy.sol",
        "ILockProxy",
        0
    ],
    "5d6f334e609b42b3e274af1df16ee6f2": [
        "C:\\Users\\wy\\Desktop\\rag\\dataset\\PolyNetwork20210810\\contracts\\core\\wrapper\\interfaces\\ILockProxy.sol",
        "ILockProxy",
        0
    ],
    "7e38032e7fd6fb1d17be1855b557459b": [
        "C:\\Users\\wy\\Desktop\\rag\\dataset\\PolyNetwork20210810\\contracts\\core\\wrapper\\interfaces\\ILockProxy.sol",
        "ILockProxy",
        0
    ],
    "4466218b0fdefe668c81412b489a13a4": [
        "C:\\Users\\wy\\Desktop\\rag\\dataset\\PolyNetwork20210810\\contracts\\core\\wrapper\\interfaces\\ILockProxy.sol",
        "ILockProxy",
        0
    ],
    "91980bb8530297963c941f2fdd5f552a": [
        "C:\\Users\\wy\\Desktop\\rag\\dataset\\PolyNetwork20210810\\contracts\\core\\wrapper\\PolyWrapper_v1.sol",
        "PolyWrapperV1",
        0
    ],
    "4bb959754a0193d99d2cf04c8adf58ba": [
        "C:\\Users\\wy\\Desktop\\rag\\dataset\\PolyNetwork20210810\\contracts\\core\\wrapper\\PolyWrapper_v1.sol",
        "PolyWrapperV1",
        0
    ],
    "d1697dfe7761233d0b99babb367f1a5c": [
        "C:\\Users\\wy\\Desktop\\rag\\dataset\\PolyNetwork20210810\\contracts\\core\\wrapper\\PolyWrapper_v1.sol",
        "PolyWrapperV1",
        0
    ],
    "0201e5b6543089fd4cf20dce66058466": [
        "C:\\Users\\wy\\Desktop\\rag\\dataset\\PolyNetwork20210810\\contracts\\core\\wrapper\\PolyWrapper_v1.sol",
        "PolyWrapperV1",
        0
    ],
    "65cdb09d6fbe9eb02d67f756b942a87b": [
        "C:\\Users\\wy\\Desktop\\rag\\dataset\\PolyNetwork20210810\\contracts\\core\\wrapper\\PolyWrapper_v1.sol",
        "PolyWrapperV1",
        0
    ],
    "e23479a85272c7bba9f1c16b2a4c7d5a": [
        "C:\\Users\\wy\\Desktop\\rag\\dataset\\PolyNetwork20210810\\contracts\\core\\wrapper\\PolyWrapper_v1.sol",
        "PolyWrapperV1",
        0
    ],
    "29bca5661f29965d7e2bcea6e6f4eff9": [
        "C:\\Users\\wy\\Desktop\\rag\\dataset\\PolyNetwork20210810\\contracts\\core\\wrapper\\PolyWrapper_v1.sol",
        "PolyWrapperV1",
        0
    ],
    "2871b3fd2f875dbfbfe25f515ea7f9fd": [
        "C:\\Users\\wy\\Desktop\\rag\\dataset\\PolyNetwork20210810\\contracts\\core\\wrapper\\PolyWrapper_v1.sol",
        "PolyWrapperV1",
        0
    ],
    "253340f677b1714dc578d845dc515e79": [
        "C:\\Users\\wy\\Desktop\\rag\\dataset\\PolyNetwork20210810\\contracts\\core\\wrapper\\PolyWrapper_v1.sol",
        "PolyWrapperV1",
        0
    ],
    "a64ac9420345c997e9c5500ed3acc2ea": [
        "C:\\Users\\wy\\Desktop\\rag\\dataset\\PolyNetwork20210810\\contracts\\core\\wrapper\\PolyWrapper_v1.sol",
        "PolyWrapperV1",
        0
    ],
    "ff911eebfb247513985ae20962f8f9e1": [
        "C:\\Users\\wy\\Desktop\\rag\\dataset\\PolyNetwork20210810\\contracts\\core\\wrapper\\PolyWrapper_v2.sol",
        "PolyWrapperV2",
        0
    ],
    "633b8e2f0933be18de091dcdd96d5ef0": [
        "C:\\Users\\wy\\Desktop\\rag\\dataset\\PolyNetwork20210810\\contracts\\core\\wrapper\\PolyWrapper_v2.sol",
        "PolyWrapperV2",
        0
    ],
    "890930f1df309d6ba6f01ea9bd1476b1": [
        "C:\\Users\\wy\\Desktop\\rag\\dataset\\PolyNetwork20210810\\contracts\\core\\wrapper\\interfaces\\IPolyWrapper.sol",
        "IPolyWrapper",
        0
    ],
    "d75b143e506861c4516d7946aee913ee": [
        "C:\\Users\\wy\\Desktop\\rag\\dataset\\PolyNetwork20210810\\contracts\\core\\wrapper\\interfaces\\IPolyWrapper.sol",
        "IPolyWrapper",
        0
    ],
    "6c48b453989966eee3c1f30fffa7c383": [
        "C:\\Users\\wy\\Desktop\\rag\\dataset\\PolyNetwork20210810\\contracts\\core\\wrapper\\interfaces\\IPolyWrapper.sol",
        "IPolyWrapper",
        0
    ],
    "011cf011737d808d4338bbe04f1845e5": [
        "C:\\Users\\wy\\Desktop\\rag\\dataset\\PolyNetwork20210810\\contracts\\core\\wrapper\\interfaces\\IPolyWrapper.sol",
        "IPolyWrapper",
        0
    ],
    "e2d0b6501311d010369f2d05b7ef098f": [
        "C:\\Users\\wy\\Desktop\\rag\\dataset\\PolyNetwork20210810\\contracts\\core\\wrapper\\interfaces\\IPolyWrapper.sol",
        "IPolyWrapper",
        0
    ],
    "3f772b7cbc3d0c7dec229d7f1ba054a5": [
        "C:\\Users\\wy\\Desktop\\rag\\dataset\\PolyNetwork20210810\\contracts\\core\\wrapper\\interfaces\\IPolyWrapper.sol",
        "IPolyWrapper",
        0
    ],
    "d6e171c8eb9cf62ab9d17ce25cc2b867": [
        "C:\\Users\\wy\\Desktop\\rag\\dataset\\PolyNetwork20210810\\contracts\\core\\wrapper\\interfaces\\IPolyWrapper.sol",
        "IPolyWrapper",
        0
    ],
    "ba7ebecf41c7b7444f40b82422930ca5": [
        "C:\\Users\\wy\\Desktop\\rag\\dataset\\PolyNetwork20210810\\contracts\\core\\wrapper\\interfaces\\IPolyWrapper.sol",
        "IPolyWrapper",
        0
    ],
    "8bf7c81951559e85929cdf066ab428fb": [
        "C:\\Users\\wy\\Desktop\\rag\\dataset\\PolyNetwork20210810\\contracts\\core\\wrapper\\interfaces\\IPolyWrapper.sol",
        "IPolyWrapper",
        0
    ],
    "3806e94cfd969d325849f330e86c51b3": [
        "C:\\Users\\wy\\Desktop\\rag\\dataset\\PolyNetwork20210810\\contracts\\core\\wrapper\\interfaces\\IPolyWrapper.sol",
        "IPolyWrapper",
        0
    ],
    "753996fe54e3ddf69a9dd0ab1d89681e": [
        "C:\\Users\\wy\\Desktop\\rag\\dataset\\PolyNetwork20210810\\contracts\\core\\wrapper\\interfaces\\IPolyWrapper.sol",
        "IPolyWrapper",
        0
    ],
    "ffc5f90868bd17b2d48061ca746eb337": [
        "C:\\Users\\wy\\Desktop\\rag\\dataset\\PolyNetwork20210810\\contracts\\libs\\utils\\Encoder.sol",
        "AbiEncoder",
        0
    ],
    "1f86e76a100b6bab18baf02bb87ae5d5": [
        "C:\\Users\\wy\\Desktop\\rag\\dataset\\PolyNetwork20210810\\contracts\\mocks\\libs\\common\\ZeroCopySinkMock.sol",
        "ZeroCopySinkMock",
        0
    ],
    "e6001b93e03666464418df4de5f7c28e": [
        "C:\\Users\\wy\\Desktop\\rag\\dataset\\PolyNetwork20210810\\contracts\\mocks\\libs\\common\\ZeroCopySinkMock.sol",
        "ZeroCopySinkMock",
        0
    ],
    "674b468c3de5c4a2855b523ff5708dbb": [
        "C:\\Users\\wy\\Desktop\\rag\\dataset\\PolyNetwork20210810\\contracts\\mocks\\libs\\common\\ZeroCopySinkMock.sol",
        "ZeroCopySinkMock",
        0
    ],
    "0fb5a9d71a75c40c820067b353d00d08": [
        "C:\\Users\\wy\\Desktop\\rag\\dataset\\PolyNetwork20210810\\contracts\\mocks\\libs\\common\\ZeroCopySinkMock.sol",
        "ZeroCopySinkMock",
        0
    ],
    "b87d6265169e87ebb04cf9976dc32873": [
        "C:\\Users\\wy\\Desktop\\rag\\dataset\\PolyNetwork20210810\\contracts\\mocks\\libs\\common\\ZeroCopySinkMock.sol",
        "ZeroCopySinkMock",
        0
    ],
    "6bbeec5a1e73d4d66420bf97fc996a76": [
        "C:\\Users\\wy\\Desktop\\rag\\dataset\\PolyNetwork20210810\\contracts\\mocks\\libs\\common\\ZeroCopySinkMock.sol",
        "ZeroCopySinkMock",
        0
    ],
    "184514dc1e82813d53fe65b7878bd80d": [
        "C:\\Users\\wy\\Desktop\\rag\\dataset\\PolyNetwork20210810\\contracts\\mocks\\libs\\common\\ZeroCopySinkMock.sol",
        "ZeroCopySinkMock",
        0
    ],
    "53c9066c3d759dcce92ca5ab7eee52db": [
        "C:\\Users\\wy\\Desktop\\rag\\dataset\\PolyNetwork20210810\\contracts\\mocks\\libs\\common\\ZeroCopySinkMock.sol",
        "ZeroCopySinkMock",
        0
    ],
    "019423a2b606c423bcb2fb08e5521863": [
        "C:\\Users\\wy\\Desktop\\rag\\dataset\\PolyNetwork20210810\\contracts\\mocks\\libs\\common\\ZeroCopySinkMock.sol",
        "ZeroCopySinkMock",
        0
    ],
    "b59b9b0737fe68e3b6b6ea350b8698da": [
        "C:\\Users\\wy\\Desktop\\rag\\dataset\\PolyNetwork20210810\\contracts\\mocks\\libs\\common\\ZeroCopySourceMock.sol",
        "ZeroCopySourceMock",
        0
    ],
    "f02d52f63666b84b9770f142eb51d8f4": [
        "C:\\Users\\wy\\Desktop\\rag\\dataset\\PolyNetwork20210810\\contracts\\mocks\\libs\\common\\ZeroCopySourceMock.sol",
        "ZeroCopySourceMock",
        0
    ],
    "5b2d3fc3402c6d219837c8c437f86f9d": [
        "C:\\Users\\wy\\Desktop\\rag\\dataset\\PolyNetwork20210810\\contracts\\mocks\\libs\\common\\ZeroCopySourceMock.sol",
        "ZeroCopySourceMock",
        0
    ],
    "573535e1372e3bcb642b4ad7e5eb07d9": [
        "C:\\Users\\wy\\Desktop\\rag\\dataset\\PolyNetwork20210810\\contracts\\mocks\\libs\\common\\ZeroCopySourceMock.sol",
        "ZeroCopySourceMock",
        0
    ],
    "97929e6272766295410284c616595ae5": [
        "C:\\Users\\wy\\Desktop\\rag\\dataset\\PolyNetwork20210810\\contracts\\mocks\\libs\\common\\ZeroCopySourceMock.sol",
        "ZeroCopySourceMock",
        0
    ],
    "dea88bc791f9041195a64db8448fae80": [
        "C:\\Users\\wy\\Desktop\\rag\\dataset\\PolyNetwork20210810\\contracts\\mocks\\libs\\common\\ZeroCopySourceMock.sol",
        "ZeroCopySourceMock",
        0
    ],
    "325858c22f7ee3afdea21848f5487b2d": [
        "C:\\Users\\wy\\Desktop\\rag\\dataset\\PolyNetwork20210810\\contracts\\mocks\\libs\\common\\ZeroCopySourceMock.sol",
        "ZeroCopySourceMock",
        0
    ],
    "af6e828547e38847a0e18c46969d2d73": [
        "C:\\Users\\wy\\Desktop\\rag\\dataset\\PolyNetwork20210810\\contracts\\mocks\\libs\\common\\ZeroCopySourceMock.sol",
        "ZeroCopySourceMock",
        0
    ],
    "de8151dcc7839aed1cff90f6530e00d8": [
        "C:\\Users\\wy\\Desktop\\rag\\dataset\\PolyNetwork20210810\\contracts\\mocks\\libs\\common\\ZeroCopySourceMock.sol",
        "ZeroCopySourceMock",
        0
    ],
    "5b77a217970dd9b5fbcbd8dd56db2054": [
        "C:\\Users\\wy\\Desktop\\rag\\dataset\\PolyNetwork20210810\\contracts\\mocks\\libs\\common\\ZeroCopySourceMock.sol",
        "ZeroCopySourceMock",
        0
    ],
    "fd50e83b503cb82446039ebb566bab3f": [
        "C:\\Users\\wy\\Desktop\\rag\\dataset\\PolyNetwork20210810\\contracts\\mocks\\libs\\common\\ZeroCopySourceMock.sol",
        "ZeroCopySourceMock",
        0
    ],
    "7c1b425ea9169830d0867196ecf875a7": [
        "C:\\Users\\wy\\Desktop\\rag\\dataset\\PolyNetwork20210810\\contracts\\mocks\\libs\\math\\SafeMathMock.sol",
        "SafeMathMock",
        0
    ],
    "0c7e81124776b0c24a419a1877be80c0": [
        "C:\\Users\\wy\\Desktop\\rag\\dataset\\PolyNetwork20210810\\contracts\\mocks\\libs\\math\\SafeMathMock.sol",
        "SafeMathMock",
        0
    ],
    "45f9d1b1cba841a01a299237a2357c58": [
        "C:\\Users\\wy\\Desktop\\rag\\dataset\\PolyNetwork20210810\\contracts\\mocks\\libs\\math\\SafeMathMock.sol",
        "SafeMathMock",
        0
    ],
    "61199c9773081a019683a0e3dcd6b069": [
        "C:\\Users\\wy\\Desktop\\rag\\dataset\\PolyNetwork20210810\\contracts\\mocks\\libs\\math\\SafeMathMock.sol",
        "SafeMathMock",
        0
    ],
    "8fd56e6be7f6d9035a0f44ad1ecc4d5b": [
        "C:\\Users\\wy\\Desktop\\rag\\dataset\\PolyNetwork20210810\\contracts\\mocks\\libs\\math\\SafeMathMock.sol",
        "SafeMathMock",
        0
    ],
    "a508eeb9ef8b2c8c84f769d07e71f1a8": [
        "C:\\Users\\wy\\Desktop\\rag\\dataset\\PolyNetwork20210810\\contracts\\mocks\\libs\\utils\\UtilsMock.sol",
        "UtilsMock",
        0
    ],
    "d1239e41baafcfd56ea5ea2b2cf0815b": [
        "C:\\Users\\wy\\Desktop\\rag\\dataset\\PolyNetwork20210810\\contracts\\mocks\\libs\\utils\\UtilsMock.sol",
        "UtilsMock",
        0
    ],
    "83c6c24ab07333c856d10188dabc692e": [
        "C:\\Users\\wy\\Desktop\\rag\\dataset\\PolyNetwork20210810\\contracts\\mocks\\libs\\utils\\UtilsMock.sol",
        "UtilsMock",
        0
    ],
    "655c7441b466c7de8e52ccb011756fd8": [
        "C:\\Users\\wy\\Desktop\\rag\\dataset\\PolyNetwork20210810\\contracts\\mocks\\libs\\utils\\UtilsMock.sol",
        "UtilsMock",
        0
    ],
    "724a05716759cf89e347695cb8fbf185": [
        "C:\\Users\\wy\\Desktop\\rag\\dataset\\PolyNetwork20210810\\contracts\\mocks\\libs\\utils\\UtilsMock.sol",
        "UtilsMock",
        0
    ],
    "610803bb78494cd6d34e29fe1f789bfc": [
        "C:\\Users\\wy\\Desktop\\rag\\dataset\\PolyNetwork20210810\\contracts\\mocks\\libs\\utils\\UtilsMock.sol",
        "UtilsMock",
        0
    ],
    "d87979b26732d8ea63f16f2a7fd450da": [
        "C:\\Users\\wy\\Desktop\\rag\\dataset\\PolyNetwork20210810\\contracts\\mocks\\libs\\utils\\UtilsMock.sol",
        "UtilsMock",
        0
    ],
    "f413c00a7672e5ad3ceb322b33a1ef35": [
        "C:\\Users\\wy\\Desktop\\rag\\dataset\\PolyNetwork20210810\\contracts\\mocks\\libs\\utils\\UtilsMock.sol",
        "UtilsMock",
        0
    ],
    "139237984508f350b3fd52b467c61e75": [
        "C:\\Users\\wy\\Desktop\\rag\\dataset\\PolyNetwork20210810\\contracts\\mocks\\libs\\utils\\UtilsMock.sol",
        "UtilsMock",
        0
    ],
    "ff5b302906690284f287403ef1524f75": [
        "C:\\Users\\wy\\Desktop\\rag\\dataset\\PolyNetwork20210810\\contracts\\mocks\\libs\\utils\\UtilsMock.sol",
        "UtilsMock",
        0
    ],
    "790306396d0282a33e112940c0742f11": [
        "C:\\Users\\wy\\Desktop\\rag\\dataset\\PolyNetwork20210810\\contracts\\mocks\\libs\\utils\\UtilsMock.sol",
        "UtilsMock",
        0
    ]
}