{
    "e771f7bfcbdef64fa200dba78b92e15a": [
        "C:\\Users\\wy\\Desktop\\rag\\dataset\\SocketGateway20240117\\WrappedTokenSwapperImpl\\lib\\solmate\\src\\tokens\\ERC20.sol",
        "ERC20",
        0
    ],
    "7b3acb46e2cf14ccb887bceed2fa033f": [
        "C:\\Users\\wy\\Desktop\\rag\\dataset\\SocketGateway20240117\\WrappedTokenSwapperImpl\\lib\\solmate\\src\\tokens\\ERC20.sol",
        "ERC20",
        0
    ],
    "106c99c210292ba876e75685ad2beb0c": [
        "C:\\Users\\wy\\Desktop\\rag\\dataset\\SocketGateway20240117\\WrappedTokenSwapperImpl\\lib\\solmate\\src\\tokens\\ERC20.sol",
        "ERC20",
        0
    ],
    "b5c10215ad4a2be49a33f4e0671d4b41": [
        "C:\\Users\\wy\\Desktop\\rag\\dataset\\SocketGateway20240117\\WrappedTokenSwapperImpl\\lib\\solmate\\src\\tokens\\ERC20.sol",
        "ERC20",
        0
    ],
    "c6cb5ade7e51032a6a9a7020f5de6374": [
        "C:\\Users\\wy\\Desktop\\rag\\dataset\\SocketGateway20240117\\WrappedTokenSwapperImpl\\lib\\solmate\\src\\tokens\\ERC20.sol",
        "ERC20",
        0
    ],
    "97dceeab4fce5e3e779a7620be645c61": [
        "C:\\Users\\wy\\Desktop\\rag\\dataset\\SocketGateway20240117\\WrappedTokenSwapperImpl\\lib\\solmate\\src\\tokens\\ERC20.sol",
        "ERC20",
        0
    ],
    "6ecf20fc0f4f6d64b551f9b1f530f8db": [
        "C:\\Users\\wy\\Desktop\\rag\\dataset\\SocketGateway20240117\\WrappedTokenSwapperImpl\\lib\\solmate\\src\\tokens\\ERC20.sol",
        "ERC20",
        0
    ],
    "2081eef72db704fa8e5fc556fa284f14": [
        "C:\\Users\\wy\\Desktop\\rag\\dataset\\SocketGateway20240117\\WrappedTokenSwapperImpl\\lib\\solmate\\src\\tokens\\ERC20.sol",
        "ERC20",
        0
    ],
    "126f322ef5f6366b860e7937b1b932fc": [
        "C:\\Users\\wy\\Desktop\\rag\\dataset\\SocketGateway20240117\\WrappedTokenSwapperImpl\\lib\\solmate\\src\\tokens\\ERC20.sol",
        "ERC20",
        0
    ],
    "4602f6c8d998e77c75e3fb61e9156848": [
        "C:\\Users\\wy\\Desktop\\rag\\dataset\\SocketGateway20240117\\WrappedTokenSwapperImpl\\lib\\solmate\\src\\utils\\SafeTransferLib.sol",
        "SafeTransferLib",
        0
    ],
    "f59cf721ba6479ab2b5aa8ba2685eff0": [
        "C:\\Users\\wy\\Desktop\\rag\\dataset\\SocketGateway20240117\\WrappedTokenSwapperImpl\\lib\\solmate\\src\\utils\\SafeTransferLib.sol",
        "SafeTransferLib",
        0
    ],
    "053800cc6df34e39a7258d7ef73fb45c": [
        "C:\\Users\\wy\\Desktop\\rag\\dataset\\SocketGateway20240117\\WrappedTokenSwapperImpl\\lib\\solmate\\src\\utils\\SafeTransferLib.sol",
        "SafeTransferLib",
        0
    ],
    "f339137c724d3793fd28f64cd9b5d9bb": [
        "C:\\Users\\wy\\Desktop\\rag\\dataset\\SocketGateway20240117\\WrappedTokenSwapperImpl\\lib\\solmate\\src\\utils\\SafeTransferLib.sol",
        "SafeTransferLib",
        0
    ],
    "3e5130fd5a76008c869f4e470d936b22": [
        "C:\\Users\\wy\\Desktop\\rag\\dataset\\SocketGateway20240117\\WrappedTokenSwapperImpl\\src\\utils\\Ownable.sol",
        "Ownable",
        0
    ],
    "555688ef9e741e6498a76c7e2698e28a": [
        "C:\\Users\\wy\\Desktop\\rag\\dataset\\SocketGateway20240117\\WrappedTokenSwapperImpl\\src\\utils\\Ownable.sol",
        "Ownable",
        0
    ],
    "eb145a22ed2c309a68a83c7cad0f13ee": [
        "C:\\Users\\wy\\Desktop\\rag\\dataset\\SocketGateway20240117\\WrappedTokenSwapperImpl\\src\\utils\\Ownable.sol",
        "Ownable",
        0
    ],
    "bf86ae35154112085ef50a3633fb0d4e": [
        "C:\\Users\\wy\\Desktop\\rag\\dataset\\SocketGateway20240117\\WrappedTokenSwapperImpl\\src\\utils\\Ownable.sol",
        "Ownable",
        0
    ],
    "1ed653036bab5fec61bc7e9e1892484f": [
        "C:\\Users\\wy\\Desktop\\rag\\dataset\\SocketGateway20240117\\WrappedTokenSwapperImpl\\src\\utils\\Ownable.sol",
        "Ownable",
        0
    ],
    "2248bcefea85a402255de2917fe9bfc5": [
        "C:\\Users\\wy\\Desktop\\rag\\dataset\\SocketGateway20240117\\WrappedTokenSwapperImpl\\src\\utils\\Ownable.sol",
        "Ownable",
        0
    ],
    "b9a44c8e413874da0eff71e6b2a9dd66": [
        "C:\\Users\\wy\\Desktop\\rag\\dataset\\SocketGateway20240117\\WrappedTokenSwapperImpl\\src\\utils\\Ownable.sol",
        "Ownable",
        1
    ],
    "373eeb298cfb0d6fbf73fa340aa058bd": [
        "C:\\Users\\wy\\Desktop\\rag\\dataset\\SocketGateway20240117\\WrappedTokenSwapperImpl\\src\\libraries\\LibBytes.sol",
        "LibBytes",
        0
    ],
    "7450b7f4f105d25baa98f28bef14c621": [
        "C:\\Users\\wy\\Desktop\\rag\\dataset\\SocketGateway20240117\\WrappedTokenSwapperImpl\\src\\libraries\\LibBytes.sol",
        "LibBytes",
        0
    ],
    "e66178eeeb60158dbadc92f3dcd5f05a": [
        "C:\\Users\\wy\\Desktop\\rag\\dataset\\SocketGateway20240117\\WrappedTokenSwapperImpl\\src\\libraries\\LibUtil.sol",
        "LibUtil",
        0
    ],
    "aec5dc09bd46d679804e8c9901e6599b": [
        "C:\\Users\\wy\\Desktop\\rag\\dataset\\SocketGateway20240117\\WrappedTokenSwapperImpl\\src\\interfaces\\ISocketRoute.sol",
        "ISocketRoute",
        0
    ],
    "1774a90c507cbe454bd7abcc3a63db8b": [
        "C:\\Users\\wy\\Desktop\\rag\\dataset\\SocketGateway20240117\\WrappedTokenSwapperImpl\\src\\interfaces\\ISocketRoute.sol",
        "ISocketRoute",
        0
    ],
    "c9578e2fe3e064df0fbbaa8cecd4af68": [
        "C:\\Users\\wy\\Desktop\\rag\\dataset\\SocketGateway20240117\\WrappedTokenSwapperImpl\\src\\interfaces\\ISocketRoute.sol",
        "ISocketRoute",
        0
    ],
    "011cf011737d808d4338bbe04f1845e5": [
        "C:\\Users\\wy\\Desktop\\rag\\dataset\\SocketGateway20240117\\WrappedTokenSwapperImpl\\src\\interfaces\\ISocketGateway.sol",
        "ISocketGateway",
        0
    ],
    "ec1a2ce5c12773d532a13b109454c13e": [
        "C:\\Users\\wy\\Desktop\\rag\\dataset\\SocketGateway20240117\\WrappedTokenSwapperImpl\\src\\SocketGateway.sol",
        "SocketGatewayTemplate",
        0
    ],
    "137a8d323f92b8033cee94429818cd51": [
        "C:\\Users\\wy\\Desktop\\rag\\dataset\\SocketGateway20240117\\WrappedTokenSwapperImpl\\src\\SocketGateway.sol",
        "SocketGatewayTemplate",
        0
    ],
    "e39ea25ddb110fbea8c973c57f313f2a": [
        "C:\\Users\\wy\\Desktop\\rag\\dataset\\SocketGateway20240117\\WrappedTokenSwapperImpl\\src\\SocketGateway.sol",
        "SocketGatewayTemplate",
        0
    ],
    "5d062c42ea9d5e80ea5c4ed8cf51fb7e": [
        "C:\\Users\\wy\\Desktop\\rag\\dataset\\SocketGateway20240117\\WrappedTokenSwapperImpl\\src\\SocketGateway.sol",
        "SocketGatewayTemplate",
        0
    ],
    "5ac3f05e7aed93cf759b5f6135607f60": [
        "C:\\Users\\wy\\Desktop\\rag\\dataset\\SocketGateway20240117\\WrappedTokenSwapperImpl\\src\\SocketGateway.sol",
        "SocketGatewayTemplate",
        0
    ],
    "ad2e0c548055c4974dbfccfbe93db428": [
        "C:\\Users\\wy\\Desktop\\rag\\dataset\\SocketGateway20240117\\WrappedTokenSwapperImpl\\src\\SocketGateway.sol",
        "SocketGatewayTemplate",
        0
    ],
    "41197b5709ee7255064a19b9770d7234": [
        "C:\\Users\\wy\\Desktop\\rag\\dataset\\SocketGateway20240117\\WrappedTokenSwapperImpl\\src\\SocketGateway.sol",
        "SocketGatewayTemplate",
        0
    ],
    "c936711230da894f0bbc7e2e15cbb041": [
        "C:\\Users\\wy\\Desktop\\rag\\dataset\\SocketGateway20240117\\WrappedTokenSwapperImpl\\src\\SocketGateway.sol",
        "SocketGatewayTemplate",
        0
    ],
    "c638590121a18937bf33944aacc21c3d": [
        "C:\\Users\\wy\\Desktop\\rag\\dataset\\SocketGateway20240117\\WrappedTokenSwapperImpl\\src\\SocketGateway.sol",
        "SocketGatewayTemplate",
        0
    ],
    "80555ece14f6be7f44af7b13a96095d3": [
        "C:\\Users\\wy\\Desktop\\rag\\dataset\\SocketGateway20240117\\WrappedTokenSwapperImpl\\src\\SocketGateway.sol",
        "SocketGatewayTemplate",
        0
    ],
    "3308e367f23a28f8592b08431973ca36": [
        "C:\\Users\\wy\\Desktop\\rag\\dataset\\SocketGateway20240117\\WrappedTokenSwapperImpl\\src\\SocketGateway.sol",
        "SocketGatewayTemplate",
        0
    ],
    "3944a5c52501dcdae998b37b0a15b246": [
        "C:\\Users\\wy\\Desktop\\rag\\dataset\\SocketGateway20240117\\WrappedTokenSwapperImpl\\src\\SocketGateway.sol",
        "SocketGatewayTemplate",
        0
    ],
    "b68d68f22645125c8e97d3d732b95cf4": [
        "C:\\Users\\wy\\Desktop\\rag\\dataset\\SocketGateway20240117\\WrappedTokenSwapperImpl\\src\\SocketGateway.sol",
        "SocketGatewayTemplate",
        0
    ],
    "db9ef23f7916b8af775666b8a0fbf4c3": [
        "C:\\Users\\wy\\Desktop\\rag\\dataset\\SocketGateway20240117\\WrappedTokenSwapperImpl\\src\\SocketGateway.sol",
        "SocketGatewayTemplate",
        0
    ],
    "429e76f4283b96bffdb2b1e48272dde0": [
        "C:\\Users\\wy\\Desktop\\rag\\dataset\\SocketGateway20240117\\WrappedTokenSwapperImpl\\src\\SocketGateway.sol",
        "SocketGatewayTemplate",
        0
    ],
    "cc5cddde7baaa41ff4ccde27853717cf": [
        "C:\\Users\\wy\\Desktop\\rag\\dataset\\SocketGateway20240117\\WrappedTokenSwapperImpl\\src\\SocketGateway.sol",
        "SocketGatewayTemplate",
        0
    ],
    "65c487afa36c88facf501101efc18c7b": [
        "C:\\Users\\wy\\Desktop\\rag\\dataset\\SocketGateway20240117\\WrappedTokenSwapperImpl\\src\\SocketGatewayDeployment.sol",
        "SocketGateway",
        0
    ],
    "31bc2211856c3e3aa5f60b7bb624c94a": [
        "C:\\Users\\wy\\Desktop\\rag\\dataset\\SocketGateway20240117\\WrappedTokenSwapperImpl\\src\\bridges\\BridgeImplBase.sol",
        "BridgeImplBase",
        0
    ],
    "02e107ecb0c9ea6ada50044814046384": [
        "C:\\Users\\wy\\Desktop\\rag\\dataset\\SocketGateway20240117\\WrappedTokenSwapperImpl\\src\\bridges\\BridgeImplBase.sol",
        "BridgeImplBase",
        0
    ],
    "e5e97c022cce385ddc83284823e2fc84": [
        "C:\\Users\\wy\\Desktop\\rag\\dataset\\SocketGateway20240117\\WrappedTokenSwapperImpl\\src\\bridges\\BridgeImplBase.sol",
        "BridgeImplBase",
        0
    ],
    "6bfeae689aae3f966c3858ae3ce8d128": [
        "C:\\Users\\wy\\Desktop\\rag\\dataset\\SocketGateway20240117\\WrappedTokenSwapperImpl\\src\\bridges\\BridgeImplBase.sol",
        "BridgeImplBase",
        0
    ],
    "edc451cc088239c9a3213155ec8b8318": [
        "C:\\Users\\wy\\Desktop\\rag\\dataset\\SocketGateway20240117\\WrappedTokenSwapperImpl\\src\\bridges\\BridgeImplBase.sol",
        "BridgeImplBase",
        0
    ],
    "6aa94456738d60c2daad284eb4ea5c71": [
        "C:\\Users\\wy\\Desktop\\rag\\dataset\\SocketGateway20240117\\WrappedTokenSwapperImpl\\src\\bridges\\BridgeImplBase.sol",
        "BridgeImplBase",
        1
    ],
    "d15527a663ef4e0be07e4787f91e7eef": [
        "C:\\Users\\wy\\Desktop\\rag\\dataset\\SocketGateway20240117\\WrappedTokenSwapperImpl\\src\\bridges\\BridgeImplBase.sol",
        "BridgeImplBase",
        1
    ],
    "4a33f226c84a0018cc0db4eb148faf77": [
        "C:\\Users\\wy\\Desktop\\rag\\dataset\\SocketGateway20240117\\WrappedTokenSwapperImpl\\src\\bridges\\across\\interfaces\\across.sol",
        "SpokePool",
        0
    ],
    "8414a822158333e3194b620aa94369c0": [
        "C:\\Users\\wy\\Desktop\\rag\\dataset\\SocketGateway20240117\\WrappedTokenSwapperImpl\\src\\bridges\\across\\Across.sol",
        "AcrossImpl",
        0
    ],
    "6009cf94710cbcfce422916931620871": [
        "C:\\Users\\wy\\Desktop\\rag\\dataset\\SocketGateway20240117\\WrappedTokenSwapperImpl\\src\\bridges\\across\\Across.sol",
        "AcrossImpl",
        0
    ],
    "4e5a8d67e72d3d8b07d815b3f714a95f": [
        "C:\\Users\\wy\\Desktop\\rag\\dataset\\SocketGateway20240117\\WrappedTokenSwapperImpl\\src\\bridges\\across\\Across.sol",
        "AcrossImpl",
        0
    ],
    "b04a8da91d2281bb7af2a27f5b64f051": [
        "C:\\Users\\wy\\Desktop\\rag\\dataset\\SocketGateway20240117\\WrappedTokenSwapperImpl\\src\\bridges\\across\\Across.sol",
        "AcrossImpl",
        0
    ],
    "4c4b695c50696fe13af52ff252fa9ca9": [
        "C:\\Users\\wy\\Desktop\\rag\\dataset\\SocketGateway20240117\\WrappedTokenSwapperImpl\\src\\bridges\\across\\Across.sol",
        "AcrossImpl",
        0
    ],
    "aa14fcb54ca5f49ead9c1dfb8b67b621": [
        "C:\\Users\\wy\\Desktop\\rag\\dataset\\SocketGateway20240117\\WrappedTokenSwapperImpl\\src\\bridges\\anyswap-router-v4\\l1\\Anyswap.sol",
        "AnyswapV4Router",
        0
    ],
    "53d15853ecb9875cfc5d51d994780025": [
        "C:\\Users\\wy\\Desktop\\rag\\dataset\\SocketGateway20240117\\WrappedTokenSwapperImpl\\src\\bridges\\anyswap-router-v4\\l1\\Anyswap.sol",
        "AnyswapImplL1",
        0
    ],
    "17816fc07bc07b9ef54a129a4d0c8f08": [
        "C:\\Users\\wy\\Desktop\\rag\\dataset\\SocketGateway20240117\\WrappedTokenSwapperImpl\\src\\bridges\\anyswap-router-v4\\l1\\Anyswap.sol",
        "AnyswapImplL1",
        0
    ],
    "bca7a26151bb86ab195d212a21e826c0": [
        "C:\\Users\\wy\\Desktop\\rag\\dataset\\SocketGateway20240117\\WrappedTokenSwapperImpl\\src\\bridges\\anyswap-router-v4\\l1\\Anyswap.sol",
        "AnyswapImplL1",
        0
    ],
    "e136c383bcf6dae05777aaa24939990e": [
        "C:\\Users\\wy\\Desktop\\rag\\dataset\\SocketGateway20240117\\WrappedTokenSwapperImpl\\src\\bridges\\anyswap-router-v4\\l1\\Anyswap.sol",
        "AnyswapImplL1",
        0
    ],
    "4125d2e8e64d49645ee3798601db9e6e": [
        "C:\\Users\\wy\\Desktop\\rag\\dataset\\SocketGateway20240117\\WrappedTokenSwapperImpl\\src\\bridges\\anyswap-router-v4\\l2\\Anyswap.sol",
        "AnyswapL2Impl",
        0
    ],
    "c60734af69ef6d3c6d8ff91508aa1569": [
        "C:\\Users\\wy\\Desktop\\rag\\dataset\\SocketGateway20240117\\WrappedTokenSwapperImpl\\src\\bridges\\anyswap-router-v4\\l2\\Anyswap.sol",
        "AnyswapL2Impl",
        0
    ],
    "68f6c25321b6151d238902e4cf1f8469": [
        "C:\\Users\\wy\\Desktop\\rag\\dataset\\SocketGateway20240117\\WrappedTokenSwapperImpl\\src\\bridges\\anyswap-router-v4\\l2\\Anyswap.sol",
        "AnyswapL2Impl",
        0
    ],
    "2e9529288d1c2a4d72127af0652946a1": [
        "C:\\Users\\wy\\Desktop\\rag\\dataset\\SocketGateway20240117\\WrappedTokenSwapperImpl\\src\\bridges\\anyswap-router-v6\\AnyswapV6.sol",
        "AnyswapV6Router",
        0
    ],
    "730b88cc445ad6242f882f2df7f1da98": [
        "C:\\Users\\wy\\Desktop\\rag\\dataset\\SocketGateway20240117\\WrappedTokenSwapperImpl\\src\\bridges\\anyswap-router-v6\\AnyswapV6.sol",
        "AnyswapV6L2Impl",
        0
    ],
    "211813dcc934eedaf24e310607dae727": [
        "C:\\Users\\wy\\Desktop\\rag\\dataset\\SocketGateway20240117\\WrappedTokenSwapperImpl\\src\\bridges\\anyswap-router-v6\\AnyswapV6.sol",
        "AnyswapV6L2Impl",
        0
    ],
    "261eb5b629a74632078f027d9e039c56": [
        "C:\\Users\\wy\\Desktop\\rag\\dataset\\SocketGateway20240117\\WrappedTokenSwapperImpl\\src\\bridges\\anyswap-router-v6\\AnyswapV6.sol",
        "AnyswapV6L2Impl",
        0
    ],
    "b5c5d5a339d6ce4fbd0cef2831bb32b4": [
        "C:\\Users\\wy\\Desktop\\rag\\dataset\\SocketGateway20240117\\WrappedTokenSwapperImpl\\src\\bridges\\anyswap-router-v6\\AnyswapV6.sol",
        "AnyswapV6L2Impl",
        0
    ],
    "c82cc672b956258ce58272e79c0e8251": [
        "C:\\Users\\wy\\Desktop\\rag\\dataset\\SocketGateway20240117\\WrappedTokenSwapperImpl\\src\\bridges\\anyswap-router-v6\\AnyswapV6.sol",
        "AnyswapV6L2Impl",
        0
    ],
    "e9ebba6d3f34619a70d5327037014a3b": [
        "C:\\Users\\wy\\Desktop\\rag\\dataset\\SocketGateway20240117\\WrappedTokenSwapperImpl\\src\\bridges\\arbitrum\\interfaces\\arbitrum.sol",
        "L1GatewayRouter",
        0
    ],
    "e91b8363c20d9dbb1d54d068850d38d6": [
        "C:\\Users\\wy\\Desktop\\rag\\dataset\\SocketGateway20240117\\WrappedTokenSwapperImpl\\src\\bridges\\arbitrum\\l1\\NativeArbitrum.sol",
        "NativeArbitrumImpl",
        0
    ],
    "125b8c67787a0b776274c9bc9a2773a9": [
        "C:\\Users\\wy\\Desktop\\rag\\dataset\\SocketGateway20240117\\WrappedTokenSwapperImpl\\src\\bridges\\arbitrum\\l1\\NativeArbitrum.sol",
        "NativeArbitrumImpl",
        0
    ],
    "d806e35f276b13e1da73e45f3bc64ec8": [
        "C:\\Users\\wy\\Desktop\\rag\\dataset\\SocketGateway20240117\\WrappedTokenSwapperImpl\\src\\bridges\\arbitrum\\l1\\NativeArbitrum.sol",
        "NativeArbitrumImpl",
        0
    ],
    "e3d292fa0672a3270345923f0778c4fe": [
        "C:\\Users\\wy\\Desktop\\rag\\dataset\\SocketGateway20240117\\WrappedTokenSwapperImpl\\src\\bridges\\arbitrum\\l1\\NativeArbitrum.sol",
        "NativeArbitrumImpl",
        0
    ],
    "134a077a080f080f723fbcb737b91817": [
        "C:\\Users\\wy\\Desktop\\rag\\dataset\\SocketGateway20240117\\WrappedTokenSwapperImpl\\src\\libraries\\Pb.sol",
        "Pb",
        0
    ],
    "002ffbe571d1888c9db7b7c0fe2cd99d": [
        "C:\\Users\\wy\\Desktop\\rag\\dataset\\SocketGateway20240117\\WrappedTokenSwapperImpl\\src\\libraries\\Pb.sol",
        "Pb",
        0
    ],
    "5cfbc2577183db7ac1f84991694f8d90": [
        "C:\\Users\\wy\\Desktop\\rag\\dataset\\SocketGateway20240117\\WrappedTokenSwapperImpl\\src\\libraries\\Pb.sol",
        "Pb",
        0
    ],
    "ac71d3cc354aba0df9ecb20a3ca60b0c": [
        "C:\\Users\\wy\\Desktop\\rag\\dataset\\SocketGateway20240117\\WrappedTokenSwapperImpl\\src\\libraries\\Pb.sol",
        "Pb",
        0
    ],
    "4b5a86ae819bdb176cb63d49f2f12da2": [
        "C:\\Users\\wy\\Desktop\\rag\\dataset\\SocketGateway20240117\\WrappedTokenSwapperImpl\\src\\libraries\\Pb.sol",
        "Pb",
        0
    ],
    "a4b3af459ab4233b61fad440aa6229d8": [
        "C:\\Users\\wy\\Desktop\\rag\\dataset\\SocketGateway20240117\\WrappedTokenSwapperImpl\\src\\libraries\\Pb.sol",
        "Pb",
        0
    ],
    "1c9557021bb3469171d6987d47ce84a0": [
        "C:\\Users\\wy\\Desktop\\rag\\dataset\\SocketGateway20240117\\WrappedTokenSwapperImpl\\src\\libraries\\Pb.sol",
        "Pb",
        0
    ],
    "ba826aa4fec4b34f115fecc3f7e73086": [
        "C:\\Users\\wy\\Desktop\\rag\\dataset\\SocketGateway20240117\\WrappedTokenSwapperImpl\\src\\libraries\\Pb.sol",
        "Pb",
        0
    ],
    "a4ff8d7d83354e046d22a2f907093f2e": [
        "C:\\Users\\wy\\Desktop\\rag\\dataset\\SocketGateway20240117\\WrappedTokenSwapperImpl\\src\\libraries\\Pb.sol",
        "Pb",
        0
    ],
    "7e1473695696307c4094a31343f85c29": [
        "C:\\Users\\wy\\Desktop\\rag\\dataset\\SocketGateway20240117\\WrappedTokenSwapperImpl\\src\\libraries\\Pb.sol",
        "Pb",
        0
    ],
    "ef4184daf6b77d6f4c27869b2172a81f": [
        "C:\\Users\\wy\\Desktop\\rag\\dataset\\SocketGateway20240117\\WrappedTokenSwapperImpl\\src\\bridges\\cbridge\\interfaces\\cbridge.sol",
        "ICBridge",
        0
    ],
    "615dcbeb31338955d0d5ed133408e02a": [
        "C:\\Users\\wy\\Desktop\\rag\\dataset\\SocketGateway20240117\\WrappedTokenSwapperImpl\\src\\bridges\\cbridge\\interfaces\\cbridge.sol",
        "ICBridge",
        0
    ],
    "84f16d6d3d854ca77571ad7b6e211ef7": [
        "C:\\Users\\wy\\Desktop\\rag\\dataset\\SocketGateway20240117\\WrappedTokenSwapperImpl\\src\\bridges\\cbridge\\interfaces\\cbridge.sol",
        "ICBridge",
        0
    ],
    "ade427e890d369b006d37e8f3b63fc5f": [
        "C:\\Users\\wy\\Desktop\\rag\\dataset\\SocketGateway20240117\\WrappedTokenSwapperImpl\\src\\bridges\\cbridge\\interfaces\\cbridge.sol",
        "ICBridge",
        0
    ],
    "6f2cd33bbecfab95376085358c737095": [
        "C:\\Users\\wy\\Desktop\\rag\\dataset\\SocketGateway20240117\\WrappedTokenSwapperImpl\\src\\bridges\\cbridge\\interfaces\\ICelerStorageWrapper.sol",
        "ICelerStorageWrapper",
        0
    ],
    "27a177f7509bb250fa2e2805a40ef956": [
        "C:\\Users\\wy\\Desktop\\rag\\dataset\\SocketGateway20240117\\WrappedTokenSwapperImpl\\src\\bridges\\cbridge\\interfaces\\ICelerStorageWrapper.sol",
        "ICelerStorageWrapper",
        0
    ],
    "d02fe0c2b6e2e4e95e0d0044c3ed0328": [
        "C:\\Users\\wy\\Desktop\\rag\\dataset\\SocketGateway20240117\\WrappedTokenSwapperImpl\\src\\bridges\\cbridge\\interfaces\\ICelerStorageWrapper.sol",
        "ICelerStorageWrapper",
        0
    ],
    "5d48b309550b613849445af3a8cde2a9": [
        "C:\\Users\\wy\\Desktop\\rag\\dataset\\SocketGateway20240117\\WrappedTokenSwapperImpl\\src\\bridges\\cbridge\\CelerImpl.sol",
        "CelerImpl",
        0
    ],
    "3d7e15291c841ca9990ea15c9f1b86aa": [
        "C:\\Users\\wy\\Desktop\\rag\\dataset\\SocketGateway20240117\\WrappedTokenSwapperImpl\\src\\bridges\\cbridge\\CelerImpl.sol",
        "CelerImpl",
        0
    ],
    "bc8b4b32643f9351d2375bd526ba805d": [
        "C:\\Users\\wy\\Desktop\\rag\\dataset\\SocketGateway20240117\\WrappedTokenSwapperImpl\\src\\bridges\\cbridge\\CelerImpl.sol",
        "CelerImpl",
        0
    ],
    "486bffd8e254b78b37c1e15189b39221": [
        "C:\\Users\\wy\\Desktop\\rag\\dataset\\SocketGateway20240117\\WrappedTokenSwapperImpl\\src\\bridges\\cbridge\\CelerImpl.sol",
        "CelerImpl",
        0
    ],
    "b062920321bc01dee833edc844f80c8d": [
        "C:\\Users\\wy\\Desktop\\rag\\dataset\\SocketGateway20240117\\WrappedTokenSwapperImpl\\src\\bridges\\cbridge\\CelerImpl.sol",
        "CelerImpl",
        0
    ],
    "34d81f6a598d74899cdaec6b6b372987": [
        "C:\\Users\\wy\\Desktop\\rag\\dataset\\SocketGateway20240117\\WrappedTokenSwapperImpl\\src\\bridges\\cbridge\\CelerImpl.sol",
        "CelerImpl",
        0
    ],
    "4d9d059bc49a120e0ebe4387b73aff27": [
        "C:\\Users\\wy\\Desktop\\rag\\dataset\\SocketGateway20240117\\WrappedTokenSwapperImpl\\src\\bridges\\cbridge\\CelerImpl.sol",
        "CelerImpl",
        0
    ],
    "a56e3cfd370ad006336a5dfb421bb632": [
        "C:\\Users\\wy\\Desktop\\rag\\dataset\\SocketGateway20240117\\WrappedTokenSwapperImpl\\src\\bridges\\cbridge\\CelerImplV2.sol",
        "CelerV2Impl",
        0
    ],
    "00f41a27dc26bc726cf00dd2f0f303e5": [
        "C:\\Users\\wy\\Desktop\\rag\\dataset\\SocketGateway20240117\\WrappedTokenSwapperImpl\\src\\bridges\\cbridge\\CelerImplV2.sol",
        "CelerV2Impl",
        0
    ],
    "072812a4414ff6957d780364b75f47be": [
        "C:\\Users\\wy\\Desktop\\rag\\dataset\\SocketGateway20240117\\WrappedTokenSwapperImpl\\src\\bridges\\cbridge\\CelerImplV2.sol",
        "CelerV2Impl",
        0
    ],
    "a4f6c6d6b50c9edbec2a0fa9bcf89b43": [
        "C:\\Users\\wy\\Desktop\\rag\\dataset\\SocketGateway20240117\\WrappedTokenSwapperImpl\\src\\bridges\\cbridge\\CelerImplV2.sol",
        "CelerV2Impl",
        0
    ],
    "6e930709f5424cbd4996430edac37547": [
        "C:\\Users\\wy\\Desktop\\rag\\dataset\\SocketGateway20240117\\WrappedTokenSwapperImpl\\src\\bridges\\cbridge\\CelerImplV2.sol",
        "CelerV2Impl",
        0
    ],
    "218342c6acf7b94b199725d1f8be140b": [
        "C:\\Users\\wy\\Desktop\\rag\\dataset\\SocketGateway20240117\\WrappedTokenSwapperImpl\\src\\bridges\\cbridge\\CelerImplV2.sol",
        "CelerV2Impl",
        0
    ],
    "8e09a165dd0c4bee1e5ad633fdff99ea": [
        "C:\\Users\\wy\\Desktop\\rag\\dataset\\SocketGateway20240117\\WrappedTokenSwapperImpl\\src\\bridges\\cbridge\\CelerStorageWrapper.sol",
        "CelerStorageWrapper",
        0
    ],
    "195fc10959aef4655488d393103e87d8": [
        "C:\\Users\\wy\\Desktop\\rag\\dataset\\SocketGateway20240117\\WrappedTokenSwapperImpl\\src\\bridges\\cbridge\\CelerStorageWrapper.sol",
        "CelerStorageWrapper",
        0
    ],
    "d55940d6d4b8e79b6e1a6f1299576911": [
        "C:\\Users\\wy\\Desktop\\rag\\dataset\\SocketGateway20240117\\WrappedTokenSwapperImpl\\src\\bridges\\cbridge\\CelerStorageWrapper.sol",
        "CelerStorageWrapper",
        0
    ],
    "10f4e2d8e14614555002e1546ef0c2fd": [
        "C:\\Users\\wy\\Desktop\\rag\\dataset\\SocketGateway20240117\\WrappedTokenSwapperImpl\\src\\bridges\\cbridge\\CelerStorageWrapper.sol",
        "CelerStorageWrapper",
        0
    ],
    "180fb26590b175bfde82ccf2eded48a7": [
        "C:\\Users\\wy\\Desktop\\rag\\dataset\\SocketGateway20240117\\WrappedTokenSwapperImpl\\src\\bridges\\cctp\\interfaces\\cctp.sol",
        "TokenMessenger",
        0
    ],
    "4ea78679d7bbf7f06979f7837e935141": [
        "C:\\Users\\wy\\Desktop\\rag\\dataset\\SocketGateway20240117\\WrappedTokenSwapperImpl\\src\\bridges\\cctp\\Cctp.sol",
        "CctpImpl",
        0
    ],
    "52dde9a34303cd48aebc80cca44097cb": [
        "C:\\Users\\wy\\Desktop\\rag\\dataset\\SocketGateway20240117\\WrappedTokenSwapperImpl\\src\\bridges\\cctp\\Cctp.sol",
        "CctpImpl",
        0
    ],
    "9ef15d7dc585999e18eda15b73c00eee": [
        "C:\\Users\\wy\\Desktop\\rag\\dataset\\SocketGateway20240117\\WrappedTokenSwapperImpl\\src\\bridges\\cctp\\Cctp.sol",
        "CctpImpl",
        0
    ],
    "a5e3f736e805072c6f9a67646739f310": [
        "C:\\Users\\wy\\Desktop\\rag\\dataset\\SocketGateway20240117\\WrappedTokenSwapperImpl\\src\\bridges\\cctp\\Cctp.sol",
        "CctpImpl",
        0
    ],
    "6344334419fba37b28b6ef285cb2107a": [
        "C:\\Users\\wy\\Desktop\\rag\\dataset\\SocketGateway20240117\\WrappedTokenSwapperImpl\\src\\bridges\\connnext\\Connext.sol",
        "IConnextHandler",
        0
    ],
    "5ea1740ecac663dd84298c27b01c68d6": [
        "C:\\Users\\wy\\Desktop\\rag\\dataset\\SocketGateway20240117\\WrappedTokenSwapperImpl\\src\\bridges\\connnext\\Connext.sol",
        "IConnextHandler",
        0
    ],
    "4f2eec90abd519258d97a4283a54e2f1": [
        "C:\\Users\\wy\\Desktop\\rag\\dataset\\SocketGateway20240117\\WrappedTokenSwapperImpl\\src\\bridges\\connnext\\Connext.sol",
        "WETH",
        0
    ],
    "f09d950f2fd4104a0314ebec66fcf16d": [
        "C:\\Users\\wy\\Desktop\\rag\\dataset\\SocketGateway20240117\\WrappedTokenSwapperImpl\\src\\bridges\\connnext\\Connext.sol",
        "ConnextImpl",
        0
    ],
    "d0ce79b07aaeb5215d8e0d54c0b3bbcb": [
        "C:\\Users\\wy\\Desktop\\rag\\dataset\\SocketGateway20240117\\WrappedTokenSwapperImpl\\src\\bridges\\connnext\\Connext.sol",
        "ConnextImpl",
        0
    ],
    "1d86077427386f95d0669923c1cc72e2": [
        "C:\\Users\\wy\\Desktop\\rag\\dataset\\SocketGateway20240117\\WrappedTokenSwapperImpl\\src\\bridges\\connnext\\Connext.sol",
        "ConnextImpl",
        0
    ],
    "afdb611358e3f74477a13a9a59c23879": [
        "C:\\Users\\wy\\Desktop\\rag\\dataset\\SocketGateway20240117\\WrappedTokenSwapperImpl\\src\\bridges\\connnext\\Connext.sol",
        "ConnextImpl",
        0
    ],
    "7e0e31bb19cb45a82a78e08298f22048": [
        "C:\\Users\\wy\\Desktop\\rag\\dataset\\SocketGateway20240117\\WrappedTokenSwapperImpl\\src\\bridges\\connnext\\Connext.sol",
        "ConnextImpl",
        0
    ],
    "e753db4bd9382724bdc657f70ecbe2db": [
        "C:\\Users\\wy\\Desktop\\rag\\dataset\\SocketGateway20240117\\WrappedTokenSwapperImpl\\src\\bridges\\gnosis-native\\interfaces\\gnosisBirdge.sol",
        "IGnosisXdaiBridge",
        0
    ],
    "0783a740041ca27e5f5c93cfc639d36f": [
        "C:\\Users\\wy\\Desktop\\rag\\dataset\\SocketGateway20240117\\WrappedTokenSwapperImpl\\src\\bridges\\gnosis-native\\interfaces\\gnosisBirdge.sol",
        "IGnosisOmniBridge",
        0
    ],
    "3892832e32536b71cf5ced2d60ee35b4": [
        "C:\\Users\\wy\\Desktop\\rag\\dataset\\SocketGateway20240117\\WrappedTokenSwapperImpl\\src\\bridges\\gnosis-native\\interfaces\\gnosisBirdge.sol",
        "IGnosisWethOmniBridgeHelper",
        0
    ],
    "1f0c8e4ac5d61ad00bbee1e3cbf3ee54": [
        "C:\\Users\\wy\\Desktop\\rag\\dataset\\SocketGateway20240117\\WrappedTokenSwapperImpl\\src\\bridges\\gnosis-native\\gnosisNativeImpl.sol",
        "GnosisNativeBridgeImpl",
        0
    ],
    "e1818f17f6dbf7975f29fa72cf13bbd8": [
        "C:\\Users\\wy\\Desktop\\rag\\dataset\\SocketGateway20240117\\WrappedTokenSwapperImpl\\src\\bridges\\gnosis-native\\gnosisNativeImpl.sol",
        "GnosisNativeBridgeImpl",
        0
    ],
    "cfc0c614b09dd6c94b91f9455ad2c197": [
        "C:\\Users\\wy\\Desktop\\rag\\dataset\\SocketGateway20240117\\WrappedTokenSwapperImpl\\src\\bridges\\gnosis-native\\gnosisNativeImpl.sol",
        "GnosisNativeBridgeImpl",
        0
    ],
    "1d3e70e07932f4cf47c4ec4fa198ecbb": [
        "C:\\Users\\wy\\Desktop\\rag\\dataset\\SocketGateway20240117\\WrappedTokenSwapperImpl\\src\\bridges\\gnosis-native\\gnosisNativeImpl.sol",
        "GnosisNativeBridgeImpl",
        0
    ],
    "09f8e32473180174305b84ab0df6e0dd": [
        "C:\\Users\\wy\\Desktop\\rag\\dataset\\SocketGateway20240117\\WrappedTokenSwapperImpl\\src\\bridges\\gnosis-native\\gnosisNativeImpl.sol",
        "GnosisNativeBridgeImpl",
        0
    ],
    "25d6f6b7e7df5922669bf059bac52a21": [
        "C:\\Users\\wy\\Desktop\\rag\\dataset\\SocketGateway20240117\\WrappedTokenSwapperImpl\\src\\bridges\\hop\\interfaces\\amm.sol",
        "HopAMM",
        0
    ],
    "7a584294e489ad9347e46e7bfcf4fc46": [
        "C:\\Users\\wy\\Desktop\\rag\\dataset\\SocketGateway20240117\\WrappedTokenSwapperImpl\\src\\bridges\\hop\\interfaces\\IHopL1Bridge.sol",
        "IHopL1Bridge",
        0
    ],
    "c540f7904a2cec173bc26e32b01f2e6a": [
        "C:\\Users\\wy\\Desktop\\rag\\dataset\\SocketGateway20240117\\WrappedTokenSwapperImpl\\src\\bridges\\hop\\l1\\HopImplL1.sol",
        "HopImplL1",
        0
    ],
    "ea4ba009e57ee70a28e3a9cb16aea6d7": [
        "C:\\Users\\wy\\Desktop\\rag\\dataset\\SocketGateway20240117\\WrappedTokenSwapperImpl\\src\\bridges\\hop\\l1\\HopImplL1.sol",
        "HopImplL1",
        0
    ],
    "97dff755fbc01b791420c3a2f45cec8d": [
        "C:\\Users\\wy\\Desktop\\rag\\dataset\\SocketGateway20240117\\WrappedTokenSwapperImpl\\src\\bridges\\hop\\l1\\HopImplL1.sol",
        "HopImplL1",
        0
    ],
    "9dd89ad9e22b2028e81c5f07163019ac": [
        "C:\\Users\\wy\\Desktop\\rag\\dataset\\SocketGateway20240117\\WrappedTokenSwapperImpl\\src\\bridges\\hop\\l1\\HopImplL1.sol",
        "HopImplL1",
        0
    ],
    "20633fdf1c02bb369f566271d738af5d": [
        "C:\\Users\\wy\\Desktop\\rag\\dataset\\SocketGateway20240117\\WrappedTokenSwapperImpl\\src\\bridges\\hop\\l1\\HopImplL1.sol",
        "HopImplL1",
        0
    ],
    "e89b4b3be1a86dce315a64ba87f1936f": [
        "C:\\Users\\wy\\Desktop\\rag\\dataset\\SocketGateway20240117\\WrappedTokenSwapperImpl\\src\\bridges\\hop\\l1\\HopImplL1V2.sol",
        "HopImplL1V2",
        0
    ],
    "bbca072ebfcce8bb9707267244f51f1a": [
        "C:\\Users\\wy\\Desktop\\rag\\dataset\\SocketGateway20240117\\WrappedTokenSwapperImpl\\src\\bridges\\hop\\l1\\HopImplL1V2.sol",
        "HopImplL1V2",
        0
    ],
    "4f439a517ddfbb4d956faf8f5509111b": [
        "C:\\Users\\wy\\Desktop\\rag\\dataset\\SocketGateway20240117\\WrappedTokenSwapperImpl\\src\\bridges\\hop\\l2\\HopImplL2.sol",
        "HopImplL2",
        0
    ],
    "2a2d38bd41184e351834642e31ace454": [
        "C:\\Users\\wy\\Desktop\\rag\\dataset\\SocketGateway20240117\\WrappedTokenSwapperImpl\\src\\bridges\\hop\\l2\\HopImplL2.sol",
        "HopImplL2",
        0
    ],
    "c6698fe25ef9ed50bbb71fd644ec780c": [
        "C:\\Users\\wy\\Desktop\\rag\\dataset\\SocketGateway20240117\\WrappedTokenSwapperImpl\\src\\bridges\\hop\\l2\\HopImplL2.sol",
        "HopImplL2",
        0
    ],
    "25f972b784b2762134e2f6b2aa825fc6": [
        "C:\\Users\\wy\\Desktop\\rag\\dataset\\SocketGateway20240117\\WrappedTokenSwapperImpl\\src\\bridges\\hop\\l2\\HopImplL2.sol",
        "HopImplL2",
        0
    ],
    "6625857bada6baaecdd1afa4d45a4fb3": [
        "C:\\Users\\wy\\Desktop\\rag\\dataset\\SocketGateway20240117\\WrappedTokenSwapperImpl\\src\\bridges\\hop\\l2\\HopImplL2V2.sol",
        "HopImplL2V2",
        0
    ],
    "58ed88ee2dfa97d145eb3498c98c9fe3": [
        "C:\\Users\\wy\\Desktop\\rag\\dataset\\SocketGateway20240117\\WrappedTokenSwapperImpl\\src\\bridges\\hop\\l2\\HopImplL2V2.sol",
        "HopImplL2V2",
        0
    ],
    "bf3de90a0bc2504329af942c29c12d01": [
        "C:\\Users\\wy\\Desktop\\rag\\dataset\\SocketGateway20240117\\WrappedTokenSwapperImpl\\src\\bridges\\hop\\l2\\HopImplL2V2.sol",
        "HopImplL2V2",
        0
    ],
    "9cea44f76064353cd01b05f243a75867": [
        "C:\\Users\\wy\\Desktop\\rag\\dataset\\SocketGateway20240117\\WrappedTokenSwapperImpl\\src\\bridges\\hop\\l2\\HopImplL2V2.sol",
        "HopImplL2V2",
        0
    ],
    "734abbc1500808f24e8e894ae1bd4e81": [
        "C:\\Users\\wy\\Desktop\\rag\\dataset\\SocketGateway20240117\\WrappedTokenSwapperImpl\\src\\bridges\\hyphen\\interfaces\\hyphen.sol",
        "HyphenLiquidityPoolManager",
        0
    ],
    "acb79eace2626cfd361acf987136c571": [
        "C:\\Users\\wy\\Desktop\\rag\\dataset\\SocketGateway20240117\\WrappedTokenSwapperImpl\\src\\bridges\\hyphen\\interfaces\\hyphen.sol",
        "HyphenLiquidityPoolManager",
        0
    ],
    "888cb39a8bdbb04ebb54ac9395170498": [
        "C:\\Users\\wy\\Desktop\\rag\\dataset\\SocketGateway20240117\\WrappedTokenSwapperImpl\\src\\bridges\\hyphen\\Hyphen.sol",
        "HyphenImpl",
        0
    ],
    "3358335220eb1fa99e9c54f7a550cdae": [
        "C:\\Users\\wy\\Desktop\\rag\\dataset\\SocketGateway20240117\\WrappedTokenSwapperImpl\\src\\bridges\\hyphen\\Hyphen.sol",
        "HyphenImpl",
        0
    ],
    "9ef24c8d275c178c6010a31c93277856": [
        "C:\\Users\\wy\\Desktop\\rag\\dataset\\SocketGateway20240117\\WrappedTokenSwapperImpl\\src\\bridges\\hyphen\\Hyphen.sol",
        "HyphenImpl",
        0
    ],
    "672b01f0c06df604f0518d0312f0e73f": [
        "C:\\Users\\wy\\Desktop\\rag\\dataset\\SocketGateway20240117\\WrappedTokenSwapperImpl\\src\\bridges\\hyphen\\Hyphen.sol",
        "HyphenImpl",
        0
    ],
    "e69f4ed314d9b5eacb1a453d395bb3c2": [
        "C:\\Users\\wy\\Desktop\\rag\\dataset\\SocketGateway20240117\\WrappedTokenSwapperImpl\\src\\bridges\\hyphen\\Hyphen.sol",
        "HyphenImpl",
        0
    ],
    "3827b9e9e1a87d0885b7ae88b4d76837": [
        "C:\\Users\\wy\\Desktop\\rag\\dataset\\SocketGateway20240117\\WrappedTokenSwapperImpl\\src\\bridges\\optimism\\interfaces\\optimism.sol",
        "L1StandardBridge",
        0
    ],
    "6b51e33badf919bb9bb39d867e497f6c": [
        "C:\\Users\\wy\\Desktop\\rag\\dataset\\SocketGateway20240117\\WrappedTokenSwapperImpl\\src\\bridges\\optimism\\interfaces\\optimism.sol",
        "L1StandardBridge",
        0
    ],
    "fc1d3888f45614a34aa454ca983f6f73": [
        "C:\\Users\\wy\\Desktop\\rag\\dataset\\SocketGateway20240117\\WrappedTokenSwapperImpl\\src\\bridges\\optimism\\interfaces\\optimism.sol",
        "OldL1TokenGateway",
        0
    ],
    "b009b26ef8d95134312a8c6aaa7f4076": [
        "C:\\Users\\wy\\Desktop\\rag\\dataset\\SocketGateway20240117\\WrappedTokenSwapperImpl\\src\\bridges\\optimism\\interfaces\\optimism.sol",
        "OldL1TokenGateway",
        0
    ],
    "5a3b3f154b1b0095f64cbbc5f50b94ae": [
        "C:\\Users\\wy\\Desktop\\rag\\dataset\\SocketGateway20240117\\WrappedTokenSwapperImpl\\src\\bridges\\optimism\\interfaces\\optimism.sol",
        "IOptimismPortal",
        0
    ],
    "f234d6b3c662b6b815a86f4ce449b101": [
        "C:\\Users\\wy\\Desktop\\rag\\dataset\\SocketGateway20240117\\WrappedTokenSwapperImpl\\src\\bridges\\optimism\\l1\\NativeOpStack.sol",
        "NativeOptimismStack",
        0
    ],
    "46caf9cad64459af07920b874217bd8d": [
        "C:\\Users\\wy\\Desktop\\rag\\dataset\\SocketGateway20240117\\WrappedTokenSwapperImpl\\src\\bridges\\optimism\\l1\\NativeOpStack.sol",
        "NativeOptimismStack",
        0
    ],
    "f273063487c8e327657e523d51166421": [
        "C:\\Users\\wy\\Desktop\\rag\\dataset\\SocketGateway20240117\\WrappedTokenSwapperImpl\\src\\bridges\\optimism\\l1\\NativeOpStack.sol",
        "NativeOptimismStack",
        0
    ],
    "5165389758b20c50bdefe3f81801d717": [
        "C:\\Users\\wy\\Desktop\\rag\\dataset\\SocketGateway20240117\\WrappedTokenSwapperImpl\\src\\bridges\\optimism\\l1\\NativeOpStack.sol",
        "NativeOptimismStack",
        0
    ],
    "97cad512a246e1ca9f7bd1b2fa60a5c2": [
        "C:\\Users\\wy\\Desktop\\rag\\dataset\\SocketGateway20240117\\WrappedTokenSwapperImpl\\src\\bridges\\optimism\\l1\\NativeOpStack.sol",
        "NativeOptimismStack",
        0
    ],
    "8a9979c7124ddc5f696d055e25f27594": [
        "C:\\Users\\wy\\Desktop\\rag\\dataset\\SocketGateway20240117\\WrappedTokenSwapperImpl\\src\\bridges\\optimism\\l1\\NativeOptimism.sol",
        "NativeOptimismImpl",
        0
    ],
    "89c2eb5f8c80350adeac32a42a887487": [
        "C:\\Users\\wy\\Desktop\\rag\\dataset\\SocketGateway20240117\\WrappedTokenSwapperImpl\\src\\bridges\\optimism\\l1\\NativeOptimism.sol",
        "NativeOptimismImpl",
        0
    ],
    "e8ff80da0800a8658ac4f51fad14f296": [
        "C:\\Users\\wy\\Desktop\\rag\\dataset\\SocketGateway20240117\\WrappedTokenSwapperImpl\\src\\bridges\\optimism\\l1\\NativeOptimism.sol",
        "NativeOptimismImpl",
        0
    ],
    "74255d27a6cd08b5b8f53a736bccb7af": [
        "C:\\Users\\wy\\Desktop\\rag\\dataset\\SocketGateway20240117\\WrappedTokenSwapperImpl\\src\\bridges\\optimism\\l1\\NativeOptimism.sol",
        "NativeOptimismImpl",
        0
    ],
    "738319a882308ffcdf5ea7b430cce81a": [
        "C:\\Users\\wy\\Desktop\\rag\\dataset\\SocketGateway20240117\\WrappedTokenSwapperImpl\\src\\bridges\\polygon\\interfaces\\polygon.sol",
        "IRootChainManager",
        0
    ],
    "8acbf5fdf2e2d481f03ec26866984392": [
        "C:\\Users\\wy\\Desktop\\rag\\dataset\\SocketGateway20240117\\WrappedTokenSwapperImpl\\src\\bridges\\polygon\\interfaces\\polygon.sol",
        "IRootChainManager",
        0
    ],
    "aa34db14dcce71732889deee17b577f9": [
        "C:\\Users\\wy\\Desktop\\rag\\dataset\\SocketGateway20240117\\WrappedTokenSwapperImpl\\src\\bridges\\polygon\\NativePolygon.sol",
        "NativePolygonImpl",
        0
    ],
    "4c2cc1cdb273610a5f21c9088dfe9dfc": [
        "C:\\Users\\wy\\Desktop\\rag\\dataset\\SocketGateway20240117\\WrappedTokenSwapperImpl\\src\\bridges\\polygon\\NativePolygon.sol",
        "NativePolygonImpl",
        0
    ],
    "938bc5c33839ef6175dc2eb414a84be2": [
        "C:\\Users\\wy\\Desktop\\rag\\dataset\\SocketGateway20240117\\WrappedTokenSwapperImpl\\src\\bridges\\polygon\\NativePolygon.sol",
        "NativePolygonImpl",
        0
    ],
    "dd20570878200376d46ffc3c39044007": [
        "C:\\Users\\wy\\Desktop\\rag\\dataset\\SocketGateway20240117\\WrappedTokenSwapperImpl\\src\\bridges\\polygon\\NativePolygon.sol",
        "NativePolygonImpl",
        0
    ],
    "0ff41b166c74b67d17d9068e4523f563": [
        "C:\\Users\\wy\\Desktop\\rag\\dataset\\SocketGateway20240117\\WrappedTokenSwapperImpl\\src\\bridges\\polygon\\NativePolygon.sol",
        "NativePolygonImpl",
        0
    ],
    "3f7b0a8309aaf1c2a91c5d49f337e25f": [
        "C:\\Users\\wy\\Desktop\\rag\\dataset\\SocketGateway20240117\\WrappedTokenSwapperImpl\\src\\bridges\\polygon\\NativePolygon.sol",
        "NativePolygonImpl",
        0
    ],
    "7f80cca30bd97815acf2d7b599fe5dff": [
        "C:\\Users\\wy\\Desktop\\rag\\dataset\\SocketGateway20240117\\WrappedTokenSwapperImpl\\src\\bridges\\refuel\\interfaces\\refuel.sol",
        "IRefuel",
        0
    ],
    "7150eb42a5bc5af14979bc77f201dd16": [
        "C:\\Users\\wy\\Desktop\\rag\\dataset\\SocketGateway20240117\\WrappedTokenSwapperImpl\\src\\bridges\\refuel\\refuel.sol",
        "RefuelBridgeImpl",
        0
    ],
    "5e6ca6c96178613b61db07372dfd2e3a": [
        "C:\\Users\\wy\\Desktop\\rag\\dataset\\SocketGateway20240117\\WrappedTokenSwapperImpl\\src\\bridges\\refuel\\refuel.sol",
        "RefuelBridgeImpl",
        0
    ],
    "117ec899d44465cc545ffe5aa19462d5": [
        "C:\\Users\\wy\\Desktop\\rag\\dataset\\SocketGateway20240117\\WrappedTokenSwapperImpl\\src\\bridges\\refuel\\refuel.sol",
        "RefuelBridgeImpl",
        0
    ],
    "486cd6fc77f9c8767b1f0d99618337ff": [
        "C:\\Users\\wy\\Desktop\\rag\\dataset\\SocketGateway20240117\\WrappedTokenSwapperImpl\\src\\bridges\\refuel\\refuel.sol",
        "RefuelBridgeImpl",
        0
    ],
    "0587b6354cf0d3773c8593eb4103d819": [
        "C:\\Users\\wy\\Desktop\\rag\\dataset\\SocketGateway20240117\\WrappedTokenSwapperImpl\\src\\bridges\\stargate\\interfaces\\IStargateEthVault.sol",
        "IStargateEthVault",
        0
    ],
    "b3e698980247640e9fe99c060e4921fc": [
        "C:\\Users\\wy\\Desktop\\rag\\dataset\\SocketGateway20240117\\WrappedTokenSwapperImpl\\src\\bridges\\stargate\\interfaces\\IStargateEthVault.sol",
        "IStargateEthVault",
        0
    ],
    "34240d6836fe0298c2125255c693bdee": [
        "C:\\Users\\wy\\Desktop\\rag\\dataset\\SocketGateway20240117\\WrappedTokenSwapperImpl\\src\\bridges\\stargate\\interfaces\\IStargateEthVault.sol",
        "IStargateEthVault",
        0
    ],
    "236c8f52e4b30c616467dc715b9efd5e": [
        "C:\\Users\\wy\\Desktop\\rag\\dataset\\SocketGateway20240117\\WrappedTokenSwapperImpl\\src\\bridges\\stargate\\interfaces\\IStargateEthVault.sol",
        "IStargateEthVault",
        0
    ],
    "f3fbf55c097f08094ef8988a5c65fb26": [
        "C:\\Users\\wy\\Desktop\\rag\\dataset\\SocketGateway20240117\\WrappedTokenSwapperImpl\\src\\bridges\\stargate\\interfaces\\stargate.sol",
        "IBridgeStargate",
        0
    ],
    "5915cfcf370addb688c4d9dc87974e42": [
        "C:\\Users\\wy\\Desktop\\rag\\dataset\\SocketGateway20240117\\WrappedTokenSwapperImpl\\src\\bridges\\stargate\\interfaces\\stargate.sol",
        "IBridgeStargate",
        0
    ],
    "58b2cfc9a97a1484dd08e244e3c6e82a": [
        "C:\\Users\\wy\\Desktop\\rag\\dataset\\SocketGateway20240117\\WrappedTokenSwapperImpl\\src\\bridges\\stargate\\l1\\Stargate.sol",
        "StargateImplL1",
        0
    ],
    "0cefcfbcbedb857ead8729ec27801f18": [
        "C:\\Users\\wy\\Desktop\\rag\\dataset\\SocketGateway20240117\\WrappedTokenSwapperImpl\\src\\bridges\\stargate\\l1\\Stargate.sol",
        "StargateImplL1",
        0
    ],
    "c77f5d4c3fdc25be82c21b000f07607f": [
        "C:\\Users\\wy\\Desktop\\rag\\dataset\\SocketGateway20240117\\WrappedTokenSwapperImpl\\src\\bridges\\stargate\\l1\\Stargate.sol",
        "StargateImplL1",
        0
    ],
    "c9cae64a317390baefa4aac50394e129": [
        "C:\\Users\\wy\\Desktop\\rag\\dataset\\SocketGateway20240117\\WrappedTokenSwapperImpl\\src\\bridges\\stargate\\l1\\Stargate.sol",
        "StargateImplL1",
        0
    ],
    "e5992ddbb92d9d1c74392dfe3ef8dbd3": [
        "C:\\Users\\wy\\Desktop\\rag\\dataset\\SocketGateway20240117\\WrappedTokenSwapperImpl\\src\\bridges\\stargate\\l1\\Stargate.sol",
        "StargateImplL1",
        0
    ],
    "b61191c8aab51aeba1ea2712df393c05": [
        "C:\\Users\\wy\\Desktop\\rag\\dataset\\SocketGateway20240117\\WrappedTokenSwapperImpl\\src\\bridges\\stargate\\l2\\Stargate.sol",
        "StargateImplL2",
        0
    ],
    "ce39469d12956d7f10a2313239ce2d2c": [
        "C:\\Users\\wy\\Desktop\\rag\\dataset\\SocketGateway20240117\\WrappedTokenSwapperImpl\\src\\bridges\\stargate\\l2\\Stargate.sol",
        "StargateImplL2",
        0
    ],
    "188cfa0acabf8b53cd0db2dcbebf4eb4": [
        "C:\\Users\\wy\\Desktop\\rag\\dataset\\SocketGateway20240117\\WrappedTokenSwapperImpl\\src\\bridges\\stargate\\l2\\Stargate.sol",
        "StargateImplL2",
        0
    ],
    "9841b32de71e428bab64601751c2a208": [
        "C:\\Users\\wy\\Desktop\\rag\\dataset\\SocketGateway20240117\\WrappedTokenSwapperImpl\\src\\bridges\\stargate\\l2\\StargateV2.sol",
        "StargateImplL2V2",
        0
    ],
    "05dd9ffcabfa93a66c93c221f3a897f1": [
        "C:\\Users\\wy\\Desktop\\rag\\dataset\\SocketGateway20240117\\WrappedTokenSwapperImpl\\src\\bridges\\stargate\\l2\\StargateV2.sol",
        "StargateImplL2V2",
        0
    ],
    "8d122937e3991ee5e8021b3a785880c3": [
        "C:\\Users\\wy\\Desktop\\rag\\dataset\\SocketGateway20240117\\WrappedTokenSwapperImpl\\src\\bridges\\stargate\\l2\\StargateV2.sol",
        "StargateImplL2V2",
        0
    ],
    "150c7b2c8cac243aa57ba6a78f5d6041": [
        "C:\\Users\\wy\\Desktop\\rag\\dataset\\SocketGateway20240117\\WrappedTokenSwapperImpl\\src\\bridges\\stargate\\l2\\StargateV2.sol",
        "StargateImplL2V2",
        0
    ],
    "8c4a9e62f05c12e35d95ab6398a85c3e": [
        "C:\\Users\\wy\\Desktop\\rag\\dataset\\SocketGateway20240117\\WrappedTokenSwapperImpl\\src\\bridges\\stargate\\l2\\StargateV2.sol",
        "StargateImplL2V2",
        0
    ],
    "6c6388bec9e3a60ab39cdce58964a8dc": [
        "C:\\Users\\wy\\Desktop\\rag\\dataset\\SocketGateway20240117\\WrappedTokenSwapperImpl\\src\\bridges\\stargate\\l2\\StargateV2.sol",
        "StargateImplL2V2",
        0
    ],
    "97f97604d85782ce61c9cebf76d6a50f": [
        "C:\\Users\\wy\\Desktop\\rag\\dataset\\SocketGateway20240117\\WrappedTokenSwapperImpl\\src\\bridges\\symbiosis\\interfaces\\symbiosis.sol",
        "ISymbiosisMetaRouter",
        0
    ],
    "c748d17a2c5a7ea83632c9be8ea8bc50": [
        "C:\\Users\\wy\\Desktop\\rag\\dataset\\SocketGateway20240117\\WrappedTokenSwapperImpl\\src\\bridges\\symbiosis\\SymbiosisBridgeImp.sol",
        "SymbiosisBridgeImpl",
        0
    ],
    "90bff164bcbbec715b4eb83a9fe4a4c2": [
        "C:\\Users\\wy\\Desktop\\rag\\dataset\\SocketGateway20240117\\WrappedTokenSwapperImpl\\src\\bridges\\symbiosis\\SymbiosisBridgeImp.sol",
        "SymbiosisBridgeImpl",
        0
    ],
    "d98ce8f6db7007e7b98a2c2e901a4a6d": [
        "C:\\Users\\wy\\Desktop\\rag\\dataset\\SocketGateway20240117\\WrappedTokenSwapperImpl\\src\\bridges\\symbiosis\\SymbiosisBridgeImp.sol",
        "SymbiosisBridgeImpl",
        0
    ],
    "95239b5b6fe3ed90ff4ff976c0070d8e": [
        "C:\\Users\\wy\\Desktop\\rag\\dataset\\SocketGateway20240117\\WrappedTokenSwapperImpl\\src\\bridges\\symbiosis\\SymbiosisBridgeImp.sol",
        "SymbiosisBridgeImpl",
        0
    ],
    "fb10475925f42c8e6b20ab088eac0bd0": [
        "C:\\Users\\wy\\Desktop\\rag\\dataset\\SocketGateway20240117\\WrappedTokenSwapperImpl\\src\\bridges\\symbiosis\\SymbiosisBridgeImp.sol",
        "SymbiosisBridgeImpl",
        0
    ],
    "bd43faaa3d8bddde29943652130c9b79": [
        "C:\\Users\\wy\\Desktop\\rag\\dataset\\SocketGateway20240117\\WrappedTokenSwapperImpl\\src\\bridges\\synapse\\interfaces\\ISynapseRouter.sol",
        "ISynapseRouter",
        0
    ],
    "5a9192066b00956f7642eb60ebcdda48": [
        "C:\\Users\\wy\\Desktop\\rag\\dataset\\SocketGateway20240117\\WrappedTokenSwapperImpl\\src\\bridges\\synapse\\SynapseBridgeImpl.sol",
        "SynapseBridgeImpl",
        0
    ],
    "6585b35384d2114cb77949617e5c2951": [
        "C:\\Users\\wy\\Desktop\\rag\\dataset\\SocketGateway20240117\\WrappedTokenSwapperImpl\\src\\bridges\\synapse\\SynapseBridgeImpl.sol",
        "SynapseBridgeImpl",
        0
    ],
    "8eec1364b2f7ba30022e1272be3d53a6": [
        "C:\\Users\\wy\\Desktop\\rag\\dataset\\SocketGateway20240117\\WrappedTokenSwapperImpl\\src\\bridges\\synapse\\SynapseBridgeImpl.sol",
        "SynapseBridgeImpl",
        0
    ],
    "79370a1734bdb2387b4f9f4553a22f84": [
        "C:\\Users\\wy\\Desktop\\rag\\dataset\\SocketGateway20240117\\WrappedTokenSwapperImpl\\src\\bridges\\synapse\\SynapseBridgeImpl.sol",
        "SynapseBridgeImpl",
        0
    ],
    "3a0ebb1e2dff002589913c2a82a90c43": [
        "C:\\Users\\wy\\Desktop\\rag\\dataset\\SocketGateway20240117\\WrappedTokenSwapperImpl\\src\\bridges\\synapse\\SynapseBridgeImpl.sol",
        "SynapseBridgeImpl",
        0
    ],
    "ebe0a19d890dbe83583ec7d9b930fd5d": [
        "C:\\Users\\wy\\Desktop\\rag\\dataset\\SocketGateway20240117\\WrappedTokenSwapperImpl\\src\\bridges\\zksync\\interfaces\\IZkSyncL1ERC20Bridge.sol",
        "IZkSyncL1ERC20Bridge",
        0
    ],
    "cd75a6fd4399186f96e7f04aab7ace76": [
        "C:\\Users\\wy\\Desktop\\rag\\dataset\\SocketGateway20240117\\WrappedTokenSwapperImpl\\src\\bridges\\zksync\\interfaces\\IZkSyncL1Mailbox.sol",
        "IZkSyncL1Mailbox",
        0
    ],
    "de7e4b1fbf50308eefd04198500ef9a2": [
        "C:\\Users\\wy\\Desktop\\rag\\dataset\\SocketGateway20240117\\WrappedTokenSwapperImpl\\src\\bridges\\zksync\\ZkSyncBridgeImpl.sol",
        "ZkSyncBridgeImpl",
        0
    ],
    "44e4a558234091e5da83e3d59c5d4e26": [
        "C:\\Users\\wy\\Desktop\\rag\\dataset\\SocketGateway20240117\\WrappedTokenSwapperImpl\\src\\bridges\\zksync\\ZkSyncBridgeImpl.sol",
        "ZkSyncBridgeImpl",
        0
    ],
    "d09d29665c3e8e4f72ced9ab9ddfe1b4": [
        "C:\\Users\\wy\\Desktop\\rag\\dataset\\SocketGateway20240117\\WrappedTokenSwapperImpl\\src\\bridges\\zksync\\ZkSyncBridgeImpl.sol",
        "ZkSyncBridgeImpl",
        0
    ],
    "4299f791c8810fe2d78327dd3cba8baf": [
        "C:\\Users\\wy\\Desktop\\rag\\dataset\\SocketGateway20240117\\WrappedTokenSwapperImpl\\src\\bridges\\zksync\\ZkSyncBridgeImpl.sol",
        "ZkSyncBridgeImpl",
        0
    ],
    "9a4433d548b95073ee8d8ca76e5bf930": [
        "C:\\Users\\wy\\Desktop\\rag\\dataset\\SocketGateway20240117\\WrappedTokenSwapperImpl\\src\\bridges\\zksync\\ZkSyncBridgeImpl.sol",
        "ZkSyncBridgeImpl",
        0
    ],
    "8eea2582f2bef9f1d64095c40361671e": [
        "C:\\Users\\wy\\Desktop\\rag\\dataset\\SocketGateway20240117\\WrappedTokenSwapperImpl\\src\\controllers\\BaseController.sol",
        "BaseController",
        0
    ],
    "9701fdc6c942a8da1637117ee79c2fc3": [
        "C:\\Users\\wy\\Desktop\\rag\\dataset\\SocketGateway20240117\\WrappedTokenSwapperImpl\\src\\controllers\\BaseController.sol",
        "BaseController",
        0
    ],
    "bf655ff487c5c0fd86c972f66d8c553a": [
        "C:\\Users\\wy\\Desktop\\rag\\dataset\\SocketGateway20240117\\WrappedTokenSwapperImpl\\src\\controllers\\FeesTakerController.sol",
        "FeesTakerController",
        0
    ],
    "0e7ad5b05b67cf28cd18010f1cdea391": [
        "C:\\Users\\wy\\Desktop\\rag\\dataset\\SocketGateway20240117\\WrappedTokenSwapperImpl\\src\\controllers\\FeesTakerController.sol",
        "FeesTakerController",
        0
    ],
    "8992d1844ecabea44b9eaa7b01be6963": [
        "C:\\Users\\wy\\Desktop\\rag\\dataset\\SocketGateway20240117\\WrappedTokenSwapperImpl\\src\\controllers\\FeesTakerController.sol",
        "FeesTakerController",
        0
    ],
    "8529e59b959d155d2ee8ab13849fb0a7": [
        "C:\\Users\\wy\\Desktop\\rag\\dataset\\SocketGateway20240117\\WrappedTokenSwapperImpl\\src\\controllers\\FeesTakerController.sol",
        "FeesTakerController",
        0
    ],
    "1cc0e71c99e4ff37883ecdb6d0c0d6df": [
        "C:\\Users\\wy\\Desktop\\rag\\dataset\\SocketGateway20240117\\WrappedTokenSwapperImpl\\src\\controllers\\FeesTakerController.sol",
        "FeesTakerController",
        0
    ],
    "f9859b5933212849062700f7f9abae73": [
        "C:\\Users\\wy\\Desktop\\rag\\dataset\\SocketGateway20240117\\WrappedTokenSwapperImpl\\src\\controllers\\FeesTakerController.sol",
        "FeesTakerController",
        0
    ],
    "44a07c5b7c0a01b7eb549a8ee6d89ff0": [
        "C:\\Users\\wy\\Desktop\\rag\\dataset\\SocketGateway20240117\\WrappedTokenSwapperImpl\\src\\controllers\\RefuelSwapAndBridgeController.sol",
        "RefuelSwapAndBridgeController",
        0
    ],
    "80930e65bea9e2de6fa3ac9d6ee6462d": [
        "C:\\Users\\wy\\Desktop\\rag\\dataset\\SocketGateway20240117\\WrappedTokenSwapperImpl\\src\\interfaces\\ISocketBridgeBase.sol",
        "ISocketBridgeBase",
        0
    ],
    "44b0c7492e43f3f81239c2dabb151db9": [
        "C:\\Users\\wy\\Desktop\\rag\\dataset\\SocketGateway20240117\\WrappedTokenSwapperImpl\\src\\deployFactory\\SocketDeployFactory.sol",
        "SocketDeployFactory",
        0
    ],
    "d9926b738b5a97617730f8149d5520a3": [
        "C:\\Users\\wy\\Desktop\\rag\\dataset\\SocketGateway20240117\\WrappedTokenSwapperImpl\\src\\deployFactory\\SocketDeployFactory.sol",
        "SocketDeployFactory",
        0
    ],
    "f391691da83d777e9f341df8e13a400b": [
        "C:\\Users\\wy\\Desktop\\rag\\dataset\\SocketGateway20240117\\WrappedTokenSwapperImpl\\src\\deployFactory\\SocketDeployFactory.sol",
        "SocketDeployFactory",
        0
    ],
    "3da17ac63f55c64fc0468b2c8aff16cd": [
        "C:\\Users\\wy\\Desktop\\rag\\dataset\\SocketGateway20240117\\WrappedTokenSwapperImpl\\src\\deployFactory\\SocketDeployFactory.sol",
        "SocketDeployFactory",
        0
    ],
    "b93f69a3222b294f4c5e7177f23c600a": [
        "C:\\Users\\wy\\Desktop\\rag\\dataset\\SocketGateway20240117\\WrappedTokenSwapperImpl\\src\\deployFactory\\SocketDeployFactory.sol",
        "SocketDeployFactory",
        0
    ],
    "98d3b11c05deca0492817e7a8a10dc9e": [
        "C:\\Users\\wy\\Desktop\\rag\\dataset\\SocketGateway20240117\\WrappedTokenSwapperImpl\\src\\deployFactory\\SocketDeployFactory.sol",
        "SocketDeployFactory",
        0
    ],
    "063e9ea8883c9cd2d74631fee6477c3a": [
        "C:\\Users\\wy\\Desktop\\rag\\dataset\\SocketGateway20240117\\WrappedTokenSwapperImpl\\src\\deployFactory\\SocketDeployFactory.sol",
        "SocketDeployFactory",
        0
    ],
    "749d840094cc7c89299bf136e58b05be": [
        "C:\\Users\\wy\\Desktop\\rag\\dataset\\SocketGateway20240117\\WrappedTokenSwapperImpl\\src\\deployFactory\\SocketDeployFactory.sol",
        "SocketDeployFactory",
        0
    ],
    "6cb8525c0d6b7b8be44626fdb9006bce": [
        "C:\\Users\\wy\\Desktop\\rag\\dataset\\SocketGateway20240117\\WrappedTokenSwapperImpl\\src\\deployFactory\\SocketDeployFactory.sol",
        "SocketDeployFactory",
        0
    ],
    "fc94790d7c36eea21e2a817582b9d0b1": [
        "C:\\Users\\wy\\Desktop\\rag\\dataset\\SocketGateway20240117\\WrappedTokenSwapperImpl\\src\\deployFactory\\SocketDeployFactory.sol",
        "SocketDeployFactory",
        0
    ],
    "3370a72e9a1c7f2c2380215698176513": [
        "C:\\Users\\wy\\Desktop\\rag\\dataset\\SocketGateway20240117\\WrappedTokenSwapperImpl\\src\\deployFactory\\SocketDeployFactory.sol",
        "SocketDeployFactory",
        0
    ],
    "b4b51cb76668ce9b5dee37285cfc2113": [
        "C:\\Users\\wy\\Desktop\\rag\\dataset\\SocketGateway20240117\\WrappedTokenSwapperImpl\\src\\deployFactory\\SocketDeployFactory.sol",
        "SocketDeployFactory",
        0
    ],
    "0fc99dd5a41871a659f6fadbfd814407": [
        "C:\\Users\\wy\\Desktop\\rag\\dataset\\SocketGateway20240117\\WrappedTokenSwapperImpl\\src\\deployFactory\\SocketDeployFactory.sol",
        "SocketDeployFactory",
        0
    ],
    "c6a18577f55b83760563827c6abebc5d": [
        "C:\\Users\\wy\\Desktop\\rag\\dataset\\SocketGateway20240117\\WrappedTokenSwapperImpl\\src\\deployFactory\\SocketDeployFactory.sol",
        "SocketDeployFactory",
        1
    ],
    "9aacf08ab09903055fb9dd0c472958a3": [
        "C:\\Users\\wy\\Desktop\\rag\\dataset\\SocketGateway20240117\\WrappedTokenSwapperImpl\\src\\interfaces\\ISocketController.sol",
        "ISocketController",
        0
    ],
    "db4bc1433946b910052b102e1d2c3f40": [
        "C:\\Users\\wy\\Desktop\\rag\\dataset\\SocketGateway20240117\\WrappedTokenSwapperImpl\\src\\interfaces\\ISocketController.sol",
        "ISocketController",
        0
    ],
    "b2328ff8048d4dc62da71c51489f3e59": [
        "C:\\Users\\wy\\Desktop\\rag\\dataset\\SocketGateway20240117\\WrappedTokenSwapperImpl\\src\\interfaces\\ISocketController.sol",
        "ISocketController",
        0
    ],
    "cc70bb09977323752a05e8b7729b613c": [
        "C:\\Users\\wy\\Desktop\\rag\\dataset\\SocketGateway20240117\\WrappedTokenSwapperImpl\\src\\swap\\SwapImplBase.sol",
        "SwapImplBase",
        0
    ],
    "4be625a85f7ddf1363e101ad913d547e": [
        "C:\\Users\\wy\\Desktop\\rag\\dataset\\SocketGateway20240117\\WrappedTokenSwapperImpl\\src\\swap\\SwapImplBase.sol",
        "SwapImplBase",
        0
    ],
    "0815f5eea419291d899b9b9aa6cea707": [
        "C:\\Users\\wy\\Desktop\\rag\\dataset\\SocketGateway20240117\\WrappedTokenSwapperImpl\\src\\swap\\SwapImplBase.sol",
        "SwapImplBase",
        0
    ],
    "0b6f20fc475cd5a53b4e6cc25e190fde": [
        "C:\\Users\\wy\\Desktop\\rag\\dataset\\SocketGateway20240117\\WrappedTokenSwapperImpl\\src\\swap\\oneinch\\OneInchImpl.sol",
        "OneInchImpl",
        0
    ],
    "beaad0df417805f4673b01eb62e417a0": [
        "C:\\Users\\wy\\Desktop\\rag\\dataset\\SocketGateway20240117\\WrappedTokenSwapperImpl\\src\\swap\\oneinch\\OneInchImpl.sol",
        "OneInchImpl",
        0
    ],
    "8fec3c24ad99ef748f887b5ff6fa17a4": [
        "C:\\Users\\wy\\Desktop\\rag\\dataset\\SocketGateway20240117\\WrappedTokenSwapperImpl\\src\\swap\\oneinch\\OneInchImpl.sol",
        "OneInchImpl",
        0
    ],
    "349908481c277b55829fd7c85e15cb0c": [
        "C:\\Users\\wy\\Desktop\\rag\\dataset\\SocketGateway20240117\\WrappedTokenSwapperImpl\\src\\swap\\rainbow\\Rainbow.sol",
        "RainbowSwapImpl",
        0
    ],
    "3b42b48777eea65567f0537e60f68010": [
        "C:\\Users\\wy\\Desktop\\rag\\dataset\\SocketGateway20240117\\WrappedTokenSwapperImpl\\src\\swap\\rainbow\\Rainbow.sol",
        "RainbowSwapImpl",
        0
    ],
    "1e53ccc7eae77f90e503f8bff1b1dd91": [
        "C:\\Users\\wy\\Desktop\\rag\\dataset\\SocketGateway20240117\\WrappedTokenSwapperImpl\\src\\swap\\rainbow\\Rainbow.sol",
        "RainbowSwapImpl",
        0
    ],
    "4e3312d95f94aa65b73c601a78d24fb2": [
        "C:\\Users\\wy\\Desktop\\rag\\dataset\\SocketGateway20240117\\WrappedTokenSwapperImpl\\src\\swap\\wrappedTokenSwapper\\swapWrappedImpl.sol",
        "WrappedToken",
        0
    ],
    "284098b95a5a57e3cdfd7ece75ec25db": [
        "C:\\Users\\wy\\Desktop\\rag\\dataset\\SocketGateway20240117\\WrappedTokenSwapperImpl\\src\\swap\\wrappedTokenSwapper\\swapWrappedImpl.sol",
        "WrappedTokenSwapperImpl",
        0
    ],
    "e14c93c6139e3e0cf03c537a2a035e77": [
        "C:\\Users\\wy\\Desktop\\rag\\dataset\\SocketGateway20240117\\WrappedTokenSwapperImpl\\src\\swap\\wrappedTokenSwapper\\swapWrappedImpl.sol",
        "WrappedTokenSwapperImpl",
        0
    ],
    "f5c46c2f2aabbce0491ffa89c96e071c": [
        "C:\\Users\\wy\\Desktop\\rag\\dataset\\SocketGateway20240117\\WrappedTokenSwapperImpl\\src\\swap\\wrappedTokenSwapper\\swapWrappedImpl.sol",
        "WrappedTokenSwapperImpl",
        0
    ],
    "9e269a4c2b40924f8b4cba28e19070b8": [
        "C:\\Users\\wy\\Desktop\\rag\\dataset\\SocketGateway20240117\\WrappedTokenSwapperImpl\\src\\swap\\zerox\\ZeroXSwapImpl.sol",
        "ZeroXSwapImpl",
        0
    ],
    "8c965432a10b04210adc72b405cedb37": [
        "C:\\Users\\wy\\Desktop\\rag\\dataset\\SocketGateway20240117\\WrappedTokenSwapperImpl\\src\\swap\\zerox\\ZeroXSwapImpl.sol",
        "ZeroXSwapImpl",
        0
    ],
    "5a60f7f07ed1b02c18f9e5aceab33c5f": [
        "C:\\Users\\wy\\Desktop\\rag\\dataset\\SocketGateway20240117\\WrappedTokenSwapperImpl\\src\\swap\\zerox\\ZeroXSwapImpl.sol",
        "ZeroXSwapImpl",
        0
    ]
}