{
    "XBridge.withdrawTokens": {
        "step1": {
            "prompt1": "\n你是一位经验丰富的跨链协议分析专家。你的任务是将根据提供的 Solidity 代码，将指定的跨链属性映射到代码中的参数上；如果某属性在代码中找不到对应参数，则不在输出中列出该属性，如果存在多个参数对应同一属性的可能性，每个属性至多输出3种参数映射方案。请严格遵循以下定义的输入格式和输出格式：\n输入格式： 你将接收一个 JSON 对象作为输入，其结构如下： \n{\n\"attribute\": \n{ \n\"<attribute>\": \"<attribute description>\" ,\n\"<attribute>\": \"<attribute description>\",\n...\n}\n\"code\": \"...\" // Solidity 合约代码字符串 \n}\n输出格式：\n返回一个 JSON 对象数组，每项结构如下：\n[ \n{\n\"parameter\": \"...\", // 代码中最可能对应该属性的参数名\n\"attribute\": \"...\", // 输入的跨链属性 \n\"reason\": \"...\" // 简要说明：为何选择此参数，以及可能的歧义 \n}, ... \n]\nreason 中请同时指出该映射的核心依据和潜在的不确定点（例如：参数名相似度、上下文含义模糊等）。\n\n输入：\n{\n\"attribute\": {\"toChainID\": \"Specifies the destination blockchain network ID.\", \"tokenAddress\": \"Indicates the contract address of the token to be transferred.\", \"amount\": \"The number of tokens to be transferred across chains.\", \"nonce\": \"Check and mark that nonce has not been consumed to prevent replay\", \"recipientAddress\": \"The address that will receive the tokens on the destination chain.\", \"externalCallAddress\": \"The address of a contract to be called after the cross-chain transfer.\", \"externalCallFunction\": \"The specific function or calldata to be executed on the `externalCallAddress`.\", \"routerAddress\": \"The address of the cross-chain router or bridge handler.\"},\n\"code\": [\"XBridge.withdrawTokens:function withdrawTokens(address token, address receiver, uint256 amount) external {\\n        // require(token.code.length > 0, \\\"TOKEN_NOT_DEPLOYED_ON_THIS_CHAIN\\\");\\n        // address _correspondingToken = tokenToTokenWithChainId[srcId][dstId][token];\\n        require(token != address(0), \\\"TOKEN_NOT_LISTED\\\");\\n        require(amount > 0, \\\"AMOUNT_CANT_BE_ZERO\\\");\\n        address user = msg.sender;\\n        require(user == _tokenOwner[token], \\\"ONLY_TOKEN_LISTER_CAN_WITHDRAW\\\");\\n        // require(user == tokenOwnerWithChainId[srcId][dstId][token][_correspondingToken], \\\"ONLY_TOKEN_LISTER_CAN_WITHDRAW\\\");\\n\\n        if(token != native) {\\n\\n            require(amount <= (IERC20(token).balanceOf(address(this)) - tokenTax[token]), \\\"WITHDRAW_LESS\\\");\\n\\n            if(isWrapped[token]) revert(\\\"CANT_WITHDRAW_WRAPPED_TOKENS\\\");\\n\\n            IERC20(token).transfer(receiver, amount);\\n        } else {\\n            require(amount <= address(this).balance, \\\"WITHDRAW_LESS\\\");\\n            (bool success, ) = payable(receiver).call{value: amount}(\\\"\\\");\\n            require(success, \\\"WITHDRAW_FAILED\\\");\\n        }\\n\\n        emit TokenWithdrawn(user, receiver, amount);\\n    }\"]\n}\n",
            "outputs1": [
                [
                    {
                        "parameter": "token",
                        "attribute": "tokenAddress",
                        "reason": "The 'token' parameter is an address type that represents the token contract to be transferred, matching the description of 'tokenAddress'. However, it's unclear if this is the source or destination chain token address."
                    },
                    {
                        "parameter": "receiver",
                        "attribute": "recipientAddress",
                        "reason": "The 'receiver' parameter is an address type that will receive the tokens, matching 'recipientAddress'. No ambiguity found in this mapping."
                    },
                    {
                        "parameter": "amount",
                        "attribute": "amount",
                        "reason": "The 'amount' parameter directly corresponds to the number of tokens to be transferred, perfectly matching the attribute description."
                    }
                ]
            ],
            "v_prompt1": "\n你是一位严谨的跨链协议审计员和数据一致性验证者。仔细审查给定的多个跨链属性与参数在代码中的含义是否一致，并为其分配一个置信度分数 (0-100%)，指出给定该置信度分数的原因。\n\n输入格式： 你将接收一个 JSON 对象作为输入，其结构如下:\n{\n\"correspondence\":    // 代码中属性与参数对应的数组\n[\n{\n\"attribute\": \"...\", // 输入的跨链属性 \n\"parameter\": \"...\", // 对应的参数\n\"reason\": \"...\" // 简要的说明：为何选择此参数，以及可能的歧义 \n}\n...\n]，\n\"code\":\"...\" //跨链合约代码\n}\n\n输出格式：返回一个 JSON 对象数组，每项结构如下：\n[ \n{\n\"parameter\": \"...\", // 代码中最可能对应该属性的参数名\n\"attribute\": \"...\", // 输入的跨链属性 \n\"score\":\"...\", // 分配的置信度分数\n\"reason\": \"...\" // 简要说明给定该置信度分数的原因\n}, ... \n]\n输入：\n{\n\"correspondence\": [{\"parameter\": \"token\", \"attribute\": \"tokenAddress\", \"reason\": \"The 'token' parameter is an address type that represents the token contract to be transferred, matching the description of 'tokenAddress'. However, it's unclear if this is the source or destination chain token address.\"}, {\"parameter\": \"receiver\", \"attribute\": \"recipientAddress\", \"reason\": \"The 'receiver' parameter is an address type that will receive the tokens, matching 'recipientAddress'. No ambiguity found in this mapping.\"}, {\"parameter\": \"amount\", \"attribute\": \"amount\", \"reason\": \"The 'amount' parameter directly corresponds to the number of tokens to be transferred, perfectly matching the attribute description.\"}],\n\"code\" [\"XBridge.withdrawTokens:function withdrawTokens(address token, address receiver, uint256 amount) external {\\n        // require(token.code.length > 0, \\\"TOKEN_NOT_DEPLOYED_ON_THIS_CHAIN\\\");\\n        // address _correspondingToken = tokenToTokenWithChainId[srcId][dstId][token];\\n        require(token != address(0), \\\"TOKEN_NOT_LISTED\\\");\\n        require(amount > 0, \\\"AMOUNT_CANT_BE_ZERO\\\");\\n        address user = msg.sender;\\n        require(user == _tokenOwner[token], \\\"ONLY_TOKEN_LISTER_CAN_WITHDRAW\\\");\\n        // require(user == tokenOwnerWithChainId[srcId][dstId][token][_correspondingToken], \\\"ONLY_TOKEN_LISTER_CAN_WITHDRAW\\\");\\n\\n        if(token != native) {\\n\\n            require(amount <= (IERC20(token).balanceOf(address(this)) - tokenTax[token]), \\\"WITHDRAW_LESS\\\");\\n\\n            if(isWrapped[token]) revert(\\\"CANT_WITHDRAW_WRAPPED_TOKENS\\\");\\n\\n            IERC20(token).transfer(receiver, amount);\\n        } else {\\n            require(amount <= address(this).balance, \\\"WITHDRAW_LESS\\\");\\n            (bool success, ) = payable(receiver).call{value: amount}(\\\"\\\");\\n            require(success, \\\"WITHDRAW_FAILED\\\");\\n        }\\n\\n        emit TokenWithdrawn(user, receiver, amount);\\n    }\"]:\n}\n\n",
            "v_outputs1": [
                [
                    {
                        "parameter": "token",
                        "attribute": "tokenAddress",
                        "score": "85%",
                        "reason": "The 'token' parameter is correctly identified as an address type representing a token contract, matching 'tokenAddress'. However, the confidence is not 100% due to the ambiguity about whether it refers to the source or destination chain token address, as noted in the reason."
                    },
                    {
                        "parameter": "receiver",
                        "attribute": "recipientAddress",
                        "score": "100%",
                        "reason": "The 'receiver' parameter is clearly an address type that will receive the tokens, perfectly matching 'recipientAddress'. There is no ambiguity in this mapping."
                    },
                    {
                        "parameter": "amount",
                        "attribute": "amount",
                        "score": "100%",
                        "reason": "The 'amount' parameter directly corresponds to the number of tokens to be transferred, perfectly matching the attribute description with no ambiguity."
                    }
                ]
            ],
            "formatted_outputs1": {
                "token": {
                    "tokenAddress": {
                        "reason": "The 'token' parameter is an address type that represents the token contract to be transferred, matching the description of 'tokenAddress'. However, it's unclear if this is the source or destination chain token address.",
                        "score": "85%",
                        "s_reason": "The 'token' parameter is correctly identified as an address type representing a token contract, matching 'tokenAddress'. However, the confidence is not 100% due to the ambiguity about whether it refers to the source or destination chain token address, as noted in the reason."
                    }
                },
                "receiver": {
                    "recipientAddress": {
                        "reason": "The 'receiver' parameter is an address type that will receive the tokens, matching 'recipientAddress'. No ambiguity found in this mapping.",
                        "score": "100%",
                        "s_reason": "The 'receiver' parameter is clearly an address type that will receive the tokens, perfectly matching 'recipientAddress'. There is no ambiguity in this mapping."
                    }
                },
                "amount": {
                    "amount": {
                        "reason": "The 'amount' parameter directly corresponds to the number of tokens to be transferred, perfectly matching the attribute description.",
                        "score": "100%",
                        "s_reason": "The 'amount' parameter directly corresponds to the number of tokens to be transferred, perfectly matching the attribute description with no ambiguity."
                    }
                }
            }
        },
        "step2": {
            "tokenAddress": {
                "token": {
                    "dataflows": [
                        {
                            "parameter": "token",
                            "dataflow": {
                                "withdrawTokens": [
                                    "function withdrawTokens(address token, address receiver, uint256 amount) external {",
                                    "require(token != address(0), \"TOKEN_NOT_LISTED\");",
                                    "require(user == _tokenOwner[token], \"ONLY_TOKEN_LISTER_CAN_WITHDRAW\");",
                                    "if(token != native) {",
                                    "require(amount <= (IERC20(token).balanceOf(address(this)) - tokenTax[token]), \"WITHDRAW_LESS\");",
                                    "if(isWrapped[token]) revert(\"CANT_WITHDRAW_WRAPPED_TOKENS\");",
                                    "IERC20(token).transfer(receiver, amount);"
                                ]
                            },
                            "coverage": "95",
                            "correctness": "90",
                            "score": "92",
                            "reason": "The dataflow code covers nearly all critical checks and operations related to the 'token' parameter in the original code, including token validation, ownership verification, balance checks, and transfer logic. It misses only minor comments and some edge-case handling (like native token handling), but the core functionality is well-represented. Correctness is slightly lower due to the absence of explicit chain-specific checks seen in commented code."
                        },
                        {
                            "parameter": "token",
                            "dataflow": {
                                "withdrawTokens": [
                                    "function withdrawTokens(address token, address receiver, uint256 amount) external {",
                                    "require(token != address(0), \"TOKEN_NOT_LISTED\");",
                                    "require(user == _tokenOwner[token], \"ONLY_TOKEN_LISTER_CAN_WITHDRAW\");",
                                    "if(token != native) {",
                                    "require(amount <= (IERC20(token).balanceOf(address(this)) - tokenTax[token]), \"WITHDRAW_LESS\");",
                                    "if(isWrapped[token]) revert(\"CANT_WITHDRAW_WRAPPED_TOKENS\");",
                                    "IERC20(token).transfer(receiver, amount);"
                                ]
                            },
                            "coverage": 90,
                            "correctness": 95,
                            "score": 92,
                            "reason": "The dataflow code covers all critical checks and operations related to the 'token' parameter in the original function, including token validation, ownership verification, balance checks, and transfer logic. Minor deductions are made for commented-out code that could potentially affect coverage in edge cases. Correctness is high as all implemented checks accurately reflect the intended security controls."
                        }
                    ],
                    "merge_dataflows": "function withdrawTokens(address token, address receiver, uint256 amount) external {\nrequire(token != address(0), \"TOKEN_NOT_LISTED\");\nrequire(user == _tokenOwner[token], \"ONLY_TOKEN_LISTER_CAN_WITHDRAW\");\nif(token != native) {\nrequire(amount <= (IERC20(token).balanceOf(address(this)) - tokenTax[token]), \"WITHDRAW_LESS\");\nif(isWrapped[token]) revert(\"CANT_WITHDRAW_WRAPPED_TOKENS\");\nIERC20(token).transfer(receiver, amount);"
                }
            },
            "recipientAddress": {
                "receiver": {
                    "dataflows": [
                        {
                            "parameter": "receiver",
                            "dataflow": {
                                "withdrawTokens": [
                                    "function withdrawTokens(address token, address receiver, uint256 amount) external {",
                                    "        require(token != address(0), \"TOKEN_NOT_LISTED\");",
                                    "        require(amount > 0, \"AMOUNT_CANT_BE_ZERO\");",
                                    "        address user = msg.sender;",
                                    "        require(user == _tokenOwner[token], \"ONLY_TOKEN_LISTER_CAN_WITHDRAW\");",
                                    "",
                                    "        if(token != native) {",
                                    "",
                                    "            require(amount <= (IERC20(token).balanceOf(address(this)) - tokenTax[token]), \"WITHDRAW_LESS\");",
                                    "",
                                    "            if(isWrapped[token]) revert(\"CANT_WITHDRAW_WRAPPED_TOKENS\");",
                                    "",
                                    "            IERC20(token).transfer(receiver, amount);",
                                    "        } else {",
                                    "            require(amount <= address(this).balance, \"WITHDRAW_LESS\");",
                                    "            (bool success, ) = payable(receiver).call{value: amount}(\"\");",
                                    "            require(success, \"WITHDRAW_FAILED\");",
                                    "        }",
                                    "",
                                    "        emit TokenWithdrawn(user, receiver, amount);",
                                    "    }"
                                ]
                            },
                            "coverage": "95",
                            "correctness": "95",
                            "score": "95",
                            "reason": "The dataflow code for the parameter 'receiver' is almost identical to the original code, with only minor differences in comments and some commented-out lines. The core logic involving the 'receiver' parameter, including its usage in token transfers and native token withdrawals, is fully covered and correctly implemented. The commented-out lines do not affect the functionality related to 'receiver', hence the high confidence score."
                        },
                        {
                            "parameter": "receiver",
                            "dataflow": {
                                "withdrawTokens": [
                                    "function withdrawTokens(address token, address receiver, uint256 amount) external {",
                                    "        require(token != address(0), \"TOKEN_NOT_LISTED\");",
                                    "        require(amount > 0, \"AMOUNT_CANT_BE_ZERO\");",
                                    "        address user = msg.sender;",
                                    "        require(user == _tokenOwner[token], \"ONLY_TOKEN_LISTER_CAN_WITHDRAW\");",
                                    "        if(token != native) {",
                                    "            require(amount <= (IERC20(token).balanceOf(address(this)) - tokenTax[token]), \"WITHDRAW_LESS\");",
                                    "            if(isWrapped[token]) revert(\"CANT_WITHDRAW_WRAPPED_TOKENS\");",
                                    "            IERC20(token).transfer(receiver, amount);",
                                    "        } else {",
                                    "            require(amount <= address(this).balance, \"WITHDRAW_LESS\");",
                                    "            (bool success, ) = payable(receiver).call{value: amount}(\"\");",
                                    "            require(success, \"WITHDRAW_FAILED\");",
                                    "        }",
                                    "        emit TokenWithdrawn(user, receiver, amount);"
                                ]
                            },
                            "coverage": "90",
                            "correctness": "95",
                            "score": "92",
                            "reason": "The dataflow code for the parameter 'receiver' is well-covered in the original code, with all instances of 'receiver' being properly handled in both token transfer scenarios (native and non-native). The correctness is high as the parameter is correctly used in the transfer functions without any modifications or omissions. The slight deduction in coverage is due to commented-out code that could potentially involve 'receiver', but it's not active in the current implementation."
                        }
                    ],
                    "merge_dataflows": "function withdrawTokens(address token, address receiver, uint256 amount) external {\n        require(token != address(0), \"TOKEN_NOT_LISTED\");\n        require(amount > 0, \"AMOUNT_CANT_BE_ZERO\");\n        address user = msg.sender;\n        require(user == _tokenOwner[token], \"ONLY_TOKEN_LISTER_CAN_WITHDRAW\");\n\n        if(token != native) {\n\n            require(amount <= (IERC20(token).balanceOf(address(this)) - tokenTax[token]), \"WITHDRAW_LESS\");\n\n            if(isWrapped[token]) revert(\"CANT_WITHDRAW_WRAPPED_TOKENS\");\n\n            IERC20(token).transfer(receiver, amount);\n        } else {\n            require(amount <= address(this).balance, \"WITHDRAW_LESS\");\n            (bool success, ) = payable(receiver).call{value: amount}(\"\");\n            require(success, \"WITHDRAW_FAILED\");\n        }\n\n        emit TokenWithdrawn(user, receiver, amount);\n    }"
                }
            },
            "amount": {
                "amount": {
                    "dataflows": [
                        {
                            "parameter": "amount",
                            "dataflow": {
                                "withdrawTokens": [
                                    "function withdrawTokens(address token, address receiver, uint256 amount) external {",
                                    "require(amount > 0, \"AMOUNT_CANT_BE_ZERO\");",
                                    "if(token != native) {",
                                    "require(amount <= (IERC20(token).balanceOf(address(this)) - tokenTax[token]), \"WITHDRAW_LESS\");",
                                    "IERC20(token).transfer(receiver, amount);",
                                    "} else {",
                                    "require(amount <= address(this).balance, \"WITHDRAW_LESS\");",
                                    "(bool success, ) = payable(receiver).call{value: amount}(\"\");",
                                    "}",
                                    "emit TokenWithdrawn(user, receiver, amount);"
                                ]
                            },
                            "coverage": "90",
                            "correctness": "95",
                            "score": "93",
                            "reason": "The dataflow code for 'amount' covers almost all the critical checks and operations in the original code, including validation for non-zero amount, balance checks for both ERC20 and native tokens, and transfer operations. The only minor discrepancy is the additional check for wrapped tokens in the original code, which doesn't directly affect 'amount' handling. The correctness is high as all amount-related operations are properly implemented with appropriate checks and safeguards."
                        },
                        {
                            "parameter": "amount",
                            "dataflow": {
                                "withdrawTokens": [
                                    "function withdrawTokens(address token, address receiver, uint256 amount) external {",
                                    "require(amount > 0, \"AMOUNT_CANT_BE_ZERO\");",
                                    "if(token != native) {",
                                    "require(amount <= (IERC20(token).balanceOf(address(this)) - tokenTax[token]), \"WITHDRAW_LESS\");",
                                    "IERC20(token).transfer(receiver, amount);",
                                    "} else {",
                                    "require(amount <= address(this).balance, \"WITHDRAW_LESS\");",
                                    "(bool success, ) = payable(receiver).call{value: amount}(\"\");",
                                    "require(success, \"WITHDRAW_FAILED\");",
                                    "}",
                                    "emit TokenWithdrawn(user, receiver, amount);"
                                ]
                            },
                            "coverage": "90",
                            "correctness": "85",
                            "score": "87",
                            "reason": "数据流代码覆盖了原始代码中与amount参数相关的所有关键操作，包括验证、转账和事件触发。但在正确性方面，原始代码有额外的权限检查（ONLY_TOKEN_LISTER_CAN_WITHDRAW）和条件限制（CANT_WITHDRAW_WRAPPED_TOKENS），这些在数据流代码中没有体现，可能影响安全性。"
                        }
                    ],
                    "merge_dataflows": "function withdrawTokens(address token, address receiver, uint256 amount) external {\nrequire(amount > 0, \"AMOUNT_CANT_BE_ZERO\");\nif(token != native) {\nrequire(amount <= (IERC20(token).balanceOf(address(this)) - tokenTax[token]), \"WITHDRAW_LESS\");\nIERC20(token).transfer(receiver, amount);\n} else {\nrequire(amount <= address(this).balance, \"WITHDRAW_LESS\");\n(bool success, ) = payable(receiver).call{value: amount}(\"\");\nrequire(success, \"WITHDRAW_FAILED\");\n}\nemit TokenWithdrawn(user, receiver, amount);\n}"
                }
            }
        },
        "step3": {
            "tokenAddress": {
                "token": {
                    "Check whether the tokenAddress is authorized to use.": {
                        "original": [
                            {
                                "result": false,
                                "validation": [],
                                "reason": "无"
                            },
                            {
                                "result": false,
                                "validation": [],
                                "reason": "无"
                            },
                            {
                                "result": false,
                                "validation": [],
                                "reason": "无"
                            }
                        ],
                        "verify_filtered": []
                    }
                }
            },
            "recipientAddress": {
                "receiver": {
                    "Validate that recipientAddress is not the zero address": {
                        "original": [
                            {
                                "result": false,
                                "validation": [],
                                "reason": "无"
                            },
                            {
                                "result": false,
                                "validation": [],
                                "reason": "无"
                            },
                            {
                                "result": false,
                                "validation": [],
                                "reason": "无"
                            }
                        ],
                        "verify_filtered": []
                    }
                }
            },
            "amount": {
                "amount": {
                    "Validate that amount is greater than 0": {
                        "original": [
                            {
                                "result": true,
                                "validation": [
                                    "require(amount > 0, \"AMOUNT_CANT_BE_ZERO\");"
                                ],
                                "reason": "The constraint is covered by the 'require' statement at the beginning of the function, which explicitly checks that 'amount' must be greater than 0."
                            },
                            {
                                "result": false,
                                "validation": [],
                                "reason": ""
                            },
                            {
                                "result": false,
                                "validation": [],
                                "reason": ""
                            }
                        ],
                        "verify_filtered": [
                            {
                                "parameter": "amount",
                                "constraint": "Validate that amount is greater than 0",
                                "validation": "require(amount > 0, \"AMOUNT_CANT_BE_ZERO\");",
                                "score": 100,
                                "reason": "The validation code accurately implements the constraint by checking if the amount is greater than 0 and reverting with a clear error message if not. This is exactly as specified in the constraint.",
                                "results": []
                            }
                        ]
                    },
                    "Validate that msg.sender's balance change before and after equals amount": {
                        "original": [
                            {
                                "result": false,
                                "validation": [],
                                "reason": "无"
                            },
                            {
                                "result": false,
                                "validation": [],
                                "reason": "无"
                            },
                            {
                                "result": false,
                                "validation": [],
                                "reason": "无"
                            }
                        ],
                        "verify_filtered": []
                    },
                    "Validate that the bridge's balance change before and after equals amount": {
                        "original": [
                            {
                                "result": false,
                                "validation": [],
                                "reason": "The code does not track or validate the bridge's balance change before and after the transfer. It only checks if the amount is greater than zero and if the bridge has sufficient balance."
                            },
                            {
                                "result": false,
                                "validation": [],
                                "reason": "The code does not include any logic to compare the bridge's balance before and after the transfer to ensure that the change equals the specified amount."
                            },
                            {
                                "result": false,
                                "validation": [],
                                "reason": "The constraint requires validation of balance changes, but the provided code only ensures sufficient balance and successful transfer without verifying the exact balance difference."
                            }
                        ],
                        "verify_filtered": []
                    },
                    "Validate that msg.sender's balance ≥ amount": {
                        "original": [
                            {
                                "result": false,
                                "validation": [],
                                "reason": "无"
                            },
                            {
                                "result": false,
                                "validation": [],
                                "reason": "无"
                            },
                            {
                                "result": false,
                                "validation": [],
                                "reason": "无"
                            }
                        ],
                        "verify_filtered": []
                    }
                }
            }
        },
        "step4": {
            "tokenAddress": {
                "token": {}
            },
            "recipientAddress": {
                "receiver": {}
            },
            "amount": {
                "amount": {
                    "Validate that amount is greater than 0": [
                        {
                            "parameter": "amount",
                            "constraint": "Validate that amount is greater than 0",
                            "validation": "require(amount > 0, \"AMOUNT_CANT_BE_ZERO\");",
                            "score": 100,
                            "reason": "The validation code accurately implements the constraint by checking if the amount is greater than 0 and reverting with a clear error message if not. This is exactly as specified in the constraint.",
                            "results": []
                        }
                    ]
                }
            }
        },
        "final_result": {
            "tokenAddress": {
                "token": {
                    "Check whether the tokenAddress is authorized to use.": [
                        {
                            "parameter": "token",
                            "constraint": "Check whether the tokenAddress is authorized to use.",
                            "validation": "",
                            "reason": "在step3中未找到约束相关代码，不执行后续步骤"
                        }
                    ]
                }
            },
            "recipientAddress": {
                "receiver": {
                    "Validate that recipientAddress is not the zero address": [
                        {
                            "parameter": "receiver",
                            "constraint": "Validate that recipientAddress is not the zero address",
                            "validation": "",
                            "reason": "在step3中未找到约束相关代码，不执行后续步骤"
                        }
                    ]
                }
            },
            "amount": {
                "amount": {
                    "Validate that amount is greater than 0": [],
                    "Validate that msg.sender's balance change before and after equals amount": [
                        {
                            "parameter": "amount",
                            "constraint": "Validate that msg.sender's balance change before and after equals amount",
                            "validation": "",
                            "reason": "在step3中未找到约束相关代码，不执行后续步骤"
                        }
                    ],
                    "Validate that the bridge's balance change before and after equals amount": [
                        {
                            "parameter": "amount",
                            "constraint": "Validate that the bridge's balance change before and after equals amount",
                            "validation": "",
                            "reason": "在step3中未找到约束相关代码，不执行后续步骤"
                        }
                    ],
                    "Validate that msg.sender's balance ≥ amount": [
                        {
                            "parameter": "amount",
                            "constraint": "Validate that msg.sender's balance ≥ amount",
                            "validation": "",
                            "reason": "在step3中未找到约束相关代码，不执行后续步骤"
                        }
                    ]
                }
            }
        },
        "context": {
            "event": "TokenWithdrawn",
            "call_graph": "withdrawTokens",
            "state_variables": {
                "isWrapped": "mapping(address => bool) public isWrapped;",
                "tokenTax": "mapping(address => uint256) public tokenTax;",
                "_tokenOwner": "mapping(address => address) public _tokenOwner;",
                "native": "address public native;"
            },
            "external_functions": []
        },
        "step1-time": 15.838545799255371,
        "step2-time": 285.7546441555023,
        "step2-call_api_times": 21,
        "step3-time": 65.9514217376709,
        "step3-call_api_times": 7,
        "step4-time": 5.347624063491821,
        "step4-call_api_times": 1
    },
    "time": 458.7122962474823,
    "this_cost": 0.08631799999999999,
    "this_prompt_tokens": 23231,
    "this_completion_tokens": 4982
}