{
    "QBridge.deposit": {
        "step1": {
            "prompt1": "\n你是一位经验丰富的跨链协议分析专家。你的任务是将根据提供的 Solidity 代码，将指定的跨链属性映射到代码中的参数上；如果某属性在代码中找不到对应参数，则不在输出中列出该属性，如果存在多个参数对应同一属性的可能性，每个属性至多输出3种参数映射方案。请严格遵循以下定义的输入格式和输出格式：\n输入格式： 你将接收一个 JSON 对象作为输入，其结构如下： \n{\n\"attribute\": \n{ \n\"<attribute>\": \"<attribute description>\" ,\n\"<attribute>\": \"<attribute description>\",\n...\n}\n\"code\": \"...\" // Solidity 合约代码字符串 \n}\n输出格式：\n返回一个 JSON 对象数组，每项结构如下：\n[ \n{\n\"parameter\": \"...\", // 代码中最可能对应该属性的参数名\n\"attribute\": \"...\", // 输入的跨链属性 \n\"reason\": \"...\" // 简要说明：为何选择此参数，以及可能的歧义 \n}, ... \n]\nreason 中请同时指出该映射的核心依据和潜在的不确定点（例如：参数名相似度、上下文含义模糊等）。\n\n输入：\n{\n\"attribute\": {\"toChainID\": \"Specifies the destination blockchain network ID.\", \"tokenAddress\": \"Indicates the contract address of the token to be transferred.\", \"amount\": \"The number of tokens to be transferred across chains.\", \"nonce\": \"Check and mark that nonce has not been consumed to prevent replay\", \"recipientAddress\": \"The address that will receive the tokens on the destination chain.\", \"externalCallAddress\": \"The address of a contract to be called after the cross-chain transfer.\", \"externalCallFunction\": \"The specific function or calldata to be executed on the `externalCallAddress`.\", \"routerAddress\": \"The address of the cross-chain router or bridge handler.\"},\n\"code\": [\"QBridge.deposit:function deposit(uint8 destinationDomainID, bytes32 resourceID, bytes calldata data) external payable notPaused {\\n        // AC inconsistency\\n        require(msg.value == fee, \\\"QBridge: invalid fee\\\");\\n\\n        address handler = resourceIDToHandlerAddress[resourceID];\\n        require(handler != address(0), \\\"QBridge: invalid resourceID\\\");\\n\\n        uint64 depositNonce = ++_depositCounts[destinationDomainID];\\n\\n        IQBridgeHandler(handler).deposit(resourceID, msg.sender, data);\\n        //DF inconsistency\\n        emit Deposit(destinationDomainID, resourceID, depositNonce, msg.sender, data);\\n    }\"]\n}\n",
            "outputs1": [
                [
                    {
                        "parameter": "destinationDomainID",
                        "attribute": "toChainID",
                        "reason": "The parameter 'destinationDomainID' is likely to represent the destination blockchain network ID as it specifies the target domain for the cross-chain transfer. However, it's defined as a uint8 which might not cover all chain IDs if they are larger numbers."
                    },
                    {
                        "parameter": "resourceID",
                        "attribute": "tokenAddress",
                        "reason": "'resourceID' could map to 'tokenAddress' as it uniquely identifies the resource (possibly a token) being transferred. However, it's a bytes32 type, which might encode more than just an address, leading to potential ambiguity."
                    },
                    {
                        "parameter": "data",
                        "attribute": "recipientAddress",
                        "reason": "'data' may contain the recipient address along with other transfer details, but this is speculative as the exact structure of 'data' is not visible in the provided code snippet."
                    },
                    {
                        "parameter": "_depositCounts[destinationDomainID]",
                        "attribute": "nonce",
                        "reason": "'_depositCounts[destinationDomainID]' acts as a nonce by incrementing with each deposit to prevent replay attacks. The mapping is clear, but note that it's specific to each destination domain."
                    },
                    {
                        "parameter": "msg.sender",
                        "attribute": "routerAddress",
                        "reason": "'msg.sender' could represent the router or bridge handler initiating the deposit, but this is uncertain as it might also be any caller authorized by the router."
                    }
                ]
            ],
            "v_prompt1": "\n你是一位严谨的跨链协议审计员和数据一致性验证者。仔细审查给定的多个跨链属性与参数在代码中的含义是否一致，并为其分配一个置信度分数 (0-100%)，指出给定该置信度分数的原因。\n\n输入格式： 你将接收一个 JSON 对象作为输入，其结构如下:\n{\n\"correspondence\":    // 代码中属性与参数对应的数组\n[\n{\n\"attribute\": \"...\", // 输入的跨链属性 \n\"parameter\": \"...\", // 对应的参数\n\"reason\": \"...\" // 简要的说明：为何选择此参数，以及可能的歧义 \n}\n...\n]，\n\"code\":\"...\" //跨链合约代码\n}\n\n输出格式：返回一个 JSON 对象数组，每项结构如下：\n[ \n{\n\"parameter\": \"...\", // 代码中最可能对应该属性的参数名\n\"attribute\": \"...\", // 输入的跨链属性 \n\"score\":\"...\", // 分配的置信度分数\n\"reason\": \"...\" // 简要说明给定该置信度分数的原因\n}, ... \n]\n输入：\n{\n\"correspondence\": [{\"parameter\": \"destinationDomainID\", \"attribute\": \"toChainID\", \"reason\": \"The parameter 'destinationDomainID' is likely to represent the destination blockchain network ID as it specifies the target domain for the cross-chain transfer. However, it's defined as a uint8 which might not cover all chain IDs if they are larger numbers.\"}, {\"parameter\": \"resourceID\", \"attribute\": \"tokenAddress\", \"reason\": \"'resourceID' could map to 'tokenAddress' as it uniquely identifies the resource (possibly a token) being transferred. However, it's a bytes32 type, which might encode more than just an address, leading to potential ambiguity.\"}, {\"parameter\": \"data\", \"attribute\": \"recipientAddress\", \"reason\": \"'data' may contain the recipient address along with other transfer details, but this is speculative as the exact structure of 'data' is not visible in the provided code snippet.\"}, {\"parameter\": \"_depositCounts[destinationDomainID]\", \"attribute\": \"nonce\", \"reason\": \"'_depositCounts[destinationDomainID]' acts as a nonce by incrementing with each deposit to prevent replay attacks. The mapping is clear, but note that it's specific to each destination domain.\"}, {\"parameter\": \"msg.sender\", \"attribute\": \"routerAddress\", \"reason\": \"'msg.sender' could represent the router or bridge handler initiating the deposit, but this is uncertain as it might also be any caller authorized by the router.\"}],\n\"code\" [\"QBridge.deposit:function deposit(uint8 destinationDomainID, bytes32 resourceID, bytes calldata data) external payable notPaused {\\n        // AC inconsistency\\n        require(msg.value == fee, \\\"QBridge: invalid fee\\\");\\n\\n        address handler = resourceIDToHandlerAddress[resourceID];\\n        require(handler != address(0), \\\"QBridge: invalid resourceID\\\");\\n\\n        uint64 depositNonce = ++_depositCounts[destinationDomainID];\\n\\n        IQBridgeHandler(handler).deposit(resourceID, msg.sender, data);\\n        //DF inconsistency\\n        emit Deposit(destinationDomainID, resourceID, depositNonce, msg.sender, data);\\n    }\"]:\n}\n\n",
            "v_outputs1": [
                [
                    {
                        "parameter": "destinationDomainID",
                        "attribute": "toChainID",
                        "score": 90,
                        "reason": "The parameter 'destinationDomainID' clearly represents the destination blockchain network ID, as it is used to specify the target domain for cross-chain transfers. The confidence is high, but reduced slightly due to the potential limitation of uint8 not covering all possible chain IDs if they exceed 255."
                    },
                    {
                        "parameter": "resourceID",
                        "attribute": "tokenAddress",
                        "score": 70,
                        "reason": "'resourceID' could map to 'tokenAddress' as it uniquely identifies a resource (likely a token) for transfer. However, since it is a bytes32 type, it may encode additional information beyond just an address, introducing some ambiguity."
                    },
                    {
                        "parameter": "data",
                        "attribute": "recipientAddress",
                        "score": 50,
                        "reason": "'data' might contain the recipient address among other transfer details, but this is speculative. Without visibility into the exact structure of 'data', the confidence is moderate at best."
                    },
                    {
                        "parameter": "_depositCounts[destinationDomainID]",
                        "attribute": "nonce",
                        "score": 85,
                        "reason": "'_depositCounts[destinationDomainID]' effectively acts as a nonce by incrementing with each deposit to prevent replay attacks. The mapping is clear, though it is specific to each destination domain, which slightly reduces confidence if a global nonce was expected."
                    },
                    {
                        "parameter": "msg.sender",
                        "attribute": "routerAddress",
                        "score": 60,
                        "reason": "'msg.sender' could represent the router or bridge handler initiating the deposit, but this is uncertain. It might also be any authorized caller, reducing confidence in this mapping."
                    }
                ]
            ],
            "formatted_outputs1": {
                "destinationDomainID": {
                    "toChainID": {
                        "reason": "The parameter 'destinationDomainID' is likely to represent the destination blockchain network ID as it specifies the target domain for the cross-chain transfer. However, it's defined as a uint8 which might not cover all chain IDs if they are larger numbers.",
                        "score": 90,
                        "s_reason": "The parameter 'destinationDomainID' clearly represents the destination blockchain network ID, as it is used to specify the target domain for cross-chain transfers. The confidence is high, but reduced slightly due to the potential limitation of uint8 not covering all possible chain IDs if they exceed 255."
                    }
                },
                "resourceID": {
                    "tokenAddress": {
                        "reason": "'resourceID' could map to 'tokenAddress' as it uniquely identifies the resource (possibly a token) being transferred. However, it's a bytes32 type, which might encode more than just an address, leading to potential ambiguity.",
                        "score": 70,
                        "s_reason": "'resourceID' could map to 'tokenAddress' as it uniquely identifies a resource (likely a token) for transfer. However, since it is a bytes32 type, it may encode additional information beyond just an address, introducing some ambiguity."
                    }
                },
                "data": {
                    "recipientAddress": {
                        "reason": "'data' may contain the recipient address along with other transfer details, but this is speculative as the exact structure of 'data' is not visible in the provided code snippet.",
                        "score": 50,
                        "s_reason": "'data' might contain the recipient address among other transfer details, but this is speculative. Without visibility into the exact structure of 'data', the confidence is moderate at best."
                    }
                },
                "_depositCounts[destinationDomainID]": {
                    "nonce": {
                        "reason": "'_depositCounts[destinationDomainID]' acts as a nonce by incrementing with each deposit to prevent replay attacks. The mapping is clear, but note that it's specific to each destination domain.",
                        "score": 85,
                        "s_reason": "'_depositCounts[destinationDomainID]' effectively acts as a nonce by incrementing with each deposit to prevent replay attacks. The mapping is clear, though it is specific to each destination domain, which slightly reduces confidence if a global nonce was expected."
                    }
                },
                "msg.sender": {
                    "routerAddress": {
                        "reason": "'msg.sender' could represent the router or bridge handler initiating the deposit, but this is uncertain as it might also be any caller authorized by the router.",
                        "score": 60,
                        "s_reason": "'msg.sender' could represent the router or bridge handler initiating the deposit, but this is uncertain. It might also be any authorized caller, reducing confidence in this mapping."
                    }
                }
            }
        },
        "step2": {
            "toChainID": {
                "destinationDomainID": {
                    "dataflows": [
                        {
                            "parameter": "destinationDomainID",
                            "dataflow": {
                                "deposit": [
                                    "function deposit(uint8 destinationDomainID, bytes32 resourceID, bytes calldata data) external payable notPaused {",
                                    "uint64 depositNonce = ++_depositCounts[destinationDomainID];",
                                    "emit Deposit(destinationDomainID, resourceID, depositNonce, msg.sender, data);"
                                ]
                            },
                            "coverage": "90",
                            "correctness": "85",
                            "score": "87",
                            "reason": "The dataflow code covers the key operations involving destinationDomainID, including its use in depositNonce calculation and event emission. However, there are potential inconsistencies noted (AC and DF) in the full code that slightly reduce correctness confidence. The parameter is properly validated through implicit usage in mapping operations."
                        },
                        {
                            "parameter": "destinationDomainID",
                            "dataflow": {
                                "deposit": [
                                    "function deposit(uint8 destinationDomainID, bytes32 resourceID, bytes calldata data) external payable notPaused {",
                                    "uint64 depositNonce = ++_depositCounts[destinationDomainID];",
                                    "emit Deposit(destinationDomainID, resourceID, depositNonce, msg.sender, data);"
                                ]
                            },
                            "coverage": "90",
                            "correctness": "85",
                            "score": "87",
                            "reason": "The dataflow code for 'destinationDomainID' covers its usage in both the deposit function call and the event emission, which are critical points in the original code. However, there's a minor inconsistency noted as 'DF inconsistency' in the original code comments, which slightly impacts the correctness score. The coverage is high because all instances where 'destinationDomainID' is used are accounted for in the dataflow."
                        }
                    ],
                    "merge_dataflows": "function deposit(uint8 destinationDomainID, bytes32 resourceID, bytes calldata data) external payable notPaused {\n    uint64 depositNonce = ++_depositCounts[destinationDomainID];\n    emit Deposit(destinationDomainID, resourceID, depositNonce, msg.sender, data);"
                }
            },
            "tokenAddress": {
                "resourceID": {
                    "dataflows": [
                        {
                            "parameter": "resourceID",
                            "dataflow": {
                                "deposit": [
                                    "function deposit(uint8 destinationDomainID, bytes32 resourceID, bytes calldata data) external payable notPaused {",
                                    "address handler = resourceIDToHandlerAddress[resourceID];",
                                    "require(handler != address(0), \"QBridge: invalid resourceID\");",
                                    "IQBridgeHandler(handler).deposit(resourceID, msg.sender, data);",
                                    "emit Deposit(destinationDomainID, resourceID, depositNonce, msg.sender, data);"
                                ]
                            },
                            "coverage": "90",
                            "correctness": "85",
                            "score": "87",
                            "reason": "The dataflow code covers the main operations involving resourceID, including handler address lookup, validation, and deposit execution. However, there are minor inconsistencies such as the additional fee check and depositNonce increment in the original code that are not reflected in the dataflow snippet. The correctness is slightly impacted by these omissions, but the core functionality related to resourceID is accurately represented."
                        },
                        {
                            "parameter": "resourceID",
                            "dataflow": {
                                "deposit": [
                                    "function deposit(uint8 destinationDomainID, bytes32 resourceID, bytes calldata data) external payable notPaused {",
                                    "address handler = resourceIDToHandlerAddress[resourceID];",
                                    "require(handler != address(0), \"QBridge: invalid resourceID\");",
                                    "IQBridgeHandler(handler).deposit(resourceID, msg.sender, data);",
                                    "emit Deposit(destinationDomainID, resourceID, depositNonce, msg.sender, data);"
                                ]
                            },
                            "coverage": "90",
                            "correctness": "85",
                            "score": "87",
                            "reason": "The dataflow extraction covers the key operations involving resourceID, including handler address lookup, validation, and usage in deposit function. However, it misses the fee check and depositNonce increment which are part of the full context. Correctness is slightly lower due to potential side effects from these omitted checks."
                        }
                    ],
                    "merge_dataflows": "function deposit(uint8 destinationDomainID, bytes32 resourceID, bytes calldata data) external payable notPaused { address handler = resourceIDToHandlerAddress[resourceID]; require(handler != address(0), \"QBridge: invalid resourceID\"); IQBridgeHandler(handler).deposit(resourceID, msg.sender, data); emit Deposit(destinationDomainID, resourceID, depositNonce, msg.sender, data);"
                }
            },
            "recipientAddress": {
                "data": {
                    "dataflows": [
                        {
                            "parameter": "data",
                            "dataflow": {
                                "deposit": [
                                    "function deposit(uint8 destinationDomainID, bytes32 resourceID, bytes calldata data) external payable notPaused {",
                                    "IQBridgeHandler(handler).deposit(resourceID, msg.sender, data);",
                                    "emit Deposit(destinationDomainID, resourceID, depositNonce, msg.sender, data);"
                                ]
                            },
                            "coverage": "100",
                            "correctness": "90",
                            "score": "95",
                            "reason": "数据流代码完全覆盖了原始代码中对参数'data'的使用，包括在函数调用和事件发射中的传递。正确性方面，由于存在注释提到的'AC inconsistency'和'DF inconsistency'潜在问题，虽然不影响数据流的直接传递，但可能影响整体协议的正确性，因此扣减10分。"
                        },
                        {
                            "parameter": "data",
                            "dataflow": {
                                "deposit": [
                                    "function deposit(uint8 destinationDomainID, bytes32 resourceID, bytes calldata data) external payable notPaused {",
                                    "        IQBridgeHandler(handler).deposit(resourceID, msg.sender, data);",
                                    "        emit Deposit(destinationDomainID, resourceID, depositNonce, msg.sender, data);"
                                ]
                            },
                            "coverage": "90",
                            "correctness": "80",
                            "score": "85",
                            "reason": "The dataflow code covers the main operations involving the 'data' parameter in the deposit function, including its use in the handler deposit call and event emission. However, there are noted inconsistencies (AC and DF) in the original code that affect the correctness score. The coverage is high because all instances of 'data' usage are captured, but correctness is slightly lower due to potential issues highlighted in the comments."
                        }
                    ],
                    "merge_dataflows": "function deposit(uint8 destinationDomainID, bytes32 resourceID, bytes calldata data) external payable notPaused {\n        IQBridgeHandler(handler).deposit(resourceID, msg.sender, data);\n        emit Deposit(destinationDomainID, resourceID, depositNonce, msg.sender, data);"
                }
            },
            "nonce": {
                "_depositCounts[destinationDomainID]": {
                    "dataflows": [
                        {
                            "parameter": "_depositCounts[destinationDomainID]",
                            "dataflow": {
                                "deposit": [
                                    "function deposit(uint8 destinationDomainID, bytes32 resourceID, bytes calldata data) external payable notPaused {",
                                    "        uint64 depositNonce = ++_depositCounts[destinationDomainID];",
                                    "        emit Deposit(destinationDomainID, resourceID, depositNonce, msg.sender, data);"
                                ]
                            },
                            "coverage": "95",
                            "correctness": "90",
                            "score": "92",
                            "reason": "The dataflow extraction accurately captures the increment operation on _depositCounts[destinationDomainID] in both the deposit function declaration and the actual usage within the code. The coverage is high as it includes all relevant lines where the parameter is used. The correctness is slightly lower due to potential external factors like reentrancy not being explicitly handled, though the basic operation is correct."
                        },
                        {
                            "parameter": "_depositCounts[destinationDomainID]",
                            "dataflow": {
                                "deposit": [
                                    "uint64 depositNonce = ++_depositCounts[destinationDomainID];",
                                    "emit Deposit(destinationDomainID, resourceID, depositNonce, msg.sender, data);"
                                ]
                            },
                            "coverage": "90",
                            "correctness": "85",
                            "score": "87",
                            "reason": "The dataflow code correctly captures the increment operation and emission of the Deposit event, which are critical for tracking deposits. However, there's a minor concern about potential AC inconsistency due to the fee check and handler validation that precedes the deposit count increment. The coverage is high as it includes all direct interactions with the parameter, but correctness is slightly lower due to the surrounding context that could affect the parameter's state indirectly."
                        }
                    ],
                    "merge_dataflows": "function deposit(uint8 destinationDomainID, bytes32 resourceID, bytes calldata data) external payable notPaused {\n        uint64 depositNonce = ++_depositCounts[destinationDomainID];\n        emit Deposit(destinationDomainID, resourceID, depositNonce, msg.sender, data);"
                }
            },
            "routerAddress": {
                "msg.sender": {
                    "dataflows": [
                        {
                            "parameter": "msg.sender",
                            "dataflow": {
                                "deposit": [
                                    "function deposit(uint8 destinationDomainID, bytes32 resourceID, bytes calldata data) external payable notPaused {",
                                    "        require(msg.value == fee, \"QBridge: invalid fee\");",
                                    "        address handler = resourceIDToHandlerAddress[resourceID];",
                                    "        require(handler != address(0), \"QBridge: invalid resourceID\");",
                                    "        uint64 depositNonce = ++_depositCounts[destinationDomainID];",
                                    "        IQBridgeHandler(handler).deposit(resourceID, msg.sender, data);",
                                    "        emit Deposit(destinationDomainID, resourceID, depositNonce, msg.sender, data);"
                                ]
                            },
                            "coverage": "100",
                            "correctness": "90",
                            "score": "95",
                            "reason": "The parameter 'msg.sender' is fully covered in the dataflow as it is used in both the deposit function call and the emit statement. The correctness is slightly reduced due to a comment indicating a potential inconsistency ('DF inconsistency'), but there is no actual discrepancy found in the usage of 'msg.sender' between the dataflow and the original code."
                        },
                        {
                            "parameter": "msg.sender",
                            "dataflow": {
                                "deposit": [
                                    "function deposit(uint8 destinationDomainID, bytes32 resourceID, bytes calldata data) external payable notPaused {",
                                    "        IQBridgeHandler(handler).deposit(resourceID, msg.sender, data);",
                                    "        emit Deposit(destinationDomainID, resourceID, depositNonce, msg.sender, data);"
                                ]
                            },
                            "coverage": "100",
                            "correctness": "100",
                            "score": "100",
                            "reason": "The parameter 'msg.sender' is fully covered in the dataflow code and correctly used in both the deposit function call and the emit Deposit event. The original code confirms that 'msg.sender' is passed as an argument to the IQBridgeHandler.deposit function and is also included in the emitted event, matching exactly with the dataflow provided. There are no discrepancies or missing instances of 'msg.sender' in the original code compared to the dataflow."
                        }
                    ],
                    "merge_dataflows": "function deposit(uint8 destinationDomainID, bytes32 resourceID, bytes calldata data) external payable notPaused {\n        require(msg.value == fee, \"QBridge: invalid fee\");\n        address handler = resourceIDToHandlerAddress[resourceID];\n        require(handler != address(0), \"QBridge: invalid resourceID\");\n        uint64 depositNonce = ++_depositCounts[destinationDomainID];\n        IQBridgeHandler(handler).deposit(resourceID, msg.sender, data);\n        emit Deposit(destinationDomainID, resourceID, depositNonce, msg.sender, data);"
                }
            }
        },
        "step3": {
            "toChainID": {
                "destinationDomainID": {
                    "Check whether toChainID is authorized.": {
                        "original": [
                            {
                                "result": false,
                                "validation": [],
                                "reason": "无"
                            },
                            {
                                "result": false,
                                "validation": [],
                                "reason": "无"
                            },
                            {
                                "result": false,
                                "validation": [],
                                "reason": "无"
                            }
                        ],
                        "verify_filtered": []
                    },
                    "Check that the destination chain ID is not equal to the source chain ID.": {
                        "original": [
                            {
                                "result": false,
                                "validation": [],
                                "reason": "无"
                            },
                            {
                                "result": false,
                                "validation": [],
                                "reason": "无"
                            },
                            {
                                "result": false,
                                "validation": [],
                                "reason": "无"
                            }
                        ],
                        "verify_filtered": []
                    }
                }
            },
            "tokenAddress": {
                "resourceID": {
                    "Check whether the tokenAddress is authorized to use.": {
                        "original": [
                            {
                                "result": false,
                                "validation": [],
                                "reason": "无"
                            },
                            {
                                "result": false,
                                "validation": [],
                                "reason": "无"
                            },
                            {
                                "result": false,
                                "validation": [],
                                "reason": "无"
                            }
                        ],
                        "verify_filtered": []
                    }
                }
            },
            "recipientAddress": {
                "data": {
                    "Validate that recipientAddress is not the zero address": {
                        "original": [
                            {
                                "result": false,
                                "validation": [],
                                "reason": "无"
                            },
                            {
                                "result": false,
                                "validation": [],
                                "reason": "无"
                            },
                            {
                                "result": false,
                                "validation": [],
                                "reason": "无"
                            }
                        ],
                        "verify_filtered": []
                    }
                }
            },
            "nonce": {
                "_depositCounts[destinationDomainID]": {
                    "Check if the transaction's nonce is equal to the account's current nonce.": {
                        "original": [
                            {
                                "result": false,
                                "validation": [],
                                "reason": "无"
                            },
                            {
                                "result": false,
                                "validation": [],
                                "reason": "无"
                            },
                            {
                                "result": false,
                                "validation": [],
                                "reason": "无"
                            }
                        ],
                        "verify_filtered": []
                    }
                }
            },
            "routerAddress": {
                "msg.sender": {
                    "Check whether the routerAddress is authorized to use.": {
                        "original": [
                            {
                                "result": false,
                                "validation": [],
                                "reason": "无"
                            },
                            {
                                "result": false,
                                "validation": [],
                                "reason": "无"
                            },
                            {
                                "result": false,
                                "validation": [],
                                "reason": "无"
                            }
                        ],
                        "verify_filtered": []
                    }
                }
            }
        },
        "step4": {
            "toChainID": {
                "destinationDomainID": {}
            },
            "tokenAddress": {
                "resourceID": {}
            },
            "recipientAddress": {
                "data": {}
            },
            "nonce": {
                "_depositCounts[destinationDomainID]": {}
            },
            "routerAddress": {
                "msg.sender": {}
            }
        },
        "final_result": {
            "toChainID": {
                "destinationDomainID": {
                    "Check whether toChainID is authorized.": [
                        {
                            "parameter": "destinationDomainID",
                            "constraint": "Check whether toChainID is authorized.",
                            "validation": "",
                            "reason": "在step3中未找到约束相关代码，不执行后续步骤"
                        }
                    ],
                    "Check that the destination chain ID is not equal to the source chain ID.": [
                        {
                            "parameter": "destinationDomainID",
                            "constraint": "Check that the destination chain ID is not equal to the source chain ID.",
                            "validation": "",
                            "reason": "在step3中未找到约束相关代码，不执行后续步骤"
                        }
                    ]
                }
            },
            "tokenAddress": {
                "resourceID": {
                    "Check whether the tokenAddress is authorized to use.": [
                        {
                            "parameter": "resourceID",
                            "constraint": "Check whether the tokenAddress is authorized to use.",
                            "validation": "",
                            "reason": "在step3中未找到约束相关代码，不执行后续步骤"
                        }
                    ]
                }
            },
            "recipientAddress": {
                "data": {
                    "Validate that recipientAddress is not the zero address": [
                        {
                            "parameter": "data",
                            "constraint": "Validate that recipientAddress is not the zero address",
                            "validation": "",
                            "reason": "在step3中未找到约束相关代码，不执行后续步骤"
                        }
                    ]
                }
            },
            "nonce": {
                "_depositCounts[destinationDomainID]": {
                    "Check if the transaction's nonce is equal to the account's current nonce.": [
                        {
                            "parameter": "_depositCounts[destinationDomainID]",
                            "constraint": "Check if the transaction's nonce is equal to the account's current nonce.",
                            "validation": "",
                            "reason": "在step3中未找到约束相关代码，不执行后续步骤"
                        }
                    ]
                }
            },
            "routerAddress": {
                "msg.sender": {
                    "Check whether the routerAddress is authorized to use.": [
                        {
                            "parameter": "msg.sender",
                            "constraint": "Check whether the routerAddress is authorized to use.",
                            "validation": "",
                            "reason": "在step3中未找到约束相关代码，不执行后续步骤"
                        }
                    ]
                }
            }
        },
        "context": {
            "event": "Deposit",
            "call_graph": "deposit",
            "state_variables": {
                "fee": "uint128 public fee;",
                "_depositCounts": "mapping(uint8 => uint64) public _depositCounts;",
                "resourceIDToHandlerAddress": "mapping(bytes32 => address) public resourceIDToHandlerAddress;"
            },
            "external_functions": []
        },
        "step1-time": 28.042520761489868,
        "step2-time": 780.9971544742584,
        "step2-call_api_times": 35,
        "step3-time": 72.61913871765137,
        "step3-call_api_times": 6,
        "step4-time": 0.002005338668823242,
        "step4-call_api_times": 0
    },
    "QBridge.depositETH": {
        "step1": {
            "prompt1": "\n你是一位经验丰富的跨链协议分析专家。你的任务是将根据提供的 Solidity 代码，将指定的跨链属性映射到代码中的参数上；如果某属性在代码中找不到对应参数，则不在输出中列出该属性，如果存在多个参数对应同一属性的可能性，每个属性至多输出3种参数映射方案。请严格遵循以下定义的输入格式和输出格式：\n输入格式： 你将接收一个 JSON 对象作为输入，其结构如下： \n{\n\"attribute\": \n{ \n\"<attribute>\": \"<attribute description>\" ,\n\"<attribute>\": \"<attribute description>\",\n...\n}\n\"code\": \"...\" // Solidity 合约代码字符串 \n}\n输出格式：\n返回一个 JSON 对象数组，每项结构如下：\n[ \n{\n\"parameter\": \"...\", // 代码中最可能对应该属性的参数名\n\"attribute\": \"...\", // 输入的跨链属性 \n\"reason\": \"...\" // 简要说明：为何选择此参数，以及可能的歧义 \n}, ... \n]\nreason 中请同时指出该映射的核心依据和潜在的不确定点（例如：参数名相似度、上下文含义模糊等）。\n\n输入：\n{\n\"attribute\": {\"toChainID\": \"Specifies the destination blockchain network ID.\", \"tokenAddress\": \"Indicates the contract address of the token to be transferred.\", \"amount\": \"The number of tokens to be transferred across chains.\", \"nonce\": \"Check and mark that nonce has not been consumed to prevent replay\", \"recipientAddress\": \"The address that will receive the tokens on the destination chain.\", \"externalCallAddress\": \"The address of a contract to be called after the cross-chain transfer.\", \"externalCallFunction\": \"The specific function or calldata to be executed on the `externalCallAddress`.\", \"routerAddress\": \"The address of the cross-chain router or bridge handler.\"},\n\"code\": [\"QBridge.depositETH:function depositETH(uint8 destinationDomainID, bytes32 resourceID, bytes calldata data) external payable notPaused {\\n        uint option;\\n        uint amount;\\n        (option, amount) = abi.decode(data, (uint, uint));\\n        // AC inconsistency\\n        require(msg.value == amount.add(fee), \\\"QBridge: invalid fee\\\");\\n\\n        address handler = resourceIDToHandlerAddress[resourceID];\\n        require(handler != address(0), \\\"QBridge: invalid resourceID\\\");\\n\\n        uint64 depositNonce = ++_depositCounts[destinationDomainID];\\n\\n        IQBridgeHandler(handler).depositETH{value:amount}(resourceID, msg.sender, data);\\n        //DF inconsistency\\n        emit Deposit(destinationDomainID, resourceID, depositNonce, msg.sender, data);\\n    }\"]\n}\n",
            "outputs1": [
                [
                    {
                        "parameter": "destinationDomainID",
                        "attribute": "toChainID",
                        "reason": "The parameter 'destinationDomainID' likely represents the destination blockchain network ID, as it is used to specify where the deposit is being sent. However, it's unclear if 'domainID' directly maps to 'chainID' in all contexts."
                    },
                    {
                        "parameter": "amount",
                        "attribute": "amount",
                        "reason": "The parameter 'amount' directly corresponds to the number of tokens to be transferred, as it is decoded from the input data and used in the deposit function. No ambiguity here."
                    },
                    {
                        "parameter": "depositNonce",
                        "attribute": "nonce",
                        "reason": "'depositNonce' is incremented for each deposit and likely serves as a nonce to prevent replay attacks. However, it's specific to deposits on a per-domain basis, which may not cover all nonce use cases."
                    },
                    {
                        "parameter": "msg.sender",
                        "attribute": "recipientAddress",
                        "reason": "'msg.sender' could represent the recipient address as it is passed to the handler, but it might also just be the depositor's address. The exact role depends on handler implementation."
                    },
                    {
                        "parameter": "resourceIDToHandlerAddress[resourceID]",
                        "attribute": "routerAddress",
                        "reason": "'handler' address retrieved from 'resourceIDToHandlerAddress' might act as a router or bridge handler, but this depends on the broader contract context not fully visible here."
                    }
                ]
            ],
            "v_prompt1": "\n你是一位严谨的跨链协议审计员和数据一致性验证者。仔细审查给定的多个跨链属性与参数在代码中的含义是否一致，并为其分配一个置信度分数 (0-100%)，指出给定该置信度分数的原因。\n\n输入格式： 你将接收一个 JSON 对象作为输入，其结构如下:\n{\n\"correspondence\":    // 代码中属性与参数对应的数组\n[\n{\n\"attribute\": \"...\", // 输入的跨链属性 \n\"parameter\": \"...\", // 对应的参数\n\"reason\": \"...\" // 简要的说明：为何选择此参数，以及可能的歧义 \n}\n...\n]，\n\"code\":\"...\" //跨链合约代码\n}\n\n输出格式：返回一个 JSON 对象数组，每项结构如下：\n[ \n{\n\"parameter\": \"...\", // 代码中最可能对应该属性的参数名\n\"attribute\": \"...\", // 输入的跨链属性 \n\"score\":\"...\", // 分配的置信度分数\n\"reason\": \"...\" // 简要说明给定该置信度分数的原因\n}, ... \n]\n输入：\n{\n\"correspondence\": [{\"parameter\": \"destinationDomainID\", \"attribute\": \"toChainID\", \"reason\": \"The parameter 'destinationDomainID' likely represents the destination blockchain network ID, as it is used to specify where the deposit is being sent. However, it's unclear if 'domainID' directly maps to 'chainID' in all contexts.\"}, {\"parameter\": \"amount\", \"attribute\": \"amount\", \"reason\": \"The parameter 'amount' directly corresponds to the number of tokens to be transferred, as it is decoded from the input data and used in the deposit function. No ambiguity here.\"}, {\"parameter\": \"depositNonce\", \"attribute\": \"nonce\", \"reason\": \"'depositNonce' is incremented for each deposit and likely serves as a nonce to prevent replay attacks. However, it's specific to deposits on a per-domain basis, which may not cover all nonce use cases.\"}, {\"parameter\": \"msg.sender\", \"attribute\": \"recipientAddress\", \"reason\": \"'msg.sender' could represent the recipient address as it is passed to the handler, but it might also just be the depositor's address. The exact role depends on handler implementation.\"}, {\"parameter\": \"resourceIDToHandlerAddress[resourceID]\", \"attribute\": \"routerAddress\", \"reason\": \"'handler' address retrieved from 'resourceIDToHandlerAddress' might act as a router or bridge handler, but this depends on the broader contract context not fully visible here.\"}],\n\"code\" [\"QBridge.depositETH:function depositETH(uint8 destinationDomainID, bytes32 resourceID, bytes calldata data) external payable notPaused {\\n        uint option;\\n        uint amount;\\n        (option, amount) = abi.decode(data, (uint, uint));\\n        // AC inconsistency\\n        require(msg.value == amount.add(fee), \\\"QBridge: invalid fee\\\");\\n\\n        address handler = resourceIDToHandlerAddress[resourceID];\\n        require(handler != address(0), \\\"QBridge: invalid resourceID\\\");\\n\\n        uint64 depositNonce = ++_depositCounts[destinationDomainID];\\n\\n        IQBridgeHandler(handler).depositETH{value:amount}(resourceID, msg.sender, data);\\n        //DF inconsistency\\n        emit Deposit(destinationDomainID, resourceID, depositNonce, msg.sender, data);\\n    }\"]:\n}\n\n",
            "v_outputs1": [
                [
                    {
                        "parameter": "destinationDomainID",
                        "attribute": "toChainID",
                        "score": 85,
                        "reason": "The parameter 'destinationDomainID' likely represents the destination blockchain network ID, as indicated by its usage in specifying the target chain for deposits. However, the term 'domainID' might not universally map to 'chainID' across all contexts, introducing slight ambiguity."
                    },
                    {
                        "parameter": "amount",
                        "attribute": "amount",
                        "score": 100,
                        "reason": "The parameter 'amount' directly corresponds to the number of tokens to be transferred, as it is explicitly decoded from the input data and used in the deposit function. There is no ambiguity here."
                    },
                    {
                        "parameter": "depositNonce",
                        "attribute": "nonce",
                        "score": 90,
                        "reason": "'depositNonce' is clearly used as a nonce to prevent replay attacks, as it is incremented for each deposit on a per-domain basis. While it serves the purpose of a nonce, its scope is limited to deposits, which might not cover all nonce use cases."
                    },
                    {
                        "parameter": "msg.sender",
                        "attribute": "recipientAddress",
                        "score": 70,
                        "reason": "'msg.sender' could represent the recipient address as it is passed to the handler, but it might also just be the depositor's address. The exact role depends on the handler's implementation, which isn't fully visible here."
                    },
                    {
                        "parameter": "resourceIDToHandlerAddress[resourceID]",
                        "attribute": "routerAddress",
                        "score": 75,
                        "reason": "'handler' address retrieved from 'resourceIDToHandlerAddress' might act as a router or bridge handler, but this depends on the broader contract context not fully visible here. The term 'handler' could imply various roles."
                    }
                ]
            ],
            "formatted_outputs1": {
                "destinationDomainID": {
                    "toChainID": {
                        "reason": "The parameter 'destinationDomainID' likely represents the destination blockchain network ID, as it is used to specify where the deposit is being sent. However, it's unclear if 'domainID' directly maps to 'chainID' in all contexts.",
                        "score": 85,
                        "s_reason": "The parameter 'destinationDomainID' likely represents the destination blockchain network ID, as indicated by its usage in specifying the target chain for deposits. However, the term 'domainID' might not universally map to 'chainID' across all contexts, introducing slight ambiguity."
                    }
                },
                "amount": {
                    "amount": {
                        "reason": "The parameter 'amount' directly corresponds to the number of tokens to be transferred, as it is decoded from the input data and used in the deposit function. No ambiguity here.",
                        "score": 100,
                        "s_reason": "The parameter 'amount' directly corresponds to the number of tokens to be transferred, as it is explicitly decoded from the input data and used in the deposit function. There is no ambiguity here."
                    }
                },
                "depositNonce": {
                    "nonce": {
                        "reason": "'depositNonce' is incremented for each deposit and likely serves as a nonce to prevent replay attacks. However, it's specific to deposits on a per-domain basis, which may not cover all nonce use cases.",
                        "score": 90,
                        "s_reason": "'depositNonce' is clearly used as a nonce to prevent replay attacks, as it is incremented for each deposit on a per-domain basis. While it serves the purpose of a nonce, its scope is limited to deposits, which might not cover all nonce use cases."
                    }
                },
                "msg.sender": {
                    "recipientAddress": {
                        "reason": "'msg.sender' could represent the recipient address as it is passed to the handler, but it might also just be the depositor's address. The exact role depends on handler implementation.",
                        "score": 70,
                        "s_reason": "'msg.sender' could represent the recipient address as it is passed to the handler, but it might also just be the depositor's address. The exact role depends on the handler's implementation, which isn't fully visible here."
                    }
                },
                "resourceIDToHandlerAddress[resourceID]": {
                    "routerAddress": {
                        "reason": "'handler' address retrieved from 'resourceIDToHandlerAddress' might act as a router or bridge handler, but this depends on the broader contract context not fully visible here.",
                        "score": 75,
                        "s_reason": "'handler' address retrieved from 'resourceIDToHandlerAddress' might act as a router or bridge handler, but this depends on the broader contract context not fully visible here. The term 'handler' could imply various roles."
                    }
                }
            }
        },
        "step2": {
            "toChainID": {
                "destinationDomainID": {
                    "dataflows": [
                        {
                            "parameter": "destinationDomainID",
                            "dataflow": {
                                "depositETH": [
                                    "function depositETH(uint8 destinationDomainID, bytes32 resourceID, bytes calldata data) external payable notPaused {",
                                    "uint64 depositNonce = ++_depositCounts[destinationDomainID];",
                                    "emit Deposit(destinationDomainID, resourceID, depositNonce, msg.sender, data);"
                                ]
                            },
                            "coverage": "90",
                            "correctness": "85",
                            "score": "87",
                            "reason": "The dataflow code covers the parameter's usage in incrementing deposit counts and emitting events, but lacks validation checks present in the full code. Correctness is slightly lower due to missing context of handler address validation and fee calculation."
                        },
                        {
                            "parameter": "destinationDomainID",
                            "dataflow": {
                                "depositETH": [
                                    "function depositETH(uint8 destinationDomainID, bytes32 resourceID, bytes calldata data) external payable notPaused {",
                                    "uint64 depositNonce = ++_depositCounts[destinationDomainID];",
                                    "emit Deposit(destinationDomainID, resourceID, depositNonce, msg.sender, data);"
                                ]
                            },
                            "coverage": "90",
                            "correctness": "85",
                            "score": "87",
                            "reason": "The dataflow code covers the key operations involving destinationDomainID (nonce increment and event emission), but lacks the handler validation logic present in the full code. Correctness is slightly reduced due to potential side effects from omitted checks (resourceID validation and fee calculation)."
                        }
                    ],
                    "merge_dataflows": "function depositETH(uint8 destinationDomainID, bytes32 resourceID, bytes calldata data) external payable notPaused {\n    uint64 depositNonce = ++_depositCounts[destinationDomainID];\n    emit Deposit(destinationDomainID, resourceID, depositNonce, msg.sender, data);"
                }
            },
            "amount": {
                "amount": {
                    "dataflows": [
                        {
                            "parameter": "amount",
                            "dataflow": {
                                "depositETH": [
                                    "uint option;\n        uint amount;\n        (option, amount) = abi.decode(data, (uint, uint));",
                                    "require(msg.value == amount.add(fee), \"QBridge: invalid fee\");",
                                    "IQBridgeHandler(handler).depositETH{value:amount}(resourceID, msg.sender, data);",
                                    "emit Deposit(destinationDomainID, resourceID, depositNonce, msg.sender, data);"
                                ]
                            },
                            "coverage": "95",
                            "correctness": "90",
                            "score": "92",
                            "reason": "The dataflow code for 'amount' covers all critical operations including decoding from input data, value validation, handler invocation, and event emission. The correctness is slightly reduced due to potential arithmetic overflow risks in 'amount.add(fee)' and lack of explicit bounds checking on 'amount'."
                        },
                        {
                            "parameter": "amount",
                            "dataflow": {
                                "depositETH": [
                                    "function depositETH(uint8 destinationDomainID, bytes32 resourceID, bytes calldata data) external payable notPaused {\n        uint option;\n        uint amount;\n        (option, amount) = abi.decode(data, (uint, uint));",
                                    "require(msg.value == amount.add(fee), \"QBridge: invalid fee\");",
                                    "IQBridgeHandler(handler).depositETH{value:amount}(resourceID, msg.sender, data);",
                                    "emit Deposit(destinationDomainID, resourceID, depositNonce, msg.sender, data);"
                                ]
                            },
                            "coverage": "90",
                            "correctness": "80",
                            "score": "85",
                            "reason": "The dataflow for 'amount' covers all critical operations including decoding from input data, fee validation, and handler deposit. However, there are potential inconsistencies noted in the comments (AC inconsistency and DF inconsistency) which affect correctness. The score reflects good coverage but slightly reduced confidence in correctness due to these flagged issues."
                        }
                    ],
                    "merge_dataflows": "function depositETH(uint8 destinationDomainID, bytes32 resourceID, bytes calldata data) external payable notPaused {\n        uint option;\n        uint amount;\n        (option, amount) = abi.decode(data, (uint, uint));\n        require(msg.value == amount.add(fee), \"QBridge: invalid fee\");\n        IQBridgeHandler(handler).depositETH{value:amount}(resourceID, msg.sender, data);\n        emit Deposit(destinationDomainID, resourceID, depositNonce, msg.sender, data);"
                }
            },
            "nonce": {
                "depositNonce": {
                    "dataflows": [
                        {
                            "parameter": "depositNonce",
                            "dataflow": {
                                "depositETH": [
                                    "uint64 depositNonce = ++_depositCounts[destinationDomainID];",
                                    "emit Deposit(destinationDomainID, resourceID, depositNonce, msg.sender, data);"
                                ]
                            },
                            "coverage": "100",
                            "correctness": "90",
                            "score": "95",
                            "reason": "The dataflow code for 'depositNonce' is fully covered in the original code, with both the increment operation and emission of the Deposit event present. The correctness is slightly reduced due to potential concerns about the atomicity of the operation in a concurrent environment, but overall it follows the expected logic."
                        },
                        {
                            "parameter": "depositNonce",
                            "dataflow": {
                                "depositETH": [
                                    "uint64 depositNonce = ++_depositCounts[destinationDomainID];",
                                    "emit Deposit(destinationDomainID, resourceID, depositNonce, msg.sender, data);"
                                ]
                            },
                            "coverage": "100",
                            "correctness": "90",
                            "score": "95",
                            "reason": "数据流代码完全覆盖了原始代码中与depositNonce相关的所有操作，包括递增计数和事件触发。正确性方面，虽然逻辑正确，但需注意潜在的AC不一致性（注释中提到）和DF不一致性（注释中提到），这些可能影响最终正确性。"
                        }
                    ],
                    "merge_dataflows": "uint64 depositNonce = ++_depositCounts[destinationDomainID]; emit Deposit(destinationDomainID, resourceID, depositNonce, msg.sender, data);"
                }
            },
            "recipientAddress": {
                "msg.sender": {
                    "dataflows": [
                        {
                            "parameter": "msg.sender",
                            "dataflow": {
                                "depositETH": [
                                    "function depositETH(uint8 destinationDomainID, bytes32 resourceID, bytes calldata data) external payable notPaused {\n        uint option;\n        uint amount;\n        (option, amount) = abi.decode(data, (uint, uint));\n        // AC inconsistency\n        require(msg.value == amount.add(fee), \"QBridge: invalid fee\");\n\n        address handler = resourceIDToHandlerAddress[resourceID];\n        require(handler != address(0), \"QBridge: invalid resourceID\");\n\n        uint64 depositNonce = ++_depositCounts[destinationDomainID];\n\n        IQBridgeHandler(handler).depositETH{value:amount}(resourceID, msg.sender, data);\n        //DF inconsistency\n        emit Deposit(destinationDomainID, resourceID, depositNonce, msg.sender, data);\n    }",
                                    "IQBridgeHandler(handler).depositETH{value:amount}(resourceID, msg.sender, data);",
                                    "emit Deposit(destinationDomainID, resourceID, depositNonce, msg.sender, data);"
                                ]
                            },
                            "coverage": "90",
                            "correctness": "100",
                            "score": "95",
                            "reason": "The parameter 'msg.sender' is well-covered in the provided dataflow, appearing in both the depositETH function call and the Deposit event emission. The correctness is high as it accurately represents the sender's address in both contexts. The slight deduction in coverage is due to the lack of explicit validation or additional usage scenarios for 'msg.sender' beyond these two instances."
                        },
                        {
                            "parameter": "msg.sender",
                            "dataflow": {
                                "depositETH": [
                                    "function depositETH(uint8 destinationDomainID, bytes32 resourceID, bytes calldata data) external payable notPaused {\n        uint option;\n        uint amount;\n        (option, amount) = abi.decode(data, (uint, uint));\n        // AC inconsistency\n        require(msg.value == amount.add(fee), \"QBridge: invalid fee\");\n\n        address handler = resourceIDToHandlerAddress[resourceID];\n        require(handler != address(0), \"QBridge: invalid resourceID\");\n\n        uint64 depositNonce = ++_depositCounts[destinationDomainID];\n\n        IQBridgeHandler(handler).depositETH{value:amount}(resourceID, msg.sender, data);\n        //DF inconsistency\n        emit Deposit(destinationDomainID, resourceID, depositNonce, msg.sender, data);\n    }",
                                    "IQBridgeHandler(handler).depositETH{value:amount}(resourceID, msg.sender, data);",
                                    "emit Deposit(destinationDomainID, resourceID, depositNonce, msg.sender, data);"
                                ]
                            },
                            "coverage": "90",
                            "correctness": "90",
                            "score": "90",
                            "reason": "The parameter 'msg.sender' is consistently used in the dataflow and original code, appearing in both the function call to IQBridgeHandler.depositETH and the Deposit event emission. The usage is correct as it represents the sender of the transaction in both contexts. The high score reflects its proper and consistent application throughout the code segments provided."
                        }
                    ],
                    "merge_dataflows": "function depositETH(uint8 destinationDomainID, bytes32 resourceID, bytes calldata data) external payable notPaused {\n        uint option;\n        uint amount;\n        (option, amount) = abi.decode(data, (uint, uint));\n        // AC inconsistency\n        require(msg.value == amount.add(fee), \"QBridge: invalid fee\");\n\n        address handler = resourceIDToHandlerAddress[resourceID];\n        require(handler != address(0), \"QBridge: invalid resourceID\");\n\n        uint64 depositNonce = ++_depositCounts[destinationDomainID];\n\n        IQBridgeHandler(handler).depositETH{value:amount}(resourceID, msg.sender, data);\n        //DF inconsistency\n        emit Deposit(destinationDomainID, resourceID, depositNonce, msg.sender, data);\n    }\nIQBridgeHandler(handler).depositETH{value:amount}(resourceID, msg.sender, data);\nemit Deposit(destinationDomainID, resourceID, depositNonce, msg.sender, data);"
                }
            },
            "routerAddress": {
                "resourceIDToHandlerAddress[resourceID]": {
                    "dataflows": [
                        {
                            "parameter": "resourceIDToHandlerAddress[resourceID]",
                            "dataflow": {
                                "depositETH": [
                                    "address handler = resourceIDToHandlerAddress[resourceID];",
                                    "require(handler != address(0), \"QBridge: invalid resourceID\");",
                                    "IQBridgeHandler(handler).depositETH{value:amount}(resourceID, msg.sender, data);"
                                ]
                            },
                            "coverage": "95",
                            "correctness": "90",
                            "score": "92",
                            "reason": "The dataflow code covers all critical uses of the parameter in the original function, including assignment, null check, and handler invocation. The correctness is slightly lower due to potential context missing in the extracted snippet (like fee calculation), but core logic is accurately represented."
                        },
                        {
                            "parameter": "resourceIDToHandlerAddress[resourceID]",
                            "dataflow": {
                                "depositETH": [
                                    "address handler = resourceIDToHandlerAddress[resourceID];",
                                    "require(handler != address(0), \"QBridge: invalid resourceID\");",
                                    "IQBridgeHandler(handler).depositETH{value:amount}(resourceID, msg.sender, data);"
                                ]
                            },
                            "coverage": "90",
                            "correctness": "85",
                            "score": "87",
                            "reason": "The dataflow code covers the essential usage of the parameter in the depositETH function, including its assignment and validation. However, there's a minor inconsistency in the event emission where the parameter's role isn't directly reflected. The correctness is slightly lower due to potential AC inconsistency noted in the comments, though it doesn't directly impact this parameter's dataflow."
                        }
                    ],
                    "merge_dataflows": "address handler = resourceIDToHandlerAddress[resourceID];\nrequire(handler != address(0), \"QBridge: invalid resourceID\");\nIQBridgeHandler(handler).depositETH{value:amount}(resourceID, msg.sender, data);"
                }
            }
        },
        "step3": {
            "toChainID": {
                "destinationDomainID": {
                    "Check whether toChainID is authorized.": {
                        "original": [
                            {
                                "result": false,
                                "validation": [],
                                "reason": "无"
                            },
                            {
                                "result": false,
                                "validation": [],
                                "reason": "无"
                            },
                            {
                                "result": false,
                                "validation": [],
                                "reason": "无"
                            }
                        ],
                        "verify_filtered": []
                    },
                    "Check that the destination chain ID is not equal to the source chain ID.": {
                        "original": [
                            {
                                "result": false,
                                "validation": [],
                                "reason": "无"
                            },
                            {
                                "result": false,
                                "validation": [],
                                "reason": "无"
                            },
                            {
                                "result": false,
                                "validation": [],
                                "reason": "无"
                            }
                        ],
                        "verify_filtered": []
                    }
                }
            },
            "amount": {
                "amount": {
                    "Validate that amount is greater than 0": {
                        "original": [
                            {
                                "result": false,
                                "validation": [],
                                "reason": "The code does not explicitly check if amount is greater than 0."
                            },
                            {
                                "result": false,
                                "validation": [],
                                "reason": "The require statement checks if msg.value equals amount.add(fee), but does not validate that amount is greater than 0."
                            },
                            {
                                "result": false,
                                "validation": [],
                                "reason": "No validation for amount being greater than 0 is present in the provided code."
                            }
                        ],
                        "verify_filtered": []
                    },
                    "Validate that msg.sender's balance change before and after equals amount": {
                        "original": [
                            {
                                "result": false,
                                "validation": [],
                                "reason": "The code does not track or validate the balance change of msg.sender before and after the transaction."
                            },
                            {
                                "result": false,
                                "validation": [],
                                "reason": "No explicit checks or operations are performed to compare the sender's balance before and after the deposit."
                            },
                            {
                                "result": false,
                                "validation": [],
                                "reason": "The function focuses on validating the fee and emitting an event but does not address the sender's balance change."
                            }
                        ],
                        "verify_filtered": []
                    },
                    "Validate that the bridge's balance change before and after equals amount": {
                        "original": [
                            {
                                "result": false,
                                "validation": [],
                                "reason": "The code does not track or validate the bridge's balance change before and after the deposit operation."
                            },
                            {
                                "result": false,
                                "validation": [],
                                "reason": "The code does not include any checks or logic to compare the bridge's balance before and after the transaction to ensure it changes by 'amount'."
                            },
                            {
                                "result": false,
                                "validation": [],
                                "reason": "No explicit validation of the bridge's balance change is present in the provided code snippet."
                            }
                        ],
                        "verify_filtered": []
                    },
                    "Validate that msg.sender's balance ≥ amount": {
                        "original": [
                            {
                                "result": false,
                                "validation": [],
                                "reason": "无"
                            },
                            {
                                "result": false,
                                "validation": [],
                                "reason": "无"
                            },
                            {
                                "result": false,
                                "validation": [],
                                "reason": "无"
                            }
                        ],
                        "verify_filtered": []
                    }
                }
            },
            "nonce": {
                "depositNonce": {
                    "Check if the transaction's nonce is equal to the account's current nonce.": {
                        "original": [
                            {
                                "result": false,
                                "validation": [],
                                "reason": "无"
                            },
                            {
                                "result": false,
                                "validation": [],
                                "reason": "无"
                            },
                            {
                                "result": false,
                                "validation": [],
                                "reason": "无"
                            }
                        ],
                        "verify_filtered": []
                    }
                }
            },
            "recipientAddress": {
                "msg.sender": {
                    "Validate that recipientAddress is not the zero address": {
                        "original": [
                            {
                                "result": false,
                                "validation": [],
                                "reason": "无"
                            },
                            {
                                "result": false,
                                "validation": [],
                                "reason": "无"
                            },
                            {
                                "result": false,
                                "validation": [],
                                "reason": "无"
                            }
                        ],
                        "verify_filtered": []
                    }
                }
            },
            "routerAddress": {
                "resourceIDToHandlerAddress[resourceID]": {
                    "Check whether the routerAddress is authorized to use.": {
                        "original": [
                            {
                                "result": false,
                                "validation": [],
                                "reason": "无"
                            },
                            {
                                "result": false,
                                "validation": [],
                                "reason": "无"
                            },
                            {
                                "result": false,
                                "validation": [],
                                "reason": "无"
                            }
                        ],
                        "verify_filtered": []
                    }
                }
            }
        },
        "step4": {
            "toChainID": {
                "destinationDomainID": {}
            },
            "amount": {
                "amount": {}
            },
            "nonce": {
                "depositNonce": {}
            },
            "recipientAddress": {
                "msg.sender": {}
            },
            "routerAddress": {
                "resourceIDToHandlerAddress[resourceID]": {}
            }
        },
        "final_result": {
            "toChainID": {
                "destinationDomainID": {
                    "Check whether toChainID is authorized.": [
                        {
                            "parameter": "destinationDomainID",
                            "constraint": "Check whether toChainID is authorized.",
                            "validation": "",
                            "reason": "在step3中未找到约束相关代码，不执行后续步骤"
                        }
                    ],
                    "Check that the destination chain ID is not equal to the source chain ID.": [
                        {
                            "parameter": "destinationDomainID",
                            "constraint": "Check that the destination chain ID is not equal to the source chain ID.",
                            "validation": "",
                            "reason": "在step3中未找到约束相关代码，不执行后续步骤"
                        }
                    ]
                }
            },
            "amount": {
                "amount": {
                    "Validate that amount is greater than 0": [
                        {
                            "parameter": "amount",
                            "constraint": "Validate that amount is greater than 0",
                            "validation": "",
                            "reason": "在step3中未找到约束相关代码，不执行后续步骤"
                        }
                    ],
                    "Validate that msg.sender's balance change before and after equals amount": [
                        {
                            "parameter": "amount",
                            "constraint": "Validate that msg.sender's balance change before and after equals amount",
                            "validation": "",
                            "reason": "在step3中未找到约束相关代码，不执行后续步骤"
                        }
                    ],
                    "Validate that the bridge's balance change before and after equals amount": [
                        {
                            "parameter": "amount",
                            "constraint": "Validate that the bridge's balance change before and after equals amount",
                            "validation": "",
                            "reason": "在step3中未找到约束相关代码，不执行后续步骤"
                        }
                    ],
                    "Validate that msg.sender's balance ≥ amount": [
                        {
                            "parameter": "amount",
                            "constraint": "Validate that msg.sender's balance ≥ amount",
                            "validation": "",
                            "reason": "在step3中未找到约束相关代码，不执行后续步骤"
                        }
                    ]
                }
            },
            "nonce": {
                "depositNonce": {
                    "Check if the transaction's nonce is equal to the account's current nonce.": [
                        {
                            "parameter": "depositNonce",
                            "constraint": "Check if the transaction's nonce is equal to the account's current nonce.",
                            "validation": "",
                            "reason": "在step3中未找到约束相关代码，不执行后续步骤"
                        }
                    ]
                }
            },
            "recipientAddress": {
                "msg.sender": {
                    "Validate that recipientAddress is not the zero address": [
                        {
                            "parameter": "msg.sender",
                            "constraint": "Validate that recipientAddress is not the zero address",
                            "validation": "",
                            "reason": "在step3中未找到约束相关代码，不执行后续步骤"
                        }
                    ]
                }
            },
            "routerAddress": {
                "resourceIDToHandlerAddress[resourceID]": {
                    "Check whether the routerAddress is authorized to use.": [
                        {
                            "parameter": "resourceIDToHandlerAddress[resourceID]",
                            "constraint": "Check whether the routerAddress is authorized to use.",
                            "validation": "",
                            "reason": "在step3中未找到约束相关代码，不执行后续步骤"
                        }
                    ]
                }
            }
        },
        "context": {
            "event": "Deposit",
            "call_graph": "depositETH",
            "state_variables": {
                "fee": "uint128 public fee;",
                "_depositCounts": "mapping(uint8 => uint64) public _depositCounts;",
                "resourceIDToHandlerAddress": "mapping(bytes32 => address) public resourceIDToHandlerAddress;"
            },
            "external_functions": [
                "function add(uint256 a, uint256 b) internal pure returns (uint256){ uint256 c = a + b; require(c >= a, \"SafeMath: addition overflow\"); return c;}"
            ]
        },
        "step1-time": 33.06008291244507,
        "step2-time": 350.04550218582153,
        "step2-call_api_times": 35,
        "step3-time": 94.08589696884155,
        "step3-call_api_times": 9,
        "step4-time": 0.0,
        "step4-call_api_times": 0
    },
    "time": 1511.732046842575,
    "this_cost": 0.190576,
    "this_prompt_tokens": 50304,
    "this_completion_tokens": 11246
}