{
    "WrappedTokenSwapperImpl.performAction": {
        "step1": {
            "prompt1": "\n你是一位经验丰富的跨链协议分析专家。你的任务是将根据提供的 Solidity 代码，将指定的跨链属性映射到代码中的参数上；如果某属性在代码中找不到对应参数，则不在输出中列出该属性，如果存在多个参数对应同一属性的可能性，每个属性至多输出3种参数映射方案。请严格遵循以下定义的输入格式和输出格式：\n输入格式： 你将接收一个 JSON 对象作为输入，其结构如下： \n{\n\"attribute\": \n{ \n\"<attribute>\": \"<attribute description>\" ,\n\"<attribute>\": \"<attribute description>\",\n...\n}\n\"code\": \"...\" // Solidity 合约代码字符串 \n}\n输出格式：\n返回一个 JSON 对象数组，每项结构如下：\n[ \n{\n\"parameter\": \"...\", // 代码中最可能对应该属性的参数名\n\"attribute\": \"...\", // 输入的跨链属性 \n\"reason\": \"...\" // 简要说明：为何选择此参数，以及可能的歧义 \n}, ... \n]\nreason 中请同时指出该映射的核心依据和潜在的不确定点（例如：参数名相似度、上下文含义模糊等）。\n\n输入：\n{\n\"attribute\": {\"toChainID\": \"Specifies the destination blockchain network ID.\", \"tokenAddress\": \"Indicates the contract address of the token to be transferred.\", \"amount\": \"The number of tokens to be transferred across chains.\", \"nonce\": \"Check and mark that nonce has not been consumed to prevent replay\", \"recipientAddress\": \"The address that will receive the tokens on the destination chain.\", \"externalCallAddress\": \"The address of a contract to be called after the cross-chain transfer.\", \"externalCallFunction\": \"The specific function or calldata to be executed on the `externalCallAddress`.\", \"routerAddress\": \"The address of the cross-chain router or bridge handler.\"},\n\"code\": [\"WrappedTokenSwapperImpl.performAction:function performAction(\\n        address fromToken,\\n        address toToken,\\n        uint256 amount,\\n        address receiverAddress,\\n        bytes32 metadata,\\n        bytes calldata swapExtraData\\n    ) external payable override returns (uint256) {\\n        uint256 _initialBalanceTokenOut;\\n        uint256 _finalBalanceTokenOut;\\n\\n        // Swap Native to Wrapped Token\\n        if (fromToken == NATIVE_TOKEN_ADDRESS) {\\n            _initialBalanceTokenOut = ERC20(toToken).balanceOf(socketGateway);\\n            (bool success, ) = toToken.call{value: amount}(swapExtraData);\\n\\n            if (!success) {\\n                revert SwapFailed();\\n            }\\n\\n            _finalBalanceTokenOut = ERC20(toToken).balanceOf(socketGateway);\\n\\n            require(\\n                (_finalBalanceTokenOut - _initialBalanceTokenOut) == amount,\\n                \\\"Invalid wrapper contract\\\"\\n            );\\n\\n            // Send weth to user\\n            ERC20(toToken).transfer(receiverAddress, amount);\\n        } else {\\n            _initialBalanceTokenOut = address(socketGateway).balance;\\n\\n            // Swap Wrapped Token To Native Token\\n            ERC20(fromToken).safeTransferFrom(\\n                msg.sender,\\n                socketGateway,\\n                amount\\n            );\\n\\n            (bool success, ) = fromToken.call(swapExtraData);\\n\\n            if (!success) {\\n                revert SwapFailed();\\n            }\\n\\n            _finalBalanceTokenOut = address(socketGateway).balance;\\n\\n            require(\\n                (_finalBalanceTokenOut - _initialBalanceTokenOut) == amount,\\n                \\\"Invalid wrapper contract\\\"\\n            );\\n\\n            // send ETH to the user\\n            payable(receiverAddress).transfer(amount);\\n        }\\n\\n        emit SocketSwapTokens(\\n            fromToken,\\n            toToken,\\n            amount,\\n            amount,\\n            Identifier,\\n            receiverAddress,\\n            metadata\\n        );\\n\\n        return amount;\\n    }\"]\n}\n",
            "outputs1": [
                [
                    {
                        "parameter": "toToken",
                        "attribute": "tokenAddress",
                        "reason": "The parameter 'toToken' represents the address of the token to be received, which aligns with the 'tokenAddress' attribute. However, it's unclear if this is the source or destination token address as the function handles both wrapped and native tokens."
                    },
                    {
                        "parameter": "fromToken",
                        "attribute": "tokenAddress",
                        "reason": "The parameter 'fromToken' represents the address of the token to be sent, which could also map to 'tokenAddress'. The ambiguity lies in whether 'tokenAddress' refers to source or destination token."
                    },
                    {
                        "parameter": "amount",
                        "attribute": "amount",
                        "reason": "The parameter 'amount' directly corresponds to the 'amount' attribute as it specifies the quantity of tokens being transferred. No ambiguity found."
                    },
                    {
                        "parameter": "receiverAddress",
                        "attribute": "recipientAddress",
                        "reason": "'receiverAddress' clearly maps to 'recipientAddress' as it specifies where tokens should be delivered. No significant ambiguity."
                    }
                ]
            ],
            "v_prompt1": "\n你是一位严谨的跨链协议审计员和数据一致性验证者。仔细审查给定的多个跨链属性与参数在代码中的含义是否一致，并为其分配一个置信度分数 (0-100%)，指出给定该置信度分数的原因。\n\n输入格式： 你将接收一个 JSON 对象作为输入，其结构如下:\n{\n\"correspondence\":    // 代码中属性与参数对应的数组\n[\n{\n\"attribute\": \"...\", // 输入的跨链属性 \n\"parameter\": \"...\", // 对应的参数\n\"reason\": \"...\" // 简要的说明：为何选择此参数，以及可能的歧义 \n}\n...\n]，\n\"code\":\"...\" //跨链合约代码\n}\n\n输出格式：返回一个 JSON 对象数组，每项结构如下：\n[ \n{\n\"parameter\": \"...\", // 代码中最可能对应该属性的参数名\n\"attribute\": \"...\", // 输入的跨链属性 \n\"score\":\"...\", // 分配的置信度分数\n\"reason\": \"...\" // 简要说明给定该置信度分数的原因\n}, ... \n]\n输入：\n{\n\"correspondence\": [{\"parameter\": \"toToken\", \"attribute\": \"tokenAddress\", \"reason\": \"The parameter 'toToken' represents the address of the token to be received, which aligns with the 'tokenAddress' attribute. However, it's unclear if this is the source or destination token address as the function handles both wrapped and native tokens.\"}, {\"parameter\": \"fromToken\", \"attribute\": \"tokenAddress\", \"reason\": \"The parameter 'fromToken' represents the address of the token to be sent, which could also map to 'tokenAddress'. The ambiguity lies in whether 'tokenAddress' refers to source or destination token.\"}, {\"parameter\": \"amount\", \"attribute\": \"amount\", \"reason\": \"The parameter 'amount' directly corresponds to the 'amount' attribute as it specifies the quantity of tokens being transferred. No ambiguity found.\"}, {\"parameter\": \"receiverAddress\", \"attribute\": \"recipientAddress\", \"reason\": \"'receiverAddress' clearly maps to 'recipientAddress' as it specifies where tokens should be delivered. No significant ambiguity.\"}],\n\"code\" [\"WrappedTokenSwapperImpl.performAction:function performAction(\\n        address fromToken,\\n        address toToken,\\n        uint256 amount,\\n        address receiverAddress,\\n        bytes32 metadata,\\n        bytes calldata swapExtraData\\n    ) external payable override returns (uint256) {\\n        uint256 _initialBalanceTokenOut;\\n        uint256 _finalBalanceTokenOut;\\n\\n        // Swap Native to Wrapped Token\\n        if (fromToken == NATIVE_TOKEN_ADDRESS) {\\n            _initialBalanceTokenOut = ERC20(toToken).balanceOf(socketGateway);\\n            (bool success, ) = toToken.call{value: amount}(swapExtraData);\\n\\n            if (!success) {\\n                revert SwapFailed();\\n            }\\n\\n            _finalBalanceTokenOut = ERC20(toToken).balanceOf(socketGateway);\\n\\n            require(\\n                (_finalBalanceTokenOut - _initialBalanceTokenOut) == amount,\\n                \\\"Invalid wrapper contract\\\"\\n            );\\n\\n            // Send weth to user\\n            ERC20(toToken).transfer(receiverAddress, amount);\\n        } else {\\n            _initialBalanceTokenOut = address(socketGateway).balance;\\n\\n            // Swap Wrapped Token To Native Token\\n            ERC20(fromToken).safeTransferFrom(\\n                msg.sender,\\n                socketGateway,\\n                amount\\n            );\\n\\n            (bool success, ) = fromToken.call(swapExtraData);\\n\\n            if (!success) {\\n                revert SwapFailed();\\n            }\\n\\n            _finalBalanceTokenOut = address(socketGateway).balance;\\n\\n            require(\\n                (_finalBalanceTokenOut - _initialBalanceTokenOut) == amount,\\n                \\\"Invalid wrapper contract\\\"\\n            );\\n\\n            // send ETH to the user\\n            payable(receiverAddress).transfer(amount);\\n        }\\n\\n        emit SocketSwapTokens(\\n            fromToken,\\n            toToken,\\n            amount,\\n            amount,\\n            Identifier,\\n            receiverAddress,\\n            metadata\\n        );\\n\\n        return amount;\\n    }\"]:\n}\n\n",
            "v_outputs1": [
                [
                    {
                        "parameter": "toToken",
                        "attribute": "tokenAddress",
                        "score": "70%",
                        "reason": "'toToken' does represent a token address, but the attribute 'tokenAddress' is ambiguous as it doesn't specify source or destination. The score reflects this uncertainty in directionality."
                    },
                    {
                        "parameter": "fromToken",
                        "attribute": "tokenAddress",
                        "score": "70%",
                        "reason": "'fromToken' correctly maps to a token address, but similar to 'toToken', the generic 'tokenAddress' attribute lacks context about whether it's the source or destination token."
                    },
                    {
                        "parameter": "amount",
                        "attribute": "amount",
                        "score": "100%",
                        "reason": "'amount' is an exact match for the attribute with no ambiguity in naming or purpose. It clearly represents the quantity of tokens being transferred."
                    },
                    {
                        "parameter": "receiverAddress",
                        "attribute": "recipientAddress",
                        "score": "95%",
                        "reason": "'receiverAddress' and 'recipientAddress' are semantically identical in this context. The minor deduction accounts for potential naming convention differences across protocols."
                    }
                ]
            ],
            "formatted_outputs1": {
                "toToken": {
                    "tokenAddress": {
                        "reason": "The parameter 'toToken' represents the address of the token to be received, which aligns with the 'tokenAddress' attribute. However, it's unclear if this is the source or destination token address as the function handles both wrapped and native tokens.",
                        "score": "70%",
                        "s_reason": "'toToken' does represent a token address, but the attribute 'tokenAddress' is ambiguous as it doesn't specify source or destination. The score reflects this uncertainty in directionality."
                    }
                },
                "fromToken": {
                    "tokenAddress": {
                        "reason": "The parameter 'fromToken' represents the address of the token to be sent, which could also map to 'tokenAddress'. The ambiguity lies in whether 'tokenAddress' refers to source or destination token.",
                        "score": "70%",
                        "s_reason": "'fromToken' correctly maps to a token address, but similar to 'toToken', the generic 'tokenAddress' attribute lacks context about whether it's the source or destination token."
                    }
                },
                "amount": {
                    "amount": {
                        "reason": "The parameter 'amount' directly corresponds to the 'amount' attribute as it specifies the quantity of tokens being transferred. No ambiguity found.",
                        "score": "100%",
                        "s_reason": "'amount' is an exact match for the attribute with no ambiguity in naming or purpose. It clearly represents the quantity of tokens being transferred."
                    }
                },
                "receiverAddress": {
                    "recipientAddress": {
                        "reason": "'receiverAddress' clearly maps to 'recipientAddress' as it specifies where tokens should be delivered. No significant ambiguity.",
                        "score": "95%",
                        "s_reason": "'receiverAddress' and 'recipientAddress' are semantically identical in this context. The minor deduction accounts for potential naming convention differences across protocols."
                    }
                }
            }
        },
        "step2": {
            "tokenAddress": {
                "toToken": {
                    "dataflows": [
                        {
                            "parameter": "toToken",
                            "dataflow": {
                                "performAction": [
                                    "function performAction(\n        address fromToken,\n        address toToken,\n        uint256 amount,\n        address receiverAddress,\n        bytes32 metadata,\n        bytes calldata swapExtraData\n    ) external payable override returns (uint256)",
                                    "_initialBalanceTokenOut = ERC20(toToken).balanceOf(socketGateway);",
                                    "(bool success, ) = toToken.call{value: amount}(swapExtraData);",
                                    "_finalBalanceTokenOut = ERC20(toToken).balanceOf(socketGateway);",
                                    "ERC20(toToken).transfer(receiverAddress, amount);",
                                    "emit SocketSwapTokens(\n            fromToken,\n            toToken,\n            amount,\n            amount,\n            Identifier,\n            receiverAddress,\n            metadata\n        );"
                                ]
                            },
                            "coverage": "90",
                            "correctness": "95",
                            "score": "93",
                            "reason": "The dataflow code for 'toToken' covers all critical operations including balance checks, token transfers, and event emissions. The correctness is high as it accurately reflects the parameter's usage in the original code, with proper error handling and balance verification. Minor deduction in coverage due to not explicitly showing the NATIVE_TOKEN_ADDRESS comparison branch."
                        },
                        {
                            "parameter": "toToken",
                            "dataflow": {
                                "performAction": [
                                    "function performAction(\n        address fromToken,\n        address toToken,\n        uint256 amount,\n        address receiverAddress,\n        bytes32 metadata,\n        bytes calldata swapExtraData\n    ) external payable override returns (uint256) {\n        uint256 _initialBalanceTokenOut;\n        uint256 _finalBalanceTokenOut;",
                                    "if (fromToken == NATIVE_TOKEN_ADDRESS) {\n            _initialBalanceTokenOut = ERC20(toToken).balanceOf(socketGateway);\n            (bool success, ) = toToken.call{value: amount}(swapExtraData);\n\n            if (!success) {\n                revert SwapFailed();\n            }\n\n            _finalBalanceTokenOut = ERC20(toToken).balanceOf(socketGateway);",
                                    "require(\n                (_finalBalanceTokenOut - _initialBalanceTokenOut) == amount,\n                \"Invalid wrapper contract\"\n            );",
                                    "ERC20(toToken).transfer(receiverAddress, amount);",
                                    "emit SocketSwapTokens(\n            fromToken,\n            toToken,\n            amount,\n            amount,\n            Identifier,\n            receiverAddress,\n            metadata\n        );"
                                ]
                            },
                            "coverage": "95",
                            "correctness": "90",
                            "score": "92",
                            "reason": "The dataflow code covers the majority of the parameter 'toToken' usage in the original code, including balance checks, token transfers, and event emissions. However, there is a minor gap in coverage for the else branch where 'toToken' is not directly used but is still part of the function signature and event emission. The correctness is high as the extracted code correctly represents the parameter's role in the logic, but deducting points for not covering all branches where 'toToken' is involved."
                        }
                    ],
                    "merge_dataflows": "function performAction(\n        address fromToken,\n        address toToken,\n        uint256 amount,\n        address receiverAddress,\n        bytes32 metadata,\n        bytes calldata swapExtraData\n    ) external payable override returns (uint256) {\n        uint256 _initialBalanceTokenOut;\n        uint256 _finalBalanceTokenOut;\n        _initialBalanceTokenOut = ERC20(toToken).balanceOf(socketGateway);\n        (bool success, ) = toToken.call{value: amount}(swapExtraData);\n\n        if (!success) {\n            revert SwapFailed();\n        }\n\n        _finalBalanceTokenOut = ERC20(toToken).balanceOf(socketGateway);\n        require(\n                (_finalBalanceTokenOut - _initialBalanceTokenOut) == amount,\n                \"Invalid wrapper contract\"\n            );\n        ERC20(toToken).transfer(receiverAddress, amount);\n        emit SocketSwapTokens(\n            fromToken,\n            toToken,\n            amount,\n            amount,\n            Identifier,\n            receiverAddress,\n            metadata\n        );"
                }
            },
            "amount": {
                "amount": {
                    "dataflows": [
                        {
                            "parameter": "amount",
                            "dataflow": {
                                "performAction": [
                                    "function performAction(\n        address fromToken,\n        address toToken,\n        uint256 amount,\n        address receiverAddress,\n        bytes32 metadata,\n        bytes calldata swapExtraData\n    ) external payable override returns (uint256) {\n        uint256 _initialBalanceTokenOut;\n        uint256 _finalBalanceTokenOut;",
                                    "if (fromToken == NATIVE_TOKEN_ADDRESS) {\n            _initialBalanceTokenOut = ERC20(toToken).balanceOf(socketGateway);\n            (bool success, ) = toToken.call{value: amount}(swapExtraData);",
                                    "if (!success) {\n                revert SwapFailed();\n            }",
                                    "_finalBalanceTokenOut = ERC20(toToken).balanceOf(socketGateway);",
                                    "require(\n                (_finalBalanceTokenOut - _initialBalanceTokenOut) == amount,\n                \"Invalid wrapper contract\"\n            );",
                                    "ERC20(toToken).transfer(receiverAddress, amount);",
                                    "_initialBalanceTokenOut = address(socketGateway).balance;",
                                    "ERC20(fromToken).safeTransferFrom(\n                msg.sender,\n                socketGateway,\n                amount\n            );",
                                    "(bool success, ) = fromToken.call(swapExtraData);",
                                    "if (!success) {\n                revert SwapFailed();\n            }",
                                    "_finalBalanceTokenOut = address(socketGateway).balance;",
                                    "require(\n                (_finalBalanceTokenOut - _initialBalanceTokenOut) == amount,\n                \"Invalid wrapper contract\"\n            );",
                                    "payable(receiverAddress).transfer(amount);",
                                    "emit SocketSwapTokens(\n            fromToken,\n            toToken,\n            amount,\n            amount,\n            Identifier,\n            receiverAddress,\n            metadata\n        );",
                                    "return amount;"
                                ]
                            },
                            "coverage": "95",
                            "correctness": "90",
                            "score": "92",
                            "reason": "The dataflow extraction for 'amount' covers nearly all critical usages in the original code, including balance checks, transfers, and emit events. It correctly identifies both native-to-wrapped and wrapped-to-native token swap paths. One minor omission is the direct usage in the return statement, though this is trivial. The correctness is high as all identified usages properly handle the amount parameter with appropriate checks (balance validations) and operations (transfers). The require statements ensure amount consistency, though there could be additional edge case handling for maximum correctness."
                        },
                        {
                            "parameter": "amount",
                            "dataflow": {
                                "performAction": [
                                    "function performAction(\n        address fromToken,\n        address toToken,\n        uint256 amount,\n        address receiverAddress,\n        bytes32 metadata,\n        bytes calldata swapExtraData\n    ) external payable override returns (uint256) {\n        uint256 _initialBalanceTokenOut;\n        uint256 _finalBalanceTokenOut;",
                                    "if (fromToken == NATIVE_TOKEN_ADDRESS) {\n            _initialBalanceTokenOut = ERC20(toToken).balanceOf(socketGateway);\n            (bool success, ) = toToken.call{value: amount}(swapExtraData);\n\n            if (!success) {\n                revert SwapFailed();\n            }\n\n            _finalBalanceTokenOut = ERC20(toToken).balanceOf(socketGateway);\n\n            require(\n                (_finalBalanceTokenOut - _initialBalanceTokenOut) == amount,\n                \"Invalid wrapper contract\"\n            );\n\n            // Send weth to user\n            ERC20(toToken).transfer(receiverAddress, amount);",
                                    "} else {\n            _initialBalanceTokenOut = address(socketGateway).balance;\n\n            // Swap Wrapped Token To Native Token\n            ERC20(fromToken).safeTransferFrom(\n                msg.sender,\n                socketGateway,\n                amount\n            );\n\n            (bool success, ) = fromToken.call(swapExtraData);\n\n            if (!success) {\n                revert SwapFailed();\n            }\n\n            _finalBalanceTokenOut = address(socketGateway).balance;\n\n            require(\n                (_finalBalanceTokenOut - _initialBalanceTokenOut) == amount,\n                \"Invalid wrapper contract\"\n            );\n\n            // send ETH to the user\n            payable(receiverAddress).transfer(amount);",
                                    "emit SocketSwapTokens(\n            fromToken,\n            toToken,\n            amount,\n            amount,\n            Identifier,\n            receiverAddress,\n            metadata\n        );",
                                    "return amount;"
                                ]
                            },
                            "coverage": "95",
                            "correctness": "90",
                            "score": "92",
                            "reason": "The dataflow extraction for 'amount' covers all critical usage points in the original code, including balance checks, transfers, and event emissions. The correctness is slightly lower due to potential edge cases in balance validations not being fully explored (e.g., reentrancy or token decimals)."
                        }
                    ],
                    "merge_dataflows": "function performAction(\n        address fromToken,\n        address toToken,\n        uint256 amount,\n        address receiverAddress,\n        bytes32 metadata,\n        bytes calldata swapExtraData\n    ) external payable override returns (uint256) {\n        uint256 _initialBalanceTokenOut;\n        uint256 _finalBalanceTokenOut;\n        if (fromToken == NATIVE_TOKEN_ADDRESS) {\n            _initialBalanceTokenOut = ERC20(toToken).balanceOf(socketGateway);\n            (bool success, ) = toToken.call{value: amount}(swapExtraData);\n\n            if (!success) {\n                revert SwapFailed();\n            }\n\n            _finalBalanceTokenOut = ERC20(toToken).balanceOf(socketGateway);\n\n            require(\n                (_finalBalanceTokenOut - _initialBalanceTokenOut) == amount,\n                \"Invalid wrapper contract\"\n            );\n\n            ERC20(toToken).transfer(receiverAddress, amount);\n        } else {\n            _initialBalanceTokenOut = address(socketGateway).balance;\n\n            ERC20(fromToken).safeTransferFrom(\n                msg.sender,\n                socketGateway,\n                amount\n            );\n\n            (bool success, ) = fromToken.call(swapExtraData);\n\n            if (!success) {\n                revert SwapFailed();\n            }\n\n            _finalBalanceTokenOut = address(socketGateway).balance;\n\n            require(\n                (_finalBalanceTokenOut - _initialBalanceTokenOut) == amount,\n                \"Invalid wrapper contract\"\n            );\n\n            payable(receiverAddress).transfer(amount);\n        }\n        emit SocketSwapTokens(\n            fromToken,\n            toToken,\n            amount,\n            amount,\n            Identifier,\n            receiverAddress,\n            metadata\n        );\n        return amount;"
                }
            },
            "recipientAddress": {
                "receiverAddress": {
                    "dataflows": [
                        {
                            "parameter": "receiverAddress",
                            "dataflow": {
                                "performAction": [
                                    "function performAction(\n        address fromToken,\n        address toToken,\n        uint256 amount,\n        address receiverAddress,\n        bytes32 metadata,\n        bytes calldata swapExtraData\n    ) external payable override returns (uint256) {\n        uint256 _initialBalanceTokenOut;\n        uint256 _finalBalanceTokenOut;",
                                    "            // Send weth to user\n            ERC20(toToken).transfer(receiverAddress, amount);",
                                    "            // send ETH to the user\n            payable(receiverAddress).transfer(amount);",
                                    "        emit SocketSwapTokens(\n            fromToken,\n            toToken,\n            amount,\n            amount,\n            Identifier,\n            receiverAddress,\n            metadata\n        );"
                                ]
                            },
                            "coverage": "95",
                            "correctness": "100",
                            "score": "98",
                            "reason": "The dataflow code for 'receiverAddress' covers all instances where the parameter is used in the original code, including token transfers and event emission. The correctness is high as the parameter is consistently used as intended in all contexts."
                        },
                        {
                            "parameter": "receiverAddress",
                            "dataflow": {
                                "performAction": [
                                    "function performAction(\n        address fromToken,\n        address toToken,\n        uint256 amount,\n        address receiverAddress,\n        bytes32 metadata,\n        bytes calldata swapExtraData\n    ) external payable override returns (uint256) {",
                                    "// Send weth to user\n            ERC20(toToken).transfer(receiverAddress, amount);",
                                    "// send ETH to the user\n            payable(receiverAddress).transfer(amount);",
                                    "emit SocketSwapTokens(\n            fromToken,\n            toToken,\n            amount,\n            amount,\n            Identifier,\n            receiverAddress,\n            metadata\n        );"
                                ]
                            },
                            "coverage": "100",
                            "correctness": "100",
                            "score": "100",
                            "reason": "The dataflow code for 'receiverAddress' fully covers all instances where the parameter is used in the original code. It is correctly utilized in transferring tokens (both ERC20 and ETH) to the receiver and in emitting an event. There are no missing or incorrect usages of 'receiverAddress' in the provided dataflow compared to the original code."
                        }
                    ],
                    "merge_dataflows": "function performAction(\n        address fromToken,\n        address toToken,\n        uint256 amount,\n        address receiverAddress,\n        bytes32 metadata,\n        bytes calldata swapExtraData\n    ) external payable override returns (uint256) {\n        uint256 _initialBalanceTokenOut;\n        uint256 _finalBalanceTokenOut;\n            // Send weth to user\n            ERC20(toToken).transfer(receiverAddress, amount);\n            // send ETH to the user\n            payable(receiverAddress).transfer(amount);\n        emit SocketSwapTokens(\n            fromToken,\n            toToken,\n            amount,\n            amount,\n            Identifier,\n            receiverAddress,\n            metadata\n        );"
                }
            }
        },
        "step3": {
            "tokenAddress": {
                "toToken": {
                    "Check whether the tokenAddress is authorized to use.": {
                        "original": [
                            {
                                "result": false,
                                "validation": [],
                                "reason": "The code does not contain any checks to verify if the toToken address is authorized to use."
                            },
                            {
                                "result": false,
                                "validation": [],
                                "reason": "There are no validation steps in the provided code that ensure the toToken address is authorized."
                            },
                            {
                                "result": false,
                                "validation": [],
                                "reason": "The constraint requires authorization checks for the token address, but the code does not implement any such checks."
                            }
                        ],
                        "verify_filtered": []
                    }
                }
            },
            "amount": {
                "amount": {
                    "Validate that amount is greater than 0": {
                        "original": [
                            {
                                "result": false,
                                "validation": [],
                                "reason": "无"
                            },
                            {
                                "result": false,
                                "validation": [],
                                "reason": "无"
                            },
                            {
                                "result": false,
                                "validation": [],
                                "reason": "无"
                            }
                        ],
                        "verify_filtered": []
                    },
                    "Validate that msg.sender's balance change before and after equals amount": {
                        "original": [
                            {
                                "result": false,
                                "validation": [],
                                "reason": "无"
                            },
                            {
                                "result": false,
                                "validation": [],
                                "reason": "无"
                            },
                            {
                                "result": false,
                                "validation": [],
                                "reason": "无"
                            }
                        ],
                        "verify_filtered": []
                    },
                    "Validate that the bridge's balance change before and after equals amount": {
                        "original": [
                            {
                                "result": true,
                                "validation": [
                                    "_initialBalanceTokenOut = ERC20(toToken).balanceOf(socketGateway);",
                                    "_finalBalanceTokenOut = ERC20(toToken).balanceOf(socketGateway);",
                                    "require((_finalBalanceTokenOut - _initialBalanceTokenOut) == amount, \"Invalid wrapper contract\");",
                                    "_initialBalanceTokenOut = address(socketGateway).balance;",
                                    "_finalBalanceTokenOut = address(socketGateway).balance;",
                                    "require((_finalBalanceTokenOut - _initialBalanceTokenOut) == amount, \"Invalid wrapper contract\");"
                                ],
                                "reason": "The code explicitly checks that the difference between final and initial balance of the bridge (socketGateway) equals the input amount in both branches (native token and ERC20 cases), using require statements to enforce this constraint."
                            },
                            {
                                "result": false,
                                "validation": [],
                                "reason": null
                            },
                            {
                                "result": "...",
                                "validation": "...",
                                "reason": "..."
                            }
                        ],
                        "verify_filtered": [
                            {
                                "parameter": "amount",
                                "constraint": "Validate that the bridge's balance change before and after equals amount",
                                "validation": "_initialBalanceTokenOut = ERC20(toToken).balanceOf(socketGateway);\n_finalBalanceTokenOut = ERC20(toToken).balanceOf(socketGateway);\nrequire((_finalBalanceTokenOut - _initialBalanceTokenOut) == amount, \"Invalid wrapper contract\");",
                                "score": 90,
                                "reason": "The validation code correctly captures the initial and final balances of the toToken in the socketGateway and checks if the difference equals the amount. This accurately implements the constraint for the case where fromToken is NATIVE_TOKEN_ADDRESS.",
                                "results": [
                                    {
                                        "result": true,
                                        "poc": "通过构造一个恶意的 `toToken` 合约，该合约在 `balanceOf` 函数中返回动态计算的值。例如，第一次调用 `balanceOf(socketGateway)` 时返回 `x`，第二次调用时返回 `x + amount`，这样就能绕过验证。攻击者可以部署这样的合约并传入作为 `toToken` 参数。",
                                        "score": "90",
                                        "reason": "The provided PoC demonstrates a valid attack vector where a malicious `toToken` contract can manipulate the `balanceOf` function to return different values for consecutive calls, thereby bypassing the validation check. This is a realistic scenario given that the `toToken` address is user-controlled and can point to any contract. The high confidence score reflects the clear and direct path to bypass the validation as described in the PoC."
                                    },
                                    {
                                        "result": true,
                                        "poc": "利用重入攻击。如果在 `toToken.call{value: amount}(swapExtraData)` 中调用的合约在执行过程中再次调用 `performAction`，可能会改变 `socketGateway` 的余额状态，导致 `_finalBalanceTokenOut - _initialBalanceTokenOut` 的计算结果不等于 `amount`，但通过精心构造的调用序列可以绕过验证。",
                                        "score": 85,
                                        "reason": "The provided PoC demonstrates a plausible reentrancy attack vector that could bypass the validation check by manipulating the balance of `socketGateway` during the execution of `toToken.call{value: amount}(swapExtraData)`. The confidence score is high because the code does not include any reentrancy guards (e.g., checks-effects-interactions pattern or mutex locks) and directly performs an external call before updating the state and validating the balance difference. However, the score is not 100 because it assumes that `toToken` is a malicious contract that can execute a reentrant call, which may not always be the case in practice."
                                    }
                                ]
                            }
                        ]
                    },
                    "Validate that msg.sender's balance ≥ amount": {
                        "original": [
                            {
                                "result": false,
                                "validation": [],
                                "reason": "无"
                            },
                            {
                                "result": false,
                                "validation": [],
                                "reason": "无"
                            },
                            {
                                "result": false,
                                "validation": [],
                                "reason": "无"
                            }
                        ],
                        "verify_filtered": []
                    }
                }
            },
            "recipientAddress": {
                "receiverAddress": {
                    "Validate that recipientAddress is not the zero address": {
                        "original": [
                            {
                                "result": false,
                                "validation": [],
                                "reason": "The code does not contain any validation to check if receiverAddress is the zero address."
                            },
                            {
                                "result": false,
                                "validation": [],
                                "reason": "No checks are present in the code to ensure receiverAddress is not the zero address before performing transfers."
                            },
                            {
                                "result": false,
                                "validation": [],
                                "reason": "The function performAction does not include any require or assert statements to validate that receiverAddress is not the zero address."
                            }
                        ],
                        "verify_filtered": []
                    }
                }
            }
        },
        "step4": {
            "tokenAddress": {
                "toToken": {}
            },
            "amount": {
                "amount": {
                    "Validate that the bridge's balance change before and after equals amount": [
                        {
                            "parameter": "amount",
                            "constraint": "Validate that the bridge's balance change before and after equals amount",
                            "validation": "_initialBalanceTokenOut = ERC20(toToken).balanceOf(socketGateway);\n_finalBalanceTokenOut = ERC20(toToken).balanceOf(socketGateway);\nrequire((_finalBalanceTokenOut - _initialBalanceTokenOut) == amount, \"Invalid wrapper contract\");",
                            "score": 90,
                            "reason": "The validation code correctly captures the initial and final balances of the toToken in the socketGateway and checks if the difference equals the amount. This accurately implements the constraint for the case where fromToken is NATIVE_TOKEN_ADDRESS.",
                            "results": [
                                {
                                    "result": true,
                                    "poc": "通过构造一个恶意的 `toToken` 合约，该合约在 `balanceOf` 函数中返回动态计算的值。例如，第一次调用 `balanceOf(socketGateway)` 时返回 `x`，第二次调用时返回 `x + amount`，这样就能绕过验证。攻击者可以部署这样的合约并传入作为 `toToken` 参数。",
                                    "score": "90",
                                    "reason": "The provided PoC demonstrates a valid attack vector where a malicious `toToken` contract can manipulate the `balanceOf` function to return different values for consecutive calls, thereby bypassing the validation check. This is a realistic scenario given that the `toToken` address is user-controlled and can point to any contract. The high confidence score reflects the clear and direct path to bypass the validation as described in the PoC."
                                },
                                {
                                    "result": true,
                                    "poc": "利用重入攻击。如果在 `toToken.call{value: amount}(swapExtraData)` 中调用的合约在执行过程中再次调用 `performAction`，可能会改变 `socketGateway` 的余额状态，导致 `_finalBalanceTokenOut - _initialBalanceTokenOut` 的计算结果不等于 `amount`，但通过精心构造的调用序列可以绕过验证。",
                                    "score": 85,
                                    "reason": "The provided PoC demonstrates a plausible reentrancy attack vector that could bypass the validation check by manipulating the balance of `socketGateway` during the execution of `toToken.call{value: amount}(swapExtraData)`. The confidence score is high because the code does not include any reentrancy guards (e.g., checks-effects-interactions pattern or mutex locks) and directly performs an external call before updating the state and validating the balance difference. However, the score is not 100 because it assumes that `toToken` is a malicious contract that can execute a reentrant call, which may not always be the case in practice."
                                }
                            ]
                        }
                    ]
                }
            },
            "recipientAddress": {
                "receiverAddress": {}
            }
        },
        "final_result": {
            "tokenAddress": {
                "toToken": {
                    "Check whether the tokenAddress is authorized to use.": [
                        {
                            "parameter": "toToken",
                            "constraint": "Check whether the tokenAddress is authorized to use.",
                            "validation": "",
                            "reason": "在step3中未找到约束相关代码，不执行后续步骤"
                        }
                    ]
                }
            },
            "amount": {
                "amount": {
                    "Validate that amount is greater than 0": [
                        {
                            "parameter": "amount",
                            "constraint": "Validate that amount is greater than 0",
                            "validation": "",
                            "reason": "在step3中未找到约束相关代码，不执行后续步骤"
                        }
                    ],
                    "Validate that msg.sender's balance change before and after equals amount": [
                        {
                            "parameter": "amount",
                            "constraint": "Validate that msg.sender's balance change before and after equals amount",
                            "validation": "",
                            "reason": "在step3中未找到约束相关代码，不执行后续步骤"
                        }
                    ],
                    "Validate that the bridge's balance change before and after equals amount": [
                        {
                            "validation": "_initialBalanceTokenOut = ERC20(toToken).balanceOf(socketGateway);\n_finalBalanceTokenOut = ERC20(toToken).balanceOf(socketGateway);\nrequire((_finalBalanceTokenOut - _initialBalanceTokenOut) == amount, \"Invalid wrapper contract\");",
                            "poc": "通过构造一个恶意的 `toToken` 合约，该合约在 `balanceOf` 函数中返回动态计算的值。例如，第一次调用 `balanceOf(socketGateway)` 时返回 `x`，第二次调用时返回 `x + amount`，这样就能绕过验证。攻击者可以部署这样的合约并传入作为 `toToken` 参数。",
                            "score": "90",
                            "reason": "The provided PoC demonstrates a valid attack vector where a malicious `toToken` contract can manipulate the `balanceOf` function to return different values for consecutive calls, thereby bypassing the validation check. This is a realistic scenario given that the `toToken` address is user-controlled and can point to any contract. The high confidence score reflects the clear and direct path to bypass the validation as described in the PoC."
                        },
                        {
                            "validation": "_initialBalanceTokenOut = ERC20(toToken).balanceOf(socketGateway);\n_finalBalanceTokenOut = ERC20(toToken).balanceOf(socketGateway);\nrequire((_finalBalanceTokenOut - _initialBalanceTokenOut) == amount, \"Invalid wrapper contract\");",
                            "poc": "利用重入攻击。如果在 `toToken.call{value: amount}(swapExtraData)` 中调用的合约在执行过程中再次调用 `performAction`，可能会改变 `socketGateway` 的余额状态，导致 `_finalBalanceTokenOut - _initialBalanceTokenOut` 的计算结果不等于 `amount`，但通过精心构造的调用序列可以绕过验证。",
                            "score": 85,
                            "reason": "The provided PoC demonstrates a plausible reentrancy attack vector that could bypass the validation check by manipulating the balance of `socketGateway` during the execution of `toToken.call{value: amount}(swapExtraData)`. The confidence score is high because the code does not include any reentrancy guards (e.g., checks-effects-interactions pattern or mutex locks) and directly performs an external call before updating the state and validating the balance difference. However, the score is not 100 because it assumes that `toToken` is a malicious contract that can execute a reentrant call, which may not always be the case in practice."
                        }
                    ],
                    "Validate that msg.sender's balance ≥ amount": [
                        {
                            "parameter": "amount",
                            "constraint": "Validate that msg.sender's balance ≥ amount",
                            "validation": "",
                            "reason": "在step3中未找到约束相关代码，不执行后续步骤"
                        }
                    ]
                }
            },
            "recipientAddress": {
                "receiverAddress": {
                    "Validate that recipientAddress is not the zero address": [
                        {
                            "parameter": "receiverAddress",
                            "constraint": "Validate that recipientAddress is not the zero address",
                            "validation": "",
                            "reason": "在step3中未找到约束相关代码，不执行后续步骤"
                        }
                    ]
                }
            }
        },
        "context": {
            "event": "SocketSwapTokens",
            "call_graph": "performAction",
            "state_variables": {
                "Identifier": "bytes32 public immutable Identifier = \"wrappedTokenSwapperImpl\";",
                "balanceOf": "mapping(address => uint256) public balanceOf;",
                "NATIVE_TOKEN_ADDRESS": "address public immutable NATIVE_TOKEN_ADDRESS = address(0xEeeeeEeeeEeEeeEeEeEeeEEEeeeeEeeeeeeeEEeE);",
                "socketGateway": "address public immutable socketGateway;"
            },
            "external_functions": []
        },
        "step1-time": 22.70744276046753,
        "step2-time": 411.09240674972534,
        "step2-call_api_times": 21,
        "step3-time": 108.61298036575317,
        "step3-call_api_times": 7,
        "step4-time": 40.135061740875244,
        "step4-call_api_times": 3
    },
    "time": 647.7950754165649,
    "this_cost": 0.11135999999999999,
    "this_prompt_tokens": 28924,
    "this_completion_tokens": 6689
}