{
    "00e29fff2bd07c51e23e94ddc6a504c4": [
        "C:\\Users\\wy\\Desktop\\rag\\dataset\\Nomad20220801\\node_modules\\@openzeppelin\\contracts\\utils\\Context.sol",
        "Context",
        0
    ],
    "85862d5484a7dade4fadbe2620ef8307": [
        "C:\\Users\\wy\\Desktop\\rag\\dataset\\Nomad20220801\\node_modules\\@openzeppelin\\contracts\\utils\\Context.sol",
        "Context",
        0
    ],
    "0bccf07d36d4bad76be5c4148e55c230": [
        "C:\\Users\\wy\\Desktop\\rag\\dataset\\Nomad20220801\\node_modules\\@openzeppelin\\contracts\\access\\Ownable.sol",
        "Ownable",
        0
    ],
    "c000c329207e63e4293ec575de9eb28a": [
        "C:\\Users\\wy\\Desktop\\rag\\dataset\\Nomad20220801\\node_modules\\@openzeppelin\\contracts\\access\\Ownable.sol",
        "Ownable",
        0
    ],
    "6bc3f7799b940307f12357aad7c15fa2": [
        "C:\\Users\\wy\\Desktop\\rag\\dataset\\Nomad20220801\\node_modules\\@openzeppelin\\contracts\\access\\Ownable.sol",
        "Ownable",
        0
    ],
    "4f1a2d71c9d0856b2600a43004342a3c": [
        "C:\\Users\\wy\\Desktop\\rag\\dataset\\Nomad20220801\\node_modules\\@openzeppelin\\contracts\\access\\Ownable.sol",
        "Ownable",
        0
    ],
    "b92099c80fb280641bb32ab9f3280aeb": [
        "C:\\Users\\wy\\Desktop\\rag\\dataset\\Nomad20220801\\node_modules\\@openzeppelin\\contracts\\access\\Ownable.sol",
        "Ownable",
        1
    ],
    "cb6fb709653b7ee97478f21c99cfb27f": [
        "C:\\Users\\wy\\Desktop\\rag\\dataset\\Nomad20220801\\node_modules\\@openzeppelin\\contracts\\cryptography\\ECDSA.sol",
        "ECDSA",
        0
    ],
    "472fe1a258fd28ed435e69e94bd9b0c2": [
        "C:\\Users\\wy\\Desktop\\rag\\dataset\\Nomad20220801\\node_modules\\@openzeppelin\\contracts\\cryptography\\ECDSA.sol",
        "ECDSA",
        0
    ],
    "a5358195f58ef2ff5336b4eead23f34e": [
        "C:\\Users\\wy\\Desktop\\rag\\dataset\\Nomad20220801\\node_modules\\@openzeppelin\\contracts\\cryptography\\ECDSA.sol",
        "ECDSA",
        0
    ],
    "46ce8334a4ead43a32dce5688a8a5d2b": [
        "C:\\Users\\wy\\Desktop\\rag\\dataset\\Nomad20220801\\node_modules\\@openzeppelin\\contracts\\math\\SafeMath.sol",
        "SafeMath",
        0
    ],
    "1c1a32540e3a100292672418fcab8a72": [
        "C:\\Users\\wy\\Desktop\\rag\\dataset\\Nomad20220801\\node_modules\\@openzeppelin\\contracts\\math\\SafeMath.sol",
        "SafeMath",
        0
    ],
    "700407387793583c2fe6c35cf9581e84": [
        "C:\\Users\\wy\\Desktop\\rag\\dataset\\Nomad20220801\\node_modules\\@openzeppelin\\contracts\\math\\SafeMath.sol",
        "SafeMath",
        0
    ],
    "ecf8d5d646f961052d8509a2fe1c6222": [
        "C:\\Users\\wy\\Desktop\\rag\\dataset\\Nomad20220801\\node_modules\\@openzeppelin\\contracts\\math\\SafeMath.sol",
        "SafeMath",
        0
    ],
    "67320fc63047d6ea1ea2f76cea3d1f40": [
        "C:\\Users\\wy\\Desktop\\rag\\dataset\\Nomad20220801\\node_modules\\@openzeppelin\\contracts\\math\\SafeMath.sol",
        "SafeMath",
        0
    ],
    "b83a169007730f80a7fc79bee8748fff": [
        "C:\\Users\\wy\\Desktop\\rag\\dataset\\Nomad20220801\\node_modules\\@openzeppelin\\contracts\\math\\SafeMath.sol",
        "SafeMath",
        0
    ],
    "aa6b5a83ac7caeaf81056eef5389fca5": [
        "C:\\Users\\wy\\Desktop\\rag\\dataset\\Nomad20220801\\node_modules\\@openzeppelin\\contracts\\math\\SafeMath.sol",
        "SafeMath",
        0
    ],
    "bf37c866b6fedbd1f907bedc1db2ecf4": [
        "C:\\Users\\wy\\Desktop\\rag\\dataset\\Nomad20220801\\node_modules\\@openzeppelin\\contracts\\math\\SafeMath.sol",
        "SafeMath",
        0
    ],
    "7c28c2dd07441fa54b1d03075792c91b": [
        "C:\\Users\\wy\\Desktop\\rag\\dataset\\Nomad20220801\\node_modules\\@openzeppelin\\contracts\\math\\SafeMath.sol",
        "SafeMath",
        0
    ],
    "412fb6a70380571ecfde09f14e0cc060": [
        "C:\\Users\\wy\\Desktop\\rag\\dataset\\Nomad20220801\\node_modules\\@openzeppelin\\contracts\\math\\SafeMath.sol",
        "SafeMath",
        0
    ],
    "13421747919eac13f5a8a59c89f33ea9": [
        "C:\\Users\\wy\\Desktop\\rag\\dataset\\Nomad20220801\\node_modules\\@openzeppelin\\contracts\\math\\SafeMath.sol",
        "SafeMath",
        0
    ],
    "7c96bf46bac68fb10bb28ee253c94302": [
        "C:\\Users\\wy\\Desktop\\rag\\dataset\\Nomad20220801\\node_modules\\@openzeppelin\\contracts\\math\\SafeMath.sol",
        "SafeMath",
        0
    ],
    "6355d2e145b4213072aa6bcb41536f79": [
        "C:\\Users\\wy\\Desktop\\rag\\dataset\\Nomad20220801\\node_modules\\@openzeppelin\\contracts\\math\\SafeMath.sol",
        "SafeMath",
        0
    ],
    "5e1d12e61f4bf4b37161d9b684742570": [
        "C:\\Users\\wy\\Desktop\\rag\\dataset\\Nomad20220801\\node_modules\\@openzeppelin\\contracts\\token\\ERC20\\IERC20.sol",
        "IERC20",
        0
    ],
    "3ac17e7782366957c960d337a4a648cd": [
        "C:\\Users\\wy\\Desktop\\rag\\dataset\\Nomad20220801\\node_modules\\@openzeppelin\\contracts\\token\\ERC20\\IERC20.sol",
        "IERC20",
        0
    ],
    "98b540da9047ee99bce7fadde65d04b7": [
        "C:\\Users\\wy\\Desktop\\rag\\dataset\\Nomad20220801\\node_modules\\@openzeppelin\\contracts\\token\\ERC20\\IERC20.sol",
        "IERC20",
        0
    ],
    "c93791d09d789aed33b9725d482af442": [
        "C:\\Users\\wy\\Desktop\\rag\\dataset\\Nomad20220801\\node_modules\\@openzeppelin\\contracts\\token\\ERC20\\IERC20.sol",
        "IERC20",
        0
    ],
    "7c80d707df648dc123a10c69a1150edc": [
        "C:\\Users\\wy\\Desktop\\rag\\dataset\\Nomad20220801\\node_modules\\@openzeppelin\\contracts\\token\\ERC20\\IERC20.sol",
        "IERC20",
        0
    ],
    "c134d67e13a988b449de71dd226682ab": [
        "C:\\Users\\wy\\Desktop\\rag\\dataset\\Nomad20220801\\node_modules\\@openzeppelin\\contracts\\token\\ERC20\\IERC20.sol",
        "IERC20",
        0
    ],
    "b946110d999861cda9a1e7e7629934c3": [
        "C:\\Users\\wy\\Desktop\\rag\\dataset\\Nomad20220801\\node_modules\\@openzeppelin\\contracts\\utils\\Address.sol",
        "Address",
        0
    ],
    "4213f1701c2999f67f11de98a51e01f6": [
        "C:\\Users\\wy\\Desktop\\rag\\dataset\\Nomad20220801\\node_modules\\@openzeppelin\\contracts\\utils\\Address.sol",
        "Address",
        0
    ],
    "9bd9227b4301edafa41944a5a4cc096d": [
        "C:\\Users\\wy\\Desktop\\rag\\dataset\\Nomad20220801\\node_modules\\@openzeppelin\\contracts\\utils\\Address.sol",
        "Address",
        0
    ],
    "735101b0fafaf16211fa1793190b6833": [
        "C:\\Users\\wy\\Desktop\\rag\\dataset\\Nomad20220801\\node_modules\\@openzeppelin\\contracts\\utils\\Address.sol",
        "Address",
        0
    ],
    "9587564662cef65eec554844bed6f202": [
        "C:\\Users\\wy\\Desktop\\rag\\dataset\\Nomad20220801\\node_modules\\@openzeppelin\\contracts\\utils\\Address.sol",
        "Address",
        0
    ],
    "0756338a698cf2353736421e83671b07": [
        "C:\\Users\\wy\\Desktop\\rag\\dataset\\Nomad20220801\\node_modules\\@openzeppelin\\contracts\\utils\\Address.sol",
        "Address",
        0
    ],
    "994685aae3cda8dbbf0ffec7f803d344": [
        "C:\\Users\\wy\\Desktop\\rag\\dataset\\Nomad20220801\\node_modules\\@openzeppelin\\contracts\\utils\\Address.sol",
        "Address",
        0
    ],
    "c48c18ad7c0451e22168da4792c23d4b": [
        "C:\\Users\\wy\\Desktop\\rag\\dataset\\Nomad20220801\\node_modules\\@openzeppelin\\contracts\\utils\\Address.sol",
        "Address",
        0
    ],
    "219660ec0d55ecb352a5cec40b996f90": [
        "C:\\Users\\wy\\Desktop\\rag\\dataset\\Nomad20220801\\node_modules\\@openzeppelin\\contracts\\utils\\Address.sol",
        "Address",
        0
    ],
    "a00c6b7016c29f7cdedc4619490947ed": [
        "C:\\Users\\wy\\Desktop\\rag\\dataset\\Nomad20220801\\node_modules\\@openzeppelin\\contracts\\utils\\Address.sol",
        "Address",
        0
    ],
    "e6d84fd002b4ef76a1834f09ca48b18b": [
        "C:\\Users\\wy\\Desktop\\rag\\dataset\\Nomad20220801\\node_modules\\@openzeppelin\\contracts\\utils\\Address.sol",
        "Address",
        0
    ],
    "2df5a9c4c3f62b7f564f61d0928f903a": [
        "C:\\Users\\wy\\Desktop\\rag\\dataset\\Nomad20220801\\node_modules\\@openzeppelin\\contracts-upgradeable\\proxy\\Initializable.sol",
        "Initializable",
        0
    ],
    "9a3941efe0712b157053363b75d3f33f": [
        "C:\\Users\\wy\\Desktop\\rag\\dataset\\Nomad20220801\\node_modules\\@openzeppelin\\contracts-upgradeable\\proxy\\Initializable.sol",
        "Initializable",
        1
    ],
    "ac041e388216097d4a3bd5bb532a04c2": [
        "C:\\Users\\wy\\Desktop\\rag\\dataset\\Nomad20220801\\node_modules\\@openzeppelin\\contracts-upgradeable\\utils\\ContextUpgradeable.sol",
        "ContextUpgradeable",
        0
    ],
    "ff90e0cbb896d9c015a83bf8000be465": [
        "C:\\Users\\wy\\Desktop\\rag\\dataset\\Nomad20220801\\node_modules\\@openzeppelin\\contracts-upgradeable\\utils\\ContextUpgradeable.sol",
        "ContextUpgradeable",
        0
    ],
    "f7820e4676d5bcf96dd81f938b91f4f1": [
        "C:\\Users\\wy\\Desktop\\rag\\dataset\\Nomad20220801\\node_modules\\@openzeppelin\\contracts-upgradeable\\access\\OwnableUpgradeable.sol",
        "OwnableUpgradeable",
        0
    ],
    "f3e7ad499953e1b52c55f3c5bb3e4ddb": [
        "C:\\Users\\wy\\Desktop\\rag\\dataset\\Nomad20220801\\node_modules\\@openzeppelin\\contracts-upgradeable\\access\\OwnableUpgradeable.sol",
        "OwnableUpgradeable",
        0
    ],
    "6aec8f1cbadaea5b2f1cfccfe6e89bd9": [
        "C:\\Users\\wy\\Desktop\\rag\\dataset\\Nomad20220801\\node_modules\\@summa-tx\\memview-sol\\contracts\\SafeMath.sol",
        "SafeMath",
        0
    ],
    "8001329ae324970dadaa2c83d5c3337f": [
        "C:\\Users\\wy\\Desktop\\rag\\dataset\\Nomad20220801\\node_modules\\@summa-tx\\memview-sol\\contracts\\SafeMath.sol",
        "SafeMath",
        0
    ],
    "1f8882d81597f7114cbc9b8154b46a61": [
        "C:\\Users\\wy\\Desktop\\rag\\dataset\\Nomad20220801\\node_modules\\@summa-tx\\memview-sol\\contracts\\SafeMath.sol",
        "SafeMath",
        0
    ],
    "c72e7e17d470a7660f1090b66fbc39a8": [
        "C:\\Users\\wy\\Desktop\\rag\\dataset\\Nomad20220801\\node_modules\\@summa-tx\\memview-sol\\contracts\\SafeMath.sol",
        "SafeMath",
        0
    ],
    "98d9644302e90f316037b641366e430f": [
        "C:\\Users\\wy\\Desktop\\rag\\dataset\\Nomad20220801\\node_modules\\@summa-tx\\memview-sol\\contracts\\TypedMemView.sol",
        "TypedMemView",
        0
    ],
    "59306c9f2f186fa10c82784e05604783": [
        "C:\\Users\\wy\\Desktop\\rag\\dataset\\Nomad20220801\\node_modules\\@summa-tx\\memview-sol\\contracts\\TypedMemView.sol",
        "TypedMemView",
        0
    ],
    "465ebc714263ab8f518e4e0afa7b5a2a": [
        "C:\\Users\\wy\\Desktop\\rag\\dataset\\Nomad20220801\\node_modules\\@summa-tx\\memview-sol\\contracts\\TypedMemView.sol",
        "TypedMemView",
        0
    ],
    "b9cad1f21512418158ff263a57b654b0": [
        "C:\\Users\\wy\\Desktop\\rag\\dataset\\Nomad20220801\\node_modules\\@summa-tx\\memview-sol\\contracts\\TypedMemView.sol",
        "TypedMemView",
        0
    ],
    "79764db6a18c7d87226adfe11b1b149d": [
        "C:\\Users\\wy\\Desktop\\rag\\dataset\\Nomad20220801\\node_modules\\@summa-tx\\memview-sol\\contracts\\TypedMemView.sol",
        "TypedMemView",
        0
    ],
    "d93a4661b703d460ae50e8eb251d218d": [
        "C:\\Users\\wy\\Desktop\\rag\\dataset\\Nomad20220801\\node_modules\\@summa-tx\\memview-sol\\contracts\\TypedMemView.sol",
        "TypedMemView",
        0
    ],
    "89357b764c60f8f556d9c6176e116652": [
        "C:\\Users\\wy\\Desktop\\rag\\dataset\\Nomad20220801\\node_modules\\@summa-tx\\memview-sol\\contracts\\TypedMemView.sol",
        "TypedMemView",
        0
    ],
    "aeb564988f05d8c511bf64c42afed0c1": [
        "C:\\Users\\wy\\Desktop\\rag\\dataset\\Nomad20220801\\node_modules\\@summa-tx\\memview-sol\\contracts\\TypedMemView.sol",
        "TypedMemView",
        0
    ],
    "31bad4c05de9584064a892c5dfa1a641": [
        "C:\\Users\\wy\\Desktop\\rag\\dataset\\Nomad20220801\\node_modules\\@summa-tx\\memview-sol\\contracts\\TypedMemView.sol",
        "TypedMemView",
        0
    ],
    "9f99c57408f30c58b02b614ab9c64324": [
        "C:\\Users\\wy\\Desktop\\rag\\dataset\\Nomad20220801\\node_modules\\@summa-tx\\memview-sol\\contracts\\TypedMemView.sol",
        "TypedMemView",
        0
    ],
    "9f93711874e13cff5ed001ca1a021291": [
        "C:\\Users\\wy\\Desktop\\rag\\dataset\\Nomad20220801\\node_modules\\@summa-tx\\memview-sol\\contracts\\TypedMemView.sol",
        "TypedMemView",
        0
    ],
    "888130918f9aa60e3f66f27a4b79efcf": [
        "C:\\Users\\wy\\Desktop\\rag\\dataset\\Nomad20220801\\node_modules\\@summa-tx\\memview-sol\\contracts\\TypedMemView.sol",
        "TypedMemView",
        0
    ],
    "54c8864a1195a6b6f17335b5bd30c42f": [
        "C:\\Users\\wy\\Desktop\\rag\\dataset\\Nomad20220801\\node_modules\\@summa-tx\\memview-sol\\contracts\\TypedMemView.sol",
        "TypedMemView",
        0
    ],
    "7580ae44a99b5bb605d624e9c592bb14": [
        "C:\\Users\\wy\\Desktop\\rag\\dataset\\Nomad20220801\\node_modules\\@summa-tx\\memview-sol\\contracts\\TypedMemView.sol",
        "TypedMemView",
        0
    ],
    "e1ac7cf11f5a7a41478ed2dd10569396": [
        "C:\\Users\\wy\\Desktop\\rag\\dataset\\Nomad20220801\\node_modules\\@summa-tx\\memview-sol\\contracts\\TypedMemView.sol",
        "TypedMemView",
        0
    ],
    "c7a57b580e04f57a10b3ed0353e6509f": [
        "C:\\Users\\wy\\Desktop\\rag\\dataset\\Nomad20220801\\node_modules\\@summa-tx\\memview-sol\\contracts\\TypedMemView.sol",
        "TypedMemView",
        0
    ],
    "cba85008062db02e4df67f49002c23e8": [
        "C:\\Users\\wy\\Desktop\\rag\\dataset\\Nomad20220801\\node_modules\\@summa-tx\\memview-sol\\contracts\\TypedMemView.sol",
        "TypedMemView",
        0
    ],
    "2914752345f39de372da79e237ff011e": [
        "C:\\Users\\wy\\Desktop\\rag\\dataset\\Nomad20220801\\node_modules\\@summa-tx\\memview-sol\\contracts\\TypedMemView.sol",
        "TypedMemView",
        0
    ],
    "f679e0b01d8f463e83602dd9d4608e0c": [
        "C:\\Users\\wy\\Desktop\\rag\\dataset\\Nomad20220801\\node_modules\\@summa-tx\\memview-sol\\contracts\\TypedMemView.sol",
        "TypedMemView",
        0
    ],
    "9b7ff7a7387b7febc372731c308de64a": [
        "C:\\Users\\wy\\Desktop\\rag\\dataset\\Nomad20220801\\node_modules\\@summa-tx\\memview-sol\\contracts\\TypedMemView.sol",
        "TypedMemView",
        0
    ],
    "b9bd4cebf71d16077e86fe578c37ea9d": [
        "C:\\Users\\wy\\Desktop\\rag\\dataset\\Nomad20220801\\node_modules\\@summa-tx\\memview-sol\\contracts\\TypedMemView.sol",
        "TypedMemView",
        0
    ],
    "196ea94b0e45cc6b21da50b1986f5599": [
        "C:\\Users\\wy\\Desktop\\rag\\dataset\\Nomad20220801\\node_modules\\@summa-tx\\memview-sol\\contracts\\TypedMemView.sol",
        "TypedMemView",
        0
    ],
    "850de023093564f6fed93aa0944eb98f": [
        "C:\\Users\\wy\\Desktop\\rag\\dataset\\Nomad20220801\\node_modules\\@summa-tx\\memview-sol\\contracts\\TypedMemView.sol",
        "TypedMemView",
        0
    ],
    "ba2c99c85d30596749d00c760233d4cf": [
        "C:\\Users\\wy\\Desktop\\rag\\dataset\\Nomad20220801\\node_modules\\@summa-tx\\memview-sol\\contracts\\TypedMemView.sol",
        "TypedMemView",
        0
    ],
    "4246920aaf9a9b5a888b2c1ef4879253": [
        "C:\\Users\\wy\\Desktop\\rag\\dataset\\Nomad20220801\\node_modules\\@summa-tx\\memview-sol\\contracts\\TypedMemView.sol",
        "TypedMemView",
        0
    ],
    "f931c33d9592252d8a855de5f6dae595": [
        "C:\\Users\\wy\\Desktop\\rag\\dataset\\Nomad20220801\\node_modules\\@summa-tx\\memview-sol\\contracts\\TypedMemView.sol",
        "TypedMemView",
        0
    ],
    "2aa0f3495c17aebd715c26a4dc11526a": [
        "C:\\Users\\wy\\Desktop\\rag\\dataset\\Nomad20220801\\node_modules\\@summa-tx\\memview-sol\\contracts\\TypedMemView.sol",
        "TypedMemView",
        0
    ],
    "e2fb805085975fa98541e91f629e4058": [
        "C:\\Users\\wy\\Desktop\\rag\\dataset\\Nomad20220801\\node_modules\\@summa-tx\\memview-sol\\contracts\\TypedMemView.sol",
        "TypedMemView",
        0
    ],
    "f5af7baee6bc8451ab77c0e49f9686cb": [
        "C:\\Users\\wy\\Desktop\\rag\\dataset\\Nomad20220801\\node_modules\\@summa-tx\\memview-sol\\contracts\\TypedMemView.sol",
        "TypedMemView",
        0
    ],
    "87a17ed5704635995d2ca5e843aa6bdd": [
        "C:\\Users\\wy\\Desktop\\rag\\dataset\\Nomad20220801\\node_modules\\@summa-tx\\memview-sol\\contracts\\TypedMemView.sol",
        "TypedMemView",
        0
    ],
    "8f0c72ac6619a39edb44b0b8af597baa": [
        "C:\\Users\\wy\\Desktop\\rag\\dataset\\Nomad20220801\\node_modules\\@summa-tx\\memview-sol\\contracts\\TypedMemView.sol",
        "TypedMemView",
        0
    ],
    "3d8664256774c511bdc5f2af4e715115": [
        "C:\\Users\\wy\\Desktop\\rag\\dataset\\Nomad20220801\\node_modules\\@summa-tx\\memview-sol\\contracts\\TypedMemView.sol",
        "TypedMemView",
        0
    ],
    "d0b35eb1874b075a8ec430875f0204d1": [
        "C:\\Users\\wy\\Desktop\\rag\\dataset\\Nomad20220801\\node_modules\\@summa-tx\\memview-sol\\contracts\\TypedMemView.sol",
        "TypedMemView",
        0
    ],
    "ebb0a7e7d47989b00b18d09c277547e8": [
        "C:\\Users\\wy\\Desktop\\rag\\dataset\\Nomad20220801\\node_modules\\@summa-tx\\memview-sol\\contracts\\TypedMemView.sol",
        "TypedMemView",
        0
    ],
    "95deeda78cd0474ca178c64b6343b487": [
        "C:\\Users\\wy\\Desktop\\rag\\dataset\\Nomad20220801\\node_modules\\@summa-tx\\memview-sol\\contracts\\TypedMemView.sol",
        "TypedMemView",
        0
    ],
    "00518f0fceb7df43753780599b9465e2": [
        "C:\\Users\\wy\\Desktop\\rag\\dataset\\Nomad20220801\\node_modules\\@summa-tx\\memview-sol\\contracts\\TypedMemView.sol",
        "TypedMemView",
        0
    ],
    "2bb69d031a6da27eda911cc3a693f0bd": [
        "C:\\Users\\wy\\Desktop\\rag\\dataset\\Nomad20220801\\node_modules\\@summa-tx\\memview-sol\\contracts\\TypedMemView.sol",
        "TypedMemView",
        0
    ],
    "8ed2d74775f487f9e04279d0f633a53f": [
        "C:\\Users\\wy\\Desktop\\rag\\dataset\\Nomad20220801\\node_modules\\@summa-tx\\memview-sol\\contracts\\TypedMemView.sol",
        "TypedMemView",
        0
    ],
    "33673651703482bfa7bb21d438a3bd4e": [
        "C:\\Users\\wy\\Desktop\\rag\\dataset\\Nomad20220801\\node_modules\\@summa-tx\\memview-sol\\contracts\\TypedMemView.sol",
        "TypedMemView",
        0
    ],
    "9155bbd4b81fb4e60e573b42cce731c0": [
        "C:\\Users\\wy\\Desktop\\rag\\dataset\\Nomad20220801\\node_modules\\@summa-tx\\memview-sol\\contracts\\TypedMemView.sol",
        "TypedMemView",
        0
    ],
    "f6a872ae6fed030f6a30c6da8b7bb616": [
        "C:\\Users\\wy\\Desktop\\rag\\dataset\\Nomad20220801\\node_modules\\@summa-tx\\memview-sol\\contracts\\TypedMemView.sol",
        "TypedMemView",
        0
    ],
    "eac9634dafa9446785f3417e89707584": [
        "C:\\Users\\wy\\Desktop\\rag\\dataset\\Nomad20220801\\node_modules\\@summa-tx\\memview-sol\\contracts\\TypedMemView.sol",
        "TypedMemView",
        0
    ],
    "1af0916f6b03e2def5650489d5d929d3": [
        "C:\\Users\\wy\\Desktop\\rag\\dataset\\Nomad20220801\\node_modules\\@summa-tx\\memview-sol\\contracts\\TypedMemView.sol",
        "TypedMemView",
        0
    ],
    "feea696e961568fa3f559b269a693e74": [
        "C:\\Users\\wy\\Desktop\\rag\\dataset\\Nomad20220801\\node_modules\\@summa-tx\\memview-sol\\contracts\\TypedMemView.sol",
        "TypedMemView",
        0
    ],
    "9e941f046289360ddb7037dc397969b5": [
        "C:\\Users\\wy\\Desktop\\rag\\dataset\\Nomad20220801\\node_modules\\@summa-tx\\memview-sol\\contracts\\TypedMemView.sol",
        "TypedMemView",
        0
    ],
    "5c7d8188070eaeb2ddbc347187d83a0b": [
        "C:\\Users\\wy\\Desktop\\rag\\dataset\\Nomad20220801\\packages\\contracts-bridge\\contracts\\BridgeMessage.sol",
        "BridgeMessage",
        0
    ],
    "e959786da823fb61f816e26c6901e9c7": [
        "C:\\Users\\wy\\Desktop\\rag\\dataset\\Nomad20220801\\packages\\contracts-bridge\\contracts\\BridgeMessage.sol",
        "BridgeMessage",
        0
    ],
    "5108d5137bdb8c262957408429a2589e": [
        "C:\\Users\\wy\\Desktop\\rag\\dataset\\Nomad20220801\\packages\\contracts-bridge\\contracts\\BridgeMessage.sol",
        "BridgeMessage",
        0
    ],
    "70165bf32fadf6f47cf5efa5bb5c24fb": [
        "C:\\Users\\wy\\Desktop\\rag\\dataset\\Nomad20220801\\packages\\contracts-bridge\\contracts\\BridgeMessage.sol",
        "BridgeMessage",
        0
    ],
    "d2dfeaabe226c0ec5eac98f48be8f85a": [
        "C:\\Users\\wy\\Desktop\\rag\\dataset\\Nomad20220801\\packages\\contracts-bridge\\contracts\\BridgeMessage.sol",
        "BridgeMessage",
        0
    ],
    "c2ba60679f354b2c2a126493354f9f2d": [
        "C:\\Users\\wy\\Desktop\\rag\\dataset\\Nomad20220801\\packages\\contracts-bridge\\contracts\\BridgeMessage.sol",
        "BridgeMessage",
        0
    ],
    "3bc048e152c710aee00f964a075201d0": [
        "C:\\Users\\wy\\Desktop\\rag\\dataset\\Nomad20220801\\packages\\contracts-bridge\\contracts\\BridgeMessage.sol",
        "BridgeMessage",
        0
    ],
    "ce0e95b87dd250dd4fe41a828d22d7e2": [
        "C:\\Users\\wy\\Desktop\\rag\\dataset\\Nomad20220801\\packages\\contracts-bridge\\contracts\\BridgeMessage.sol",
        "BridgeMessage",
        0
    ],
    "205ca67b35f2948dc0beaf0ba1c70eae": [
        "C:\\Users\\wy\\Desktop\\rag\\dataset\\Nomad20220801\\packages\\contracts-bridge\\contracts\\BridgeMessage.sol",
        "BridgeMessage",
        0
    ],
    "4d0ea67ccb6c72c855275e76edacef7b": [
        "C:\\Users\\wy\\Desktop\\rag\\dataset\\Nomad20220801\\packages\\contracts-bridge\\contracts\\BridgeMessage.sol",
        "BridgeMessage",
        0
    ],
    "a1a92bc61799a5176efaf6614507d5f4": [
        "C:\\Users\\wy\\Desktop\\rag\\dataset\\Nomad20220801\\packages\\contracts-bridge\\contracts\\BridgeMessage.sol",
        "BridgeMessage",
        0
    ],
    "abb0821f998132bdc45012fa470ede94": [
        "C:\\Users\\wy\\Desktop\\rag\\dataset\\Nomad20220801\\packages\\contracts-bridge\\contracts\\BridgeMessage.sol",
        "BridgeMessage",
        0
    ],
    "6fb616fbfc33b08f19f3f28d6928884e": [
        "C:\\Users\\wy\\Desktop\\rag\\dataset\\Nomad20220801\\packages\\contracts-bridge\\contracts\\BridgeMessage.sol",
        "BridgeMessage",
        0
    ],
    "e90bc49f04b1f41746ab93c9227e72bb": [
        "C:\\Users\\wy\\Desktop\\rag\\dataset\\Nomad20220801\\packages\\contracts-bridge\\contracts\\BridgeMessage.sol",
        "BridgeMessage",
        0
    ],
    "3673c4bf35af31360f9512c196ae0db5": [
        "C:\\Users\\wy\\Desktop\\rag\\dataset\\Nomad20220801\\packages\\contracts-bridge\\contracts\\BridgeMessage.sol",
        "BridgeMessage",
        0
    ],
    "2c779652364abe048c92f4b738ba3b06": [
        "C:\\Users\\wy\\Desktop\\rag\\dataset\\Nomad20220801\\packages\\contracts-bridge\\contracts\\BridgeMessage.sol",
        "BridgeMessage",
        0
    ],
    "8187a73c3888fe689ed02faba25f05b6": [
        "C:\\Users\\wy\\Desktop\\rag\\dataset\\Nomad20220801\\packages\\contracts-bridge\\contracts\\BridgeMessage.sol",
        "BridgeMessage",
        0
    ],
    "3169bab5cbd04c155e5fe35e6bbfd9f3": [
        "C:\\Users\\wy\\Desktop\\rag\\dataset\\Nomad20220801\\packages\\contracts-bridge\\contracts\\BridgeMessage.sol",
        "BridgeMessage",
        0
    ],
    "c41375989af5543eebb85c21717923b9": [
        "C:\\Users\\wy\\Desktop\\rag\\dataset\\Nomad20220801\\packages\\contracts-bridge\\contracts\\BridgeMessage.sol",
        "BridgeMessage",
        0
    ],
    "e0e98e05aea954668ddbfab14c62d1e9": [
        "C:\\Users\\wy\\Desktop\\rag\\dataset\\Nomad20220801\\packages\\contracts-bridge\\contracts\\BridgeMessage.sol",
        "BridgeMessage",
        0
    ],
    "a9a8db7c48f950745d571d895aa5efc7": [
        "C:\\Users\\wy\\Desktop\\rag\\dataset\\Nomad20220801\\packages\\contracts-bridge\\contracts\\BridgeMessage.sol",
        "BridgeMessage",
        0
    ],
    "e4ed3d666a90b2b3448efb4ad7226fe0": [
        "C:\\Users\\wy\\Desktop\\rag\\dataset\\Nomad20220801\\packages\\contracts-bridge\\contracts\\BridgeMessage.sol",
        "BridgeMessage",
        0
    ],
    "d995249c84a396ce7b0c9991c642d4a9": [
        "C:\\Users\\wy\\Desktop\\rag\\dataset\\Nomad20220801\\packages\\contracts-bridge\\contracts\\BridgeMessage.sol",
        "BridgeMessage",
        0
    ],
    "24e9d138d1d045e88d3d5911a0447040": [
        "C:\\Users\\wy\\Desktop\\rag\\dataset\\Nomad20220801\\packages\\contracts-bridge\\contracts\\BridgeMessage.sol",
        "BridgeMessage",
        0
    ],
    "c43796ddedb2b36cb56333b95e7e59b4": [
        "C:\\Users\\wy\\Desktop\\rag\\dataset\\Nomad20220801\\packages\\contracts-bridge\\contracts\\BridgeMessage.sol",
        "BridgeMessage",
        0
    ],
    "f580cee5264cf4ccfa24bcc10a19e2fd": [
        "C:\\Users\\wy\\Desktop\\rag\\dataset\\Nomad20220801\\packages\\contracts-bridge\\contracts\\BridgeMessage.sol",
        "BridgeMessage",
        0
    ],
    "bf3b2a2c7e917da2f73c5e3d1ca611a3": [
        "C:\\Users\\wy\\Desktop\\rag\\dataset\\Nomad20220801\\packages\\contracts-bridge\\contracts\\BridgeMessage.sol",
        "BridgeMessage",
        0
    ],
    "e93444fd29896fc70b696506ef73d115": [
        "C:\\Users\\wy\\Desktop\\rag\\dataset\\Nomad20220801\\packages\\contracts-bridge\\contracts\\BridgeMessage.sol",
        "BridgeMessage",
        0
    ],
    "26e96f27f34887b75dfb544d02de222d": [
        "C:\\Users\\wy\\Desktop\\rag\\dataset\\Nomad20220801\\packages\\contracts-bridge\\contracts\\BridgeMessage.sol",
        "BridgeMessage",
        1
    ],
    "ba5b93b5ddccf44cf78f3f471d3fc174": [
        "C:\\Users\\wy\\Desktop\\rag\\dataset\\Nomad20220801\\packages\\contracts-bridge\\contracts\\interfaces\\IBridgeToken.sol",
        "IBridgeToken",
        0
    ],
    "4d42d726caef2db5185f363455201044": [
        "C:\\Users\\wy\\Desktop\\rag\\dataset\\Nomad20220801\\packages\\contracts-bridge\\contracts\\interfaces\\IBridgeToken.sol",
        "IBridgeToken",
        0
    ],
    "d132de2b50feba36d5e679a4d9fb9d87": [
        "C:\\Users\\wy\\Desktop\\rag\\dataset\\Nomad20220801\\packages\\contracts-bridge\\contracts\\interfaces\\IBridgeToken.sol",
        "IBridgeToken",
        0
    ],
    "290eeefbf46324b8fc0db56342aa8b5c": [
        "C:\\Users\\wy\\Desktop\\rag\\dataset\\Nomad20220801\\packages\\contracts-bridge\\contracts\\interfaces\\IBridgeToken.sol",
        "IBridgeToken",
        0
    ],
    "af3fd982db2d33756fe4782a6d55350a": [
        "C:\\Users\\wy\\Desktop\\rag\\dataset\\Nomad20220801\\packages\\contracts-bridge\\contracts\\interfaces\\IBridgeToken.sol",
        "IBridgeToken",
        0
    ],
    "c15e72a2ea60e8347812ec93dc20044e": [
        "C:\\Users\\wy\\Desktop\\rag\\dataset\\Nomad20220801\\packages\\contracts-bridge\\contracts\\interfaces\\IBridgeToken.sol",
        "IBridgeToken",
        0
    ],
    "d8b1d749a755d427cd485f1de7217afd": [
        "C:\\Users\\wy\\Desktop\\rag\\dataset\\Nomad20220801\\packages\\contracts-bridge\\contracts\\interfaces\\IBridgeToken.sol",
        "IBridgeToken",
        0
    ],
    "be1657df95c91212ce71c5642ffbf6b5": [
        "C:\\Users\\wy\\Desktop\\rag\\dataset\\Nomad20220801\\packages\\contracts-bridge\\contracts\\interfaces\\IBridgeToken.sol",
        "IBridgeToken",
        0
    ],
    "8635af4b0a0e7bae866a3ed104f3e51f": [
        "C:\\Users\\wy\\Desktop\\rag\\dataset\\Nomad20220801\\packages\\contracts-bridge\\contracts\\interfaces\\IBridgeToken.sol",
        "IBridgeToken",
        0
    ],
    "5666162f132815f3b3eb576841885dee": [
        "C:\\Users\\wy\\Desktop\\rag\\dataset\\Nomad20220801\\packages\\contracts-bridge\\contracts\\interfaces\\IBridgeToken.sol",
        "IBridgeToken",
        0
    ],
    "c0f2202fa43f1eb4f843d784d7d103ed": [
        "C:\\Users\\wy\\Desktop\\rag\\dataset\\Nomad20220801\\packages\\contracts-bridge\\contracts\\interfaces\\IBridgeToken.sol",
        "IBridgeToken",
        0
    ],
    "86997954de31b1bf86043dff10e45513": [
        "C:\\Users\\wy\\Desktop\\rag\\dataset\\Nomad20220801\\packages\\contracts-bridge\\contracts\\vendored\\OZERC20.sol",
        "ERC20",
        0
    ],
    "75fb82567811f31bf4014edba3a5c87b": [
        "C:\\Users\\wy\\Desktop\\rag\\dataset\\Nomad20220801\\packages\\contracts-bridge\\contracts\\vendored\\OZERC20.sol",
        "ERC20",
        0
    ],
    "1a7872f97e7986883f435a0ff9dbcd77": [
        "C:\\Users\\wy\\Desktop\\rag\\dataset\\Nomad20220801\\packages\\contracts-bridge\\contracts\\vendored\\OZERC20.sol",
        "ERC20",
        0
    ],
    "5e8a3ef66a9252075831e7b9ab167995": [
        "C:\\Users\\wy\\Desktop\\rag\\dataset\\Nomad20220801\\packages\\contracts-bridge\\contracts\\vendored\\OZERC20.sol",
        "ERC20",
        0
    ],
    "183def60b27ed8551f6f8a8b758d7709": [
        "C:\\Users\\wy\\Desktop\\rag\\dataset\\Nomad20220801\\packages\\contracts-bridge\\contracts\\vendored\\OZERC20.sol",
        "ERC20",
        0
    ],
    "96711206ae6a5da457f00cbd11bf512e": [
        "C:\\Users\\wy\\Desktop\\rag\\dataset\\Nomad20220801\\packages\\contracts-bridge\\contracts\\vendored\\OZERC20.sol",
        "ERC20",
        0
    ],
    "1a26b550557597522bd61c47aed97bf7": [
        "C:\\Users\\wy\\Desktop\\rag\\dataset\\Nomad20220801\\packages\\contracts-bridge\\contracts\\vendored\\OZERC20.sol",
        "ERC20",
        0
    ],
    "2a0620cabd3a273f11e592accfc82398": [
        "C:\\Users\\wy\\Desktop\\rag\\dataset\\Nomad20220801\\packages\\contracts-bridge\\contracts\\vendored\\OZERC20.sol",
        "ERC20",
        0
    ],
    "a28a491cf40133f2c26f0f53fe6862a6": [
        "C:\\Users\\wy\\Desktop\\rag\\dataset\\Nomad20220801\\packages\\contracts-bridge\\contracts\\vendored\\OZERC20.sol",
        "ERC20",
        0
    ],
    "d5279bfbbf8cd215443368694472cd85": [
        "C:\\Users\\wy\\Desktop\\rag\\dataset\\Nomad20220801\\packages\\contracts-bridge\\contracts\\vendored\\OZERC20.sol",
        "ERC20",
        0
    ],
    "ce07b8c77077638c031abcb12f70ff7f": [
        "C:\\Users\\wy\\Desktop\\rag\\dataset\\Nomad20220801\\packages\\contracts-bridge\\contracts\\vendored\\OZERC20.sol",
        "ERC20",
        0
    ],
    "b173c311c1c8ec08b7ba9f49f98dc698": [
        "C:\\Users\\wy\\Desktop\\rag\\dataset\\Nomad20220801\\packages\\contracts-bridge\\contracts\\vendored\\OZERC20.sol",
        "ERC20",
        0
    ],
    "68397800586a93f284b772299a6d91b0": [
        "C:\\Users\\wy\\Desktop\\rag\\dataset\\Nomad20220801\\packages\\contracts-bridge\\contracts\\vendored\\OZERC20.sol",
        "ERC20",
        0
    ],
    "33612aa91c371f6871b0b91398049af3": [
        "C:\\Users\\wy\\Desktop\\rag\\dataset\\Nomad20220801\\packages\\contracts-bridge\\contracts\\vendored\\OZERC20.sol",
        "ERC20",
        0
    ],
    "18678f9687f43e9975bb617857b89c48": [
        "C:\\Users\\wy\\Desktop\\rag\\dataset\\Nomad20220801\\packages\\contracts-core\\contracts\\libs\\TypeCasts.sol",
        "TypeCasts",
        0
    ],
    "4c6a15ca339276dcba36ee85378e2957": [
        "C:\\Users\\wy\\Desktop\\rag\\dataset\\Nomad20220801\\packages\\contracts-core\\contracts\\libs\\TypeCasts.sol",
        "TypeCasts",
        0
    ],
    "bee9a0c62b2bc2e60a6caa0c60eb7ec6": [
        "C:\\Users\\wy\\Desktop\\rag\\dataset\\Nomad20220801\\packages\\contracts-core\\contracts\\libs\\TypeCasts.sol",
        "TypeCasts",
        0
    ],
    "1b63d7d389c9524fc335c8a15db1ed73": [
        "C:\\Users\\wy\\Desktop\\rag\\dataset\\Nomad20220801\\packages\\contracts-core\\contracts\\libs\\TypeCasts.sol",
        "TypeCasts",
        0
    ],
    "727f2dca5c5a05f3a4a339b6d9e7c1bd": [
        "C:\\Users\\wy\\Desktop\\rag\\dataset\\Nomad20220801\\packages\\contracts-core\\contracts\\libs\\Message.sol",
        "Message",
        0
    ],
    "7b6d86432e2d5cb08eff1e79cd4fe6cd": [
        "C:\\Users\\wy\\Desktop\\rag\\dataset\\Nomad20220801\\packages\\contracts-core\\contracts\\libs\\Message.sol",
        "Message",
        0
    ],
    "ff53e4a6d4b1f122f84e097eb3b4c29c": [
        "C:\\Users\\wy\\Desktop\\rag\\dataset\\Nomad20220801\\packages\\contracts-core\\contracts\\libs\\Message.sol",
        "Message",
        0
    ],
    "0b6cc37cf612711034e03659aa7fa0a0": [
        "C:\\Users\\wy\\Desktop\\rag\\dataset\\Nomad20220801\\packages\\contracts-core\\contracts\\libs\\Message.sol",
        "Message",
        0
    ],
    "b56612f1442832e9b93ef3d351f83983": [
        "C:\\Users\\wy\\Desktop\\rag\\dataset\\Nomad20220801\\packages\\contracts-core\\contracts\\libs\\Message.sol",
        "Message",
        0
    ],
    "48ee746e66cd74d88c7b933a510a1d4f": [
        "C:\\Users\\wy\\Desktop\\rag\\dataset\\Nomad20220801\\packages\\contracts-core\\contracts\\libs\\Message.sol",
        "Message",
        0
    ],
    "44611fd8b058314d1053d59757c4d6b5": [
        "C:\\Users\\wy\\Desktop\\rag\\dataset\\Nomad20220801\\packages\\contracts-core\\contracts\\libs\\Message.sol",
        "Message",
        0
    ],
    "d3e184320970bba374186713f0c4ee65": [
        "C:\\Users\\wy\\Desktop\\rag\\dataset\\Nomad20220801\\packages\\contracts-core\\contracts\\libs\\Message.sol",
        "Message",
        0
    ],
    "8c61a499784d7ea9b19b40d2139e79f2": [
        "C:\\Users\\wy\\Desktop\\rag\\dataset\\Nomad20220801\\packages\\contracts-core\\contracts\\libs\\Message.sol",
        "Message",
        0
    ],
    "24e888b9580075dec0b252bd94a4280d": [
        "C:\\Users\\wy\\Desktop\\rag\\dataset\\Nomad20220801\\packages\\contracts-core\\contracts\\libs\\Message.sol",
        "Message",
        0
    ],
    "7e3000d971e48d1129d165c282a505db": [
        "C:\\Users\\wy\\Desktop\\rag\\dataset\\Nomad20220801\\packages\\contracts-core\\contracts\\NomadBase.sol",
        "NomadBase",
        0
    ],
    "5cd273d0fa82bede1859d8c4d67697fc": [
        "C:\\Users\\wy\\Desktop\\rag\\dataset\\Nomad20220801\\packages\\contracts-core\\contracts\\NomadBase.sol",
        "NomadBase",
        0
    ],
    "7002faea667f25af5644d99d1b296b1d": [
        "C:\\Users\\wy\\Desktop\\rag\\dataset\\Nomad20220801\\packages\\contracts-core\\contracts\\NomadBase.sol",
        "NomadBase",
        0
    ],
    "71fbf050dd298da02788840bc01733c4": [
        "C:\\Users\\wy\\Desktop\\rag\\dataset\\Nomad20220801\\packages\\contracts-core\\contracts\\NomadBase.sol",
        "NomadBase",
        0
    ],
    "9623dcfa5e1e10e77f82bcc76477ac17": [
        "C:\\Users\\wy\\Desktop\\rag\\dataset\\Nomad20220801\\packages\\contracts-core\\contracts\\NomadBase.sol",
        "NomadBase",
        0
    ],
    "3db2de79261143251f0b355775a0a841": [
        "C:\\Users\\wy\\Desktop\\rag\\dataset\\Nomad20220801\\packages\\contracts-core\\contracts\\NomadBase.sol",
        "NomadBase",
        0
    ],
    "2869d8470aaa9761e143a8af442387c0": [
        "C:\\Users\\wy\\Desktop\\rag\\dataset\\Nomad20220801\\packages\\contracts-core\\contracts\\NomadBase.sol",
        "NomadBase",
        0
    ],
    "3998a8cd898095b0a34085b5ed244722": [
        "C:\\Users\\wy\\Desktop\\rag\\dataset\\Nomad20220801\\packages\\contracts-core\\contracts\\Queue.sol",
        "QueueManager",
        0
    ],
    "b75476576aa3b768818f71792f6bd4a7": [
        "C:\\Users\\wy\\Desktop\\rag\\dataset\\Nomad20220801\\packages\\contracts-core\\contracts\\Queue.sol",
        "QueueManager",
        0
    ],
    "a286c36d7075d24ffb4be9eab5f8daa4": [
        "C:\\Users\\wy\\Desktop\\rag\\dataset\\Nomad20220801\\packages\\contracts-core\\contracts\\Queue.sol",
        "QueueManager",
        0
    ],
    "d2aa6111399d3b5059a30962d1ccad3b": [
        "C:\\Users\\wy\\Desktop\\rag\\dataset\\Nomad20220801\\packages\\contracts-core\\contracts\\Queue.sol",
        "QueueManager",
        0
    ],
    "05160a3d9c679ee4e603941575d6128e": [
        "C:\\Users\\wy\\Desktop\\rag\\dataset\\Nomad20220801\\packages\\contracts-core\\contracts\\Merkle.sol",
        "MerkleTreeManager",
        0
    ],
    "8590b4d40dd23ba6437757860527a776": [
        "C:\\Users\\wy\\Desktop\\rag\\dataset\\Nomad20220801\\packages\\contracts-core\\contracts\\Merkle.sol",
        "MerkleTreeManager",
        0
    ],
    "29def1b0d8adc06831ad8907c54f4675": [
        "C:\\Users\\wy\\Desktop\\rag\\dataset\\Nomad20220801\\packages\\contracts-core\\contracts\\interfaces\\IUpdaterManager.sol",
        "IUpdaterManager",
        0
    ],
    "9abf613549c1e4a8b9530f1437602d16": [
        "C:\\Users\\wy\\Desktop\\rag\\dataset\\Nomad20220801\\packages\\contracts-core\\contracts\\interfaces\\IUpdaterManager.sol",
        "IUpdaterManager",
        0
    ],
    "cc5a63f9c0a89fc93d8f137f55e91aa7": [
        "C:\\Users\\wy\\Desktop\\rag\\dataset\\Nomad20220801\\packages\\contracts-core\\contracts\\Home.sol",
        "Home",
        0
    ],
    "ff63de0f03f932fa7086a0529bd60301": [
        "C:\\Users\\wy\\Desktop\\rag\\dataset\\Nomad20220801\\packages\\contracts-core\\contracts\\Home.sol",
        "Home",
        0
    ],
    "1ea8c935f8dfe4090fe0e2d9b435a368": [
        "C:\\Users\\wy\\Desktop\\rag\\dataset\\Nomad20220801\\packages\\contracts-core\\contracts\\Home.sol",
        "Home",
        0
    ],
    "1b18de339acd545bc2def042e781209f": [
        "C:\\Users\\wy\\Desktop\\rag\\dataset\\Nomad20220801\\packages\\contracts-core\\contracts\\Home.sol",
        "Home",
        0
    ],
    "6316a042a00432c701e38df1f61dd95c": [
        "C:\\Users\\wy\\Desktop\\rag\\dataset\\Nomad20220801\\packages\\contracts-core\\contracts\\Home.sol",
        "Home",
        0
    ],
    "e745edd844645cde0e4f202a2f404a66": [
        "C:\\Users\\wy\\Desktop\\rag\\dataset\\Nomad20220801\\packages\\contracts-core\\contracts\\Home.sol",
        "Home",
        0
    ],
    "4d3ce865107855eeedf9e0658b31cb59": [
        "C:\\Users\\wy\\Desktop\\rag\\dataset\\Nomad20220801\\packages\\contracts-core\\contracts\\Home.sol",
        "Home",
        0
    ],
    "35bb49d7f3cdf7a7092676cfc3c898c6": [
        "C:\\Users\\wy\\Desktop\\rag\\dataset\\Nomad20220801\\packages\\contracts-core\\contracts\\Home.sol",
        "Home",
        0
    ],
    "385e7b82b3dbfd5d4a4cb39e2235a6f8": [
        "C:\\Users\\wy\\Desktop\\rag\\dataset\\Nomad20220801\\packages\\contracts-core\\contracts\\Home.sol",
        "Home",
        0
    ],
    "3a4c93d5a1c229b402b97c9f9addfa15": [
        "C:\\Users\\wy\\Desktop\\rag\\dataset\\Nomad20220801\\packages\\contracts-core\\contracts\\Home.sol",
        "Home",
        0
    ],
    "52f36a7c1cbc0433f1472706375ea288": [
        "C:\\Users\\wy\\Desktop\\rag\\dataset\\Nomad20220801\\packages\\contracts-core\\contracts\\Home.sol",
        "Home",
        0
    ],
    "5b6a177ca0fae33c7906dfb80083c2b7": [
        "C:\\Users\\wy\\Desktop\\rag\\dataset\\Nomad20220801\\packages\\contracts-core\\contracts\\Home.sol",
        "Home",
        0
    ],
    "e72847fef1e876ae91626eab708a44fe": [
        "C:\\Users\\wy\\Desktop\\rag\\dataset\\Nomad20220801\\packages\\contracts-core\\contracts\\Home.sol",
        "Home",
        0
    ],
    "969db736274e92f3359d032965f3ff20": [
        "C:\\Users\\wy\\Desktop\\rag\\dataset\\Nomad20220801\\packages\\contracts-core\\contracts\\Home.sol",
        "Home",
        1
    ],
    "9db0614c83f62e4c695ce7d5dbdb1d37": [
        "C:\\Users\\wy\\Desktop\\rag\\dataset\\Nomad20220801\\packages\\contracts-core\\contracts\\Home.sol",
        "Home",
        1
    ],
    "5c9a68b5770f9171acd9ee34820872e7": [
        "C:\\Users\\wy\\Desktop\\rag\\dataset\\Nomad20220801\\packages\\contracts-core\\contracts\\interfaces\\IMessageRecipient.sol",
        "IMessageRecipient",
        0
    ],
    "8080513574997481095d557a42ad0aac": [
        "C:\\Users\\wy\\Desktop\\rag\\dataset\\Nomad20220801\\packages\\contracts-core\\contracts\\Replica.sol",
        "Replica",
        0
    ],
    "f5cb429675c8ce996914d7bb386c59a8": [
        "C:\\Users\\wy\\Desktop\\rag\\dataset\\Nomad20220801\\packages\\contracts-core\\contracts\\Replica.sol",
        "Replica",
        0
    ],
    "101ba253d1640b697918268ff479d2f0": [
        "C:\\Users\\wy\\Desktop\\rag\\dataset\\Nomad20220801\\packages\\contracts-core\\contracts\\Replica.sol",
        "Replica",
        0
    ],
    "023fc76e442dec5f498eb6400a407e4a": [
        "C:\\Users\\wy\\Desktop\\rag\\dataset\\Nomad20220801\\packages\\contracts-core\\contracts\\Replica.sol",
        "Replica",
        0
    ],
    "713befd591065efac6d1b205b26100c6": [
        "C:\\Users\\wy\\Desktop\\rag\\dataset\\Nomad20220801\\packages\\contracts-core\\contracts\\Replica.sol",
        "Replica",
        0
    ],
    "7f0d286f50ed41188d1a81f24dff0c50": [
        "C:\\Users\\wy\\Desktop\\rag\\dataset\\Nomad20220801\\packages\\contracts-core\\contracts\\Replica.sol",
        "Replica",
        0
    ],
    "7cc363a43de8ba1a3710938d8286c3a5": [
        "C:\\Users\\wy\\Desktop\\rag\\dataset\\Nomad20220801\\packages\\contracts-core\\contracts\\Replica.sol",
        "Replica",
        0
    ],
    "2055c83c632dd59ad609ffb4023e7f9a": [
        "C:\\Users\\wy\\Desktop\\rag\\dataset\\Nomad20220801\\packages\\contracts-core\\contracts\\Replica.sol",
        "Replica",
        0
    ],
    "2b4fe2796ac96b8cd1413723b631ec40": [
        "C:\\Users\\wy\\Desktop\\rag\\dataset\\Nomad20220801\\packages\\contracts-core\\contracts\\Replica.sol",
        "Replica",
        0
    ],
    "6a025e5773dd7b9936d2d0ceca334e7f": [
        "C:\\Users\\wy\\Desktop\\rag\\dataset\\Nomad20220801\\packages\\contracts-core\\contracts\\Replica.sol",
        "Replica",
        0
    ],
    "d72f7ee696a062f5ab0a493a325c455c": [
        "C:\\Users\\wy\\Desktop\\rag\\dataset\\Nomad20220801\\packages\\contracts-core\\contracts\\Replica.sol",
        "Replica",
        0
    ],
    "56f2f0d91b5afe805ddbcb354f95ce31": [
        "C:\\Users\\wy\\Desktop\\rag\\dataset\\Nomad20220801\\packages\\contracts-core\\contracts\\Replica.sol",
        "Replica",
        0
    ],
    "a370f173ef05467438b2c23c20da9ecb": [
        "C:\\Users\\wy\\Desktop\\rag\\dataset\\Nomad20220801\\packages\\contracts-core\\contracts\\XAppConnectionManager.sol",
        "XAppConnectionManager",
        0
    ],
    "8d7d80c9b10624d4055ccc01a783bc38": [
        "C:\\Users\\wy\\Desktop\\rag\\dataset\\Nomad20220801\\packages\\contracts-core\\contracts\\XAppConnectionManager.sol",
        "XAppConnectionManager",
        0
    ],
    "56df325a37cb8e7458e19671c34fdad1": [
        "C:\\Users\\wy\\Desktop\\rag\\dataset\\Nomad20220801\\packages\\contracts-core\\contracts\\XAppConnectionManager.sol",
        "XAppConnectionManager",
        0
    ],
    "8f1da0ca592582d10d2d8c20530c9b21": [
        "C:\\Users\\wy\\Desktop\\rag\\dataset\\Nomad20220801\\packages\\contracts-core\\contracts\\XAppConnectionManager.sol",
        "XAppConnectionManager",
        0
    ],
    "f5a1b205034e9fa3b57a600a24986077": [
        "C:\\Users\\wy\\Desktop\\rag\\dataset\\Nomad20220801\\packages\\contracts-core\\contracts\\XAppConnectionManager.sol",
        "XAppConnectionManager",
        0
    ],
    "2bb311a4ac1d6cbb490a81466be41cd5": [
        "C:\\Users\\wy\\Desktop\\rag\\dataset\\Nomad20220801\\packages\\contracts-core\\contracts\\XAppConnectionManager.sol",
        "XAppConnectionManager",
        0
    ],
    "c843d20119f7f3c15e6b3dbd268615ff": [
        "C:\\Users\\wy\\Desktop\\rag\\dataset\\Nomad20220801\\packages\\contracts-core\\contracts\\XAppConnectionManager.sol",
        "XAppConnectionManager",
        0
    ],
    "54fede8ca705848191335a03520f116b": [
        "C:\\Users\\wy\\Desktop\\rag\\dataset\\Nomad20220801\\packages\\contracts-core\\contracts\\XAppConnectionManager.sol",
        "XAppConnectionManager",
        0
    ],
    "721a13bafd092f5ceb19a4105c8a018e": [
        "C:\\Users\\wy\\Desktop\\rag\\dataset\\Nomad20220801\\packages\\contracts-core\\contracts\\XAppConnectionManager.sol",
        "XAppConnectionManager",
        0
    ],
    "fb27c4d1d25d76ff7f6da915af2c02c0": [
        "C:\\Users\\wy\\Desktop\\rag\\dataset\\Nomad20220801\\packages\\contracts-core\\contracts\\XAppConnectionManager.sol",
        "XAppConnectionManager",
        0
    ],
    "dd717133ab9de3d40eab90d5f5f77b77": [
        "C:\\Users\\wy\\Desktop\\rag\\dataset\\Nomad20220801\\packages\\contracts-core\\contracts\\XAppConnectionManager.sol",
        "XAppConnectionManager",
        0
    ],
    "a62deeacf36e412f7fd3a5f055e1a917": [
        "C:\\Users\\wy\\Desktop\\rag\\dataset\\Nomad20220801\\packages\\contracts-core\\contracts\\XAppConnectionManager.sol",
        "XAppConnectionManager",
        0
    ],
    "b0c6f68ef78df53620704b7129a0668d": [
        "C:\\Users\\wy\\Desktop\\rag\\dataset\\Nomad20220801\\packages\\contracts-bridge\\contracts\\BridgeToken.sol",
        "BridgeToken",
        0
    ],
    "55e34eb6fcb22be1d13f7719377a2b27": [
        "C:\\Users\\wy\\Desktop\\rag\\dataset\\Nomad20220801\\packages\\contracts-bridge\\contracts\\BridgeToken.sol",
        "BridgeToken",
        0
    ],
    "2d60abd4d5bf332ba20a225da77b66b0": [
        "C:\\Users\\wy\\Desktop\\rag\\dataset\\Nomad20220801\\packages\\contracts-bridge\\contracts\\BridgeToken.sol",
        "BridgeToken",
        0
    ],
    "4aeaa7d79119d91a402d44184e5ff738": [
        "C:\\Users\\wy\\Desktop\\rag\\dataset\\Nomad20220801\\packages\\contracts-bridge\\contracts\\BridgeToken.sol",
        "BridgeToken",
        0
    ],
    "4a7b70a4515007e2bf7f8b77abf17311": [
        "C:\\Users\\wy\\Desktop\\rag\\dataset\\Nomad20220801\\packages\\contracts-bridge\\contracts\\BridgeToken.sol",
        "BridgeToken",
        0
    ],
    "a6f7e9c1d666751adaaa5ccf0a50f7bc": [
        "C:\\Users\\wy\\Desktop\\rag\\dataset\\Nomad20220801\\packages\\contracts-bridge\\contracts\\BridgeToken.sol",
        "BridgeToken",
        0
    ],
    "f10a5d6ac3dc3e96523d5482beb3ff70": [
        "C:\\Users\\wy\\Desktop\\rag\\dataset\\Nomad20220801\\packages\\contracts-bridge\\contracts\\BridgeToken.sol",
        "BridgeToken",
        0
    ],
    "37739e9775b376ebff5d8fee7aa61f11": [
        "C:\\Users\\wy\\Desktop\\rag\\dataset\\Nomad20220801\\packages\\contracts-bridge\\contracts\\BridgeToken.sol",
        "BridgeToken",
        0
    ],
    "5b746b9d7e2bbad402c6d30ac901f46b": [
        "C:\\Users\\wy\\Desktop\\rag\\dataset\\Nomad20220801\\packages\\contracts-bridge\\contracts\\BridgeToken.sol",
        "BridgeToken",
        0
    ],
    "14c4de2ba424af1abdc7dfabc9debd25": [
        "C:\\Users\\wy\\Desktop\\rag\\dataset\\Nomad20220801\\packages\\contracts-bridge\\contracts\\BridgeToken.sol",
        "BridgeToken",
        0
    ],
    "7d8d537e65f1b89c7cafa6802e583ce6": [
        "C:\\Users\\wy\\Desktop\\rag\\dataset\\Nomad20220801\\packages\\contracts-bridge\\contracts\\BridgeToken.sol",
        "BridgeToken",
        0
    ],
    "fbdeed8a2bbd4d066054cef9cb7a5adf": [
        "C:\\Users\\wy\\Desktop\\rag\\dataset\\Nomad20220801\\packages\\contracts-bridge\\contracts\\BridgeToken.sol",
        "BridgeToken",
        0
    ],
    "aeb1e942dc405cf29d04fc78b18eba2a": [
        "C:\\Users\\wy\\Desktop\\rag\\dataset\\Nomad20220801\\packages\\contracts-core\\contracts\\libs\\Merkle.sol",
        "MerkleLib",
        0
    ],
    "6b21a94ff4d907f30f0f892b4ac9ab9f": [
        "C:\\Users\\wy\\Desktop\\rag\\dataset\\Nomad20220801\\packages\\contracts-core\\contracts\\libs\\Merkle.sol",
        "MerkleLib",
        0
    ],
    "a8b88c2ac03a34bd20bbbb525bd6c224": [
        "C:\\Users\\wy\\Desktop\\rag\\dataset\\Nomad20220801\\packages\\contracts-core\\contracts\\libs\\Merkle.sol",
        "MerkleLib",
        0
    ],
    "01a047f92f708f269273892ca8d67721": [
        "C:\\Users\\wy\\Desktop\\rag\\dataset\\Nomad20220801\\packages\\contracts-core\\contracts\\libs\\Merkle.sol",
        "MerkleLib",
        0
    ],
    "980648c41f86ced9954dad22e28ee932": [
        "C:\\Users\\wy\\Desktop\\rag\\dataset\\Nomad20220801\\packages\\contracts-core\\contracts\\libs\\Merkle.sol",
        "MerkleLib",
        0
    ],
    "facd974685a4df1a59868ce3a4f57789": [
        "C:\\Users\\wy\\Desktop\\rag\\dataset\\Nomad20220801\\packages\\contracts-core\\contracts\\libs\\Queue.sol",
        "QueueLib",
        0
    ],
    "63997233fd546f9724b8a0d66c684aeb": [
        "C:\\Users\\wy\\Desktop\\rag\\dataset\\Nomad20220801\\packages\\contracts-core\\contracts\\libs\\Queue.sol",
        "QueueLib",
        0
    ],
    "a1de2952c345c6c8be9a68c12b6e8b4e": [
        "C:\\Users\\wy\\Desktop\\rag\\dataset\\Nomad20220801\\packages\\contracts-core\\contracts\\libs\\Queue.sol",
        "QueueLib",
        0
    ],
    "4359012877e38572095a747ad7e49ee5": [
        "C:\\Users\\wy\\Desktop\\rag\\dataset\\Nomad20220801\\packages\\contracts-core\\contracts\\libs\\Queue.sol",
        "QueueLib",
        0
    ],
    "846349a2c81f5a0c82b76f9b8825ebdb": [
        "C:\\Users\\wy\\Desktop\\rag\\dataset\\Nomad20220801\\packages\\contracts-core\\contracts\\libs\\Queue.sol",
        "QueueLib",
        0
    ],
    "1cfd157738e521a0b5de30b5fa1b527f": [
        "C:\\Users\\wy\\Desktop\\rag\\dataset\\Nomad20220801\\packages\\contracts-core\\contracts\\libs\\Queue.sol",
        "QueueLib",
        0
    ],
    "01ded037c707af4d403ca81bb46866a1": [
        "C:\\Users\\wy\\Desktop\\rag\\dataset\\Nomad20220801\\packages\\contracts-core\\contracts\\libs\\Queue.sol",
        "QueueLib",
        0
    ],
    "d819c4d67a5a6ed784215319e9957e19": [
        "C:\\Users\\wy\\Desktop\\rag\\dataset\\Nomad20220801\\packages\\contracts-core\\contracts\\libs\\Queue.sol",
        "QueueLib",
        0
    ],
    "80477432168eb36761274dc5a81c91d6": [
        "C:\\Users\\wy\\Desktop\\rag\\dataset\\Nomad20220801\\packages\\contracts-core\\contracts\\libs\\Queue.sol",
        "QueueLib",
        0
    ],
    "95ee751e6cfc85adf6b87f003e3ee215": [
        "C:\\Users\\wy\\Desktop\\rag\\dataset\\Nomad20220801\\packages\\contracts-core\\contracts\\libs\\Queue.sol",
        "QueueLib",
        0
    ],
    "389a9cd0daa2f13edd1149f7257cec18": [
        "C:\\Users\\wy\\Desktop\\rag\\dataset\\Nomad20220801\\packages\\contracts-core\\contracts\\libs\\Queue.sol",
        "QueueLib",
        0
    ]
}