{
    "5e1d12e61f4bf4b37161d9b684742570": [
        "C:\\Users\\wy\\Desktop\\rag\\dataset\\LIFI20240716\\GasZipFacet\\lib\\openzeppelin-contracts\\contracts\\token\\ERC20\\IERC20.sol",
        "IERC20",
        0
    ],
    "3ac17e7782366957c960d337a4a648cd": [
        "C:\\Users\\wy\\Desktop\\rag\\dataset\\LIFI20240716\\GasZipFacet\\lib\\openzeppelin-contracts\\contracts\\token\\ERC20\\IERC20.sol",
        "IERC20",
        0
    ],
    "f4ffe0b79c8a4a1a9720675d3ac08278": [
        "C:\\Users\\wy\\Desktop\\rag\\dataset\\LIFI20240716\\GasZipFacet\\lib\\openzeppelin-contracts\\contracts\\token\\ERC20\\IERC20.sol",
        "IERC20",
        0
    ],
    "c93791d09d789aed33b9725d482af442": [
        "C:\\Users\\wy\\Desktop\\rag\\dataset\\LIFI20240716\\GasZipFacet\\lib\\openzeppelin-contracts\\contracts\\token\\ERC20\\IERC20.sol",
        "IERC20",
        0
    ],
    "7c80d707df648dc123a10c69a1150edc": [
        "C:\\Users\\wy\\Desktop\\rag\\dataset\\LIFI20240716\\GasZipFacet\\lib\\openzeppelin-contracts\\contracts\\token\\ERC20\\IERC20.sol",
        "IERC20",
        0
    ],
    "41ffc2d23781a31f4ec618cbb7e83420": [
        "C:\\Users\\wy\\Desktop\\rag\\dataset\\LIFI20240716\\GasZipFacet\\lib\\openzeppelin-contracts\\contracts\\token\\ERC20\\IERC20.sol",
        "IERC20",
        0
    ],
    "abaa7b8952c208d58b77455671572ce3": [
        "C:\\Users\\wy\\Desktop\\rag\\dataset\\LIFI20240716\\GasZipFacet\\lib\\openzeppelin-contracts\\contracts\\token\\ERC20\\extensions\\IERC20Permit.sol",
        "IERC20Permit",
        0
    ],
    "357d86867bcb5e898ef823b379affee2": [
        "C:\\Users\\wy\\Desktop\\rag\\dataset\\LIFI20240716\\GasZipFacet\\lib\\openzeppelin-contracts\\contracts\\token\\ERC20\\extensions\\IERC20Permit.sol",
        "IERC20Permit",
        0
    ],
    "0a5129288a98701e3042bb219b8117b2": [
        "C:\\Users\\wy\\Desktop\\rag\\dataset\\LIFI20240716\\GasZipFacet\\lib\\openzeppelin-contracts\\contracts\\token\\ERC20\\extensions\\IERC20Permit.sol",
        "IERC20Permit",
        0
    ],
    "d5972f1432570efe297b754cd2693d6f": [
        "C:\\Users\\wy\\Desktop\\rag\\dataset\\LIFI20240716\\GasZipFacet\\lib\\openzeppelin-contracts\\contracts\\utils\\Address.sol",
        "Address",
        0
    ],
    "4213f1701c2999f67f11de98a51e01f6": [
        "C:\\Users\\wy\\Desktop\\rag\\dataset\\LIFI20240716\\GasZipFacet\\lib\\openzeppelin-contracts\\contracts\\utils\\Address.sol",
        "Address",
        0
    ],
    "270e14dfa6c4d340344714fd6a36fd00": [
        "C:\\Users\\wy\\Desktop\\rag\\dataset\\LIFI20240716\\GasZipFacet\\lib\\openzeppelin-contracts\\contracts\\utils\\Address.sol",
        "Address",
        0
    ],
    "3deb235bd39105633ff4aa02a367005e": [
        "C:\\Users\\wy\\Desktop\\rag\\dataset\\LIFI20240716\\GasZipFacet\\lib\\openzeppelin-contracts\\contracts\\utils\\Address.sol",
        "Address",
        0
    ],
    "9587564662cef65eec554844bed6f202": [
        "C:\\Users\\wy\\Desktop\\rag\\dataset\\LIFI20240716\\GasZipFacet\\lib\\openzeppelin-contracts\\contracts\\utils\\Address.sol",
        "Address",
        0
    ],
    "415fb10c2d7ae7d060a260635249aa7d": [
        "C:\\Users\\wy\\Desktop\\rag\\dataset\\LIFI20240716\\GasZipFacet\\lib\\openzeppelin-contracts\\contracts\\utils\\Address.sol",
        "Address",
        0
    ],
    "994685aae3cda8dbbf0ffec7f803d344": [
        "C:\\Users\\wy\\Desktop\\rag\\dataset\\LIFI20240716\\GasZipFacet\\lib\\openzeppelin-contracts\\contracts\\utils\\Address.sol",
        "Address",
        0
    ],
    "bf41c57fa7b52bd9c9ca315357eacff8": [
        "C:\\Users\\wy\\Desktop\\rag\\dataset\\LIFI20240716\\GasZipFacet\\lib\\openzeppelin-contracts\\contracts\\utils\\Address.sol",
        "Address",
        0
    ],
    "219660ec0d55ecb352a5cec40b996f90": [
        "C:\\Users\\wy\\Desktop\\rag\\dataset\\LIFI20240716\\GasZipFacet\\lib\\openzeppelin-contracts\\contracts\\utils\\Address.sol",
        "Address",
        0
    ],
    "701d9cff42a9c0251737fde00a72ac47": [
        "C:\\Users\\wy\\Desktop\\rag\\dataset\\LIFI20240716\\GasZipFacet\\lib\\openzeppelin-contracts\\contracts\\utils\\Address.sol",
        "Address",
        0
    ],
    "970cb86012633b951e216a6e31e36148": [
        "C:\\Users\\wy\\Desktop\\rag\\dataset\\LIFI20240716\\GasZipFacet\\lib\\openzeppelin-contracts\\contracts\\utils\\Address.sol",
        "Address",
        0
    ],
    "daaf718a17d848032c9640555f62540a": [
        "C:\\Users\\wy\\Desktop\\rag\\dataset\\LIFI20240716\\GasZipFacet\\lib\\openzeppelin-contracts\\contracts\\utils\\Address.sol",
        "Address",
        0
    ],
    "8bb1093039f962e441f6f911e07a815f": [
        "C:\\Users\\wy\\Desktop\\rag\\dataset\\LIFI20240716\\GasZipFacet\\lib\\openzeppelin-contracts\\contracts\\utils\\Address.sol",
        "Address",
        0
    ],
    "eea4fa7146b01518dc938446227eee77": [
        "C:\\Users\\wy\\Desktop\\rag\\dataset\\LIFI20240716\\GasZipFacet\\lib\\openzeppelin-contracts\\contracts\\token\\ERC20\\utils\\SafeERC20.sol",
        "SafeERC20",
        0
    ],
    "6d0886ab47ccffec354b109fb2e8de81": [
        "C:\\Users\\wy\\Desktop\\rag\\dataset\\LIFI20240716\\GasZipFacet\\lib\\openzeppelin-contracts\\contracts\\token\\ERC20\\utils\\SafeERC20.sol",
        "SafeERC20",
        0
    ],
    "ab540675767ea7e50c2697d6cc9c103d": [
        "C:\\Users\\wy\\Desktop\\rag\\dataset\\LIFI20240716\\GasZipFacet\\lib\\openzeppelin-contracts\\contracts\\token\\ERC20\\utils\\SafeERC20.sol",
        "SafeERC20",
        0
    ],
    "f2f76aeb2e233b4851d735ed58f46f9a": [
        "C:\\Users\\wy\\Desktop\\rag\\dataset\\LIFI20240716\\GasZipFacet\\lib\\openzeppelin-contracts\\contracts\\token\\ERC20\\utils\\SafeERC20.sol",
        "SafeERC20",
        0
    ],
    "b63f4674d988f9c3f23fb9e74791be20": [
        "C:\\Users\\wy\\Desktop\\rag\\dataset\\LIFI20240716\\GasZipFacet\\lib\\openzeppelin-contracts\\contracts\\token\\ERC20\\utils\\SafeERC20.sol",
        "SafeERC20",
        0
    ],
    "871977c2683a997238920751224412b9": [
        "C:\\Users\\wy\\Desktop\\rag\\dataset\\LIFI20240716\\GasZipFacet\\lib\\openzeppelin-contracts\\contracts\\token\\ERC20\\utils\\SafeERC20.sol",
        "SafeERC20",
        0
    ],
    "0140feae353e3ccf05432f452224abe7": [
        "C:\\Users\\wy\\Desktop\\rag\\dataset\\LIFI20240716\\GasZipFacet\\lib\\openzeppelin-contracts\\contracts\\token\\ERC20\\utils\\SafeERC20.sol",
        "SafeERC20",
        0
    ],
    "bdd34585f40e945e74a5da840da04af7": [
        "C:\\Users\\wy\\Desktop\\rag\\dataset\\LIFI20240716\\GasZipFacet\\lib\\openzeppelin-contracts\\contracts\\token\\ERC20\\utils\\SafeERC20.sol",
        "SafeERC20",
        0
    ],
    "7b80b777cc2c5ef9041191ffbd01f034": [
        "C:\\Users\\wy\\Desktop\\rag\\dataset\\LIFI20240716\\GasZipFacet\\lib\\openzeppelin-contracts\\contracts\\token\\ERC20\\utils\\SafeERC20.sol",
        "SafeERC20",
        0
    ],
    "7aa24f057d8dbb4d2afa474b890c8715": [
        "C:\\Users\\wy\\Desktop\\rag\\dataset\\LIFI20240716\\GasZipFacet\\lib\\solady\\src\\tokens\\ERC20.sol",
        "ERC20",
        0
    ],
    "a8ec8d8e21c2133e172c9524ee027dfd": [
        "C:\\Users\\wy\\Desktop\\rag\\dataset\\LIFI20240716\\GasZipFacet\\lib\\solady\\src\\tokens\\ERC20.sol",
        "ERC20",
        0
    ],
    "5227c34c80f9f66dbe3778d69c727e45": [
        "C:\\Users\\wy\\Desktop\\rag\\dataset\\LIFI20240716\\GasZipFacet\\lib\\solady\\src\\tokens\\ERC20.sol",
        "ERC20",
        0
    ],
    "2ab1960c022f802da5607aea1cd78a5e": [
        "C:\\Users\\wy\\Desktop\\rag\\dataset\\LIFI20240716\\GasZipFacet\\lib\\solady\\src\\tokens\\ERC20.sol",
        "ERC20",
        0
    ],
    "5019aac6a150418847f0cfbbff21a82c": [
        "C:\\Users\\wy\\Desktop\\rag\\dataset\\LIFI20240716\\GasZipFacet\\lib\\solady\\src\\tokens\\ERC20.sol",
        "ERC20",
        0
    ],
    "f1c63b83f7944635010615216e191134": [
        "C:\\Users\\wy\\Desktop\\rag\\dataset\\LIFI20240716\\GasZipFacet\\lib\\solady\\src\\tokens\\ERC20.sol",
        "ERC20",
        0
    ],
    "4b1fe8544e160414002843af291d5dcd": [
        "C:\\Users\\wy\\Desktop\\rag\\dataset\\LIFI20240716\\GasZipFacet\\lib\\solady\\src\\tokens\\ERC20.sol",
        "ERC20",
        0
    ],
    "c26537e0e1e3846488195345fb003c74": [
        "C:\\Users\\wy\\Desktop\\rag\\dataset\\LIFI20240716\\GasZipFacet\\lib\\solady\\src\\tokens\\ERC20.sol",
        "ERC20",
        0
    ],
    "44a6fca12fe5b433498e5e703871509b": [
        "C:\\Users\\wy\\Desktop\\rag\\dataset\\LIFI20240716\\GasZipFacet\\lib\\solady\\src\\tokens\\ERC20.sol",
        "ERC20",
        0
    ],
    "527af7595650a9af034b5701cd7de76f": [
        "C:\\Users\\wy\\Desktop\\rag\\dataset\\LIFI20240716\\GasZipFacet\\lib\\solady\\src\\tokens\\ERC20.sol",
        "ERC20",
        0
    ],
    "2bad72ea88619a2a528dd19c5d8280f3": [
        "C:\\Users\\wy\\Desktop\\rag\\dataset\\LIFI20240716\\GasZipFacet\\lib\\solady\\src\\tokens\\ERC20.sol",
        "ERC20",
        0
    ],
    "d3e2862a535b3eb247b1a2f61102e030": [
        "C:\\Users\\wy\\Desktop\\rag\\dataset\\LIFI20240716\\GasZipFacet\\lib\\solady\\src\\tokens\\ERC20.sol",
        "ERC20",
        0
    ],
    "51176c26f3ef0d3bc19be4ba5394aff6": [
        "C:\\Users\\wy\\Desktop\\rag\\dataset\\LIFI20240716\\GasZipFacet\\lib\\solady\\src\\tokens\\ERC20.sol",
        "ERC20",
        0
    ],
    "d8e905ff07fbc7a9fe05df39533e8d99": [
        "C:\\Users\\wy\\Desktop\\rag\\dataset\\LIFI20240716\\GasZipFacet\\lib\\solady\\src\\tokens\\ERC20.sol",
        "ERC20",
        0
    ],
    "f391a731e389d5dc8acf8e027e3fd77d": [
        "C:\\Users\\wy\\Desktop\\rag\\dataset\\LIFI20240716\\GasZipFacet\\lib\\solady\\src\\tokens\\ERC20.sol",
        "ERC20",
        0
    ],
    "22d7f7c1ad69cb497745c0cfbd30f322": [
        "C:\\Users\\wy\\Desktop\\rag\\dataset\\LIFI20240716\\GasZipFacet\\lib\\solady\\src\\tokens\\ERC20.sol",
        "ERC20",
        0
    ],
    "5338b43a72f5e77e4567eea928638bb6": [
        "C:\\Users\\wy\\Desktop\\rag\\dataset\\LIFI20240716\\GasZipFacet\\lib\\solady\\src\\tokens\\ERC20.sol",
        "ERC20",
        0
    ],
    "2b9615e2ba7940427e1637645be45ae1": [
        "C:\\Users\\wy\\Desktop\\rag\\dataset\\LIFI20240716\\GasZipFacet\\lib\\solady\\src\\tokens\\ERC20.sol",
        "ERC20",
        0
    ],
    "ba41c5ef0cd7854682c8a8381eef9051": [
        "C:\\Users\\wy\\Desktop\\rag\\dataset\\LIFI20240716\\GasZipFacet\\lib\\solady\\src\\tokens\\ERC20.sol",
        "ERC20",
        0
    ],
    "a97f3105e53bd4204d7db497a358e7e2": [
        "C:\\Users\\wy\\Desktop\\rag\\dataset\\LIFI20240716\\GasZipFacet\\lib\\solady\\src\\tokens\\ERC20.sol",
        "ERC20",
        0
    ],
    "838061b3165db5c219ab90655be178ed": [
        "C:\\Users\\wy\\Desktop\\rag\\dataset\\LIFI20240716\\GasZipFacet\\lib\\solady\\src\\utils\\SafeTransferLib.sol",
        "SafeTransferLib",
        0
    ],
    "7fcbcb6ca12021854e444973409f05b5": [
        "C:\\Users\\wy\\Desktop\\rag\\dataset\\LIFI20240716\\GasZipFacet\\lib\\solady\\src\\utils\\SafeTransferLib.sol",
        "SafeTransferLib",
        0
    ],
    "15bf568ceb6aed5533c70c9a1f437984": [
        "C:\\Users\\wy\\Desktop\\rag\\dataset\\LIFI20240716\\GasZipFacet\\lib\\solady\\src\\utils\\SafeTransferLib.sol",
        "SafeTransferLib",
        0
    ],
    "b81b066bd0c483d92441a65fb0966bd6": [
        "C:\\Users\\wy\\Desktop\\rag\\dataset\\LIFI20240716\\GasZipFacet\\lib\\solady\\src\\utils\\SafeTransferLib.sol",
        "SafeTransferLib",
        0
    ],
    "881d178d0882dbd69c92f27307eccb6c": [
        "C:\\Users\\wy\\Desktop\\rag\\dataset\\LIFI20240716\\GasZipFacet\\lib\\solady\\src\\utils\\SafeTransferLib.sol",
        "SafeTransferLib",
        0
    ],
    "c48e92ff25b8eba7f8d94496459fc2ef": [
        "C:\\Users\\wy\\Desktop\\rag\\dataset\\LIFI20240716\\GasZipFacet\\lib\\solady\\src\\utils\\SafeTransferLib.sol",
        "SafeTransferLib",
        0
    ],
    "b4f1137d91f6092b7e3ec05713825260": [
        "C:\\Users\\wy\\Desktop\\rag\\dataset\\LIFI20240716\\GasZipFacet\\lib\\solady\\src\\utils\\SafeTransferLib.sol",
        "SafeTransferLib",
        0
    ],
    "6a3af0a99b7f56a813289924dba2a7a8": [
        "C:\\Users\\wy\\Desktop\\rag\\dataset\\LIFI20240716\\GasZipFacet\\lib\\solady\\src\\utils\\SafeTransferLib.sol",
        "SafeTransferLib",
        0
    ],
    "ac2525b82af18a6aa752e54d597839aa": [
        "C:\\Users\\wy\\Desktop\\rag\\dataset\\LIFI20240716\\GasZipFacet\\lib\\solady\\src\\utils\\SafeTransferLib.sol",
        "SafeTransferLib",
        0
    ],
    "7bd3c69c6b074f0f67bdf45537b76b14": [
        "C:\\Users\\wy\\Desktop\\rag\\dataset\\LIFI20240716\\GasZipFacet\\lib\\solady\\src\\utils\\SafeTransferLib.sol",
        "SafeTransferLib",
        0
    ],
    "7fadd503e3ba37c28109ed4e848f5a34": [
        "C:\\Users\\wy\\Desktop\\rag\\dataset\\LIFI20240716\\GasZipFacet\\lib\\solady\\src\\utils\\SafeTransferLib.sol",
        "SafeTransferLib",
        0
    ],
    "b43770e03bff420efc238c16b8ee5f18": [
        "C:\\Users\\wy\\Desktop\\rag\\dataset\\LIFI20240716\\GasZipFacet\\lib\\solady\\src\\utils\\SafeTransferLib.sol",
        "SafeTransferLib",
        0
    ],
    "aa371d3d9c6efef7e21920a1bf977b06": [
        "C:\\Users\\wy\\Desktop\\rag\\dataset\\LIFI20240716\\GasZipFacet\\lib\\solady\\src\\utils\\SafeTransferLib.sol",
        "SafeTransferLib",
        0
    ],
    "bd36eefd5999b2cf6e097c31e4fdd6ad": [
        "C:\\Users\\wy\\Desktop\\rag\\dataset\\LIFI20240716\\GasZipFacet\\lib\\solady\\src\\utils\\SafeTransferLib.sol",
        "SafeTransferLib",
        0
    ],
    "849138856dc0933b815b37f29cbd77a2": [
        "C:\\Users\\wy\\Desktop\\rag\\dataset\\LIFI20240716\\GasZipFacet\\lib\\solady\\src\\utils\\SafeTransferLib.sol",
        "SafeTransferLib",
        0
    ],
    "8e32692c2a015177a9413dd6eb6d9ebe": [
        "C:\\Users\\wy\\Desktop\\rag\\dataset\\LIFI20240716\\GasZipFacet\\lib\\solady\\src\\utils\\SafeTransferLib.sol",
        "SafeTransferLib",
        0
    ],
    "a79bdee98a219e66f4dc9d6ea06ed177": [
        "C:\\Users\\wy\\Desktop\\rag\\dataset\\LIFI20240716\\GasZipFacet\\lib\\solady\\src\\utils\\SafeTransferLib.sol",
        "SafeTransferLib",
        0
    ],
    "ae43b55842b0276e38d82154551bad7f": [
        "C:\\Users\\wy\\Desktop\\rag\\dataset\\LIFI20240716\\GasZipFacet\\lib\\solady\\src\\utils\\SafeTransferLib.sol",
        "SafeTransferLib",
        0
    ],
    "a91a27560039a3d108dc937778a751c5": [
        "C:\\Users\\wy\\Desktop\\rag\\dataset\\LIFI20240716\\GasZipFacet\\lib\\solady\\src\\utils\\SafeTransferLib.sol",
        "SafeTransferLib",
        0
    ],
    "0d8ae021c272f5df23765d70e043e28a": [
        "C:\\Users\\wy\\Desktop\\rag\\dataset\\LIFI20240716\\GasZipFacet\\lib\\solady\\src\\utils\\SafeTransferLib.sol",
        "SafeTransferLib",
        0
    ],
    "1b51ecb2290b6b3db4f241ddbeb65725": [
        "C:\\Users\\wy\\Desktop\\rag\\dataset\\LIFI20240716\\GasZipFacet\\src\\Libraries\\LibAsset.sol",
        "LibAsset",
        0
    ],
    "34480bf50f4ccae1767e5b41c64d6bab": [
        "C:\\Users\\wy\\Desktop\\rag\\dataset\\LIFI20240716\\GasZipFacet\\src\\Libraries\\LibAsset.sol",
        "LibAsset",
        0
    ],
    "2763a92791c55d99853da524e26c2e6d": [
        "C:\\Users\\wy\\Desktop\\rag\\dataset\\LIFI20240716\\GasZipFacet\\src\\Libraries\\LibAsset.sol",
        "LibAsset",
        0
    ],
    "35784d8b6279e0eb782930466e06beeb": [
        "C:\\Users\\wy\\Desktop\\rag\\dataset\\LIFI20240716\\GasZipFacet\\src\\Libraries\\LibAsset.sol",
        "LibAsset",
        0
    ],
    "e31325517d94e6fe5ea7267ec3dc8cf3": [
        "C:\\Users\\wy\\Desktop\\rag\\dataset\\LIFI20240716\\GasZipFacet\\src\\Libraries\\LibAsset.sol",
        "LibAsset",
        0
    ],
    "1e5f7f0600c16a731a02d5e492df3fca": [
        "C:\\Users\\wy\\Desktop\\rag\\dataset\\LIFI20240716\\GasZipFacet\\src\\Libraries\\LibAsset.sol",
        "LibAsset",
        0
    ],
    "df2cbb91d3ef48361e4950c0525a9178": [
        "C:\\Users\\wy\\Desktop\\rag\\dataset\\LIFI20240716\\GasZipFacet\\src\\Libraries\\LibAsset.sol",
        "LibAsset",
        0
    ],
    "90f6c601dde5476497b7b77972e5160e": [
        "C:\\Users\\wy\\Desktop\\rag\\dataset\\LIFI20240716\\GasZipFacet\\src\\Libraries\\LibAsset.sol",
        "LibAsset",
        0
    ],
    "23099f43e12b67b01f34f2ffda244552": [
        "C:\\Users\\wy\\Desktop\\rag\\dataset\\LIFI20240716\\GasZipFacet\\src\\Libraries\\LibAsset.sol",
        "LibAsset",
        0
    ],
    "bb78c763a9d80ce729c9d29604464b86": [
        "C:\\Users\\wy\\Desktop\\rag\\dataset\\LIFI20240716\\GasZipFacet\\src\\Libraries\\LibAsset.sol",
        "LibAsset",
        0
    ],
    "69570a7360610180cb404c5e72a07f35": [
        "C:\\Users\\wy\\Desktop\\rag\\dataset\\LIFI20240716\\GasZipFacet\\src\\Libraries\\LibBytes.sol",
        "LibBytes",
        0
    ],
    "da71c38f9ce77b6ced17b2b53438adaf": [
        "C:\\Users\\wy\\Desktop\\rag\\dataset\\LIFI20240716\\GasZipFacet\\src\\Libraries\\LibBytes.sol",
        "LibBytes",
        0
    ],
    "2fa45dcb15ee6f75b880ed92d7f80cc7": [
        "C:\\Users\\wy\\Desktop\\rag\\dataset\\LIFI20240716\\GasZipFacet\\src\\Libraries\\LibBytes.sol",
        "LibBytes",
        0
    ],
    "87c4f1d02e2655b4c96997da3a324da0": [
        "C:\\Users\\wy\\Desktop\\rag\\dataset\\LIFI20240716\\GasZipFacet\\src\\Libraries\\LibUtil.sol",
        "LibUtil",
        0
    ],
    "35714e15bc97d454030e7138343889b5": [
        "C:\\Users\\wy\\Desktop\\rag\\dataset\\LIFI20240716\\GasZipFacet\\src\\Libraries\\LibUtil.sol",
        "LibUtil",
        0
    ],
    "d177dfe7eb3835c16af224d6f0b50345": [
        "C:\\Users\\wy\\Desktop\\rag\\dataset\\LIFI20240716\\GasZipFacet\\src\\Libraries\\LibUtil.sol",
        "LibUtil",
        0
    ],
    "c72e28a0b0bba4e62d9df514099bd3d5": [
        "C:\\Users\\wy\\Desktop\\rag\\dataset\\LIFI20240716\\GasZipFacet\\src\\Libraries\\LibSwap.sol",
        "LibSwap",
        0
    ],
    "e7493193fca5c63e4efced6e82ef2d30": [
        "C:\\Users\\wy\\Desktop\\rag\\dataset\\LIFI20240716\\GasZipFacet\\src\\Helpers\\ReentrancyGuard.sol",
        "ReentrancyGuard",
        0
    ],
    "cc736cd29a0e50e5494e8b9dfb01c62c": [
        "C:\\Users\\wy\\Desktop\\rag\\dataset\\LIFI20240716\\GasZipFacet\\src\\Helpers\\ReentrancyGuard.sol",
        "ReentrancyGuard",
        1
    ],
    "ec77844e4b23238048d3c13c40cc0cca": [
        "C:\\Users\\wy\\Desktop\\rag\\dataset\\LIFI20240716\\GasZipFacet\\src\\Libraries\\LibAllowList.sol",
        "LibAllowList",
        0
    ],
    "d74555f81a48803a7cebd25d0cd0272a": [
        "C:\\Users\\wy\\Desktop\\rag\\dataset\\LIFI20240716\\GasZipFacet\\src\\Libraries\\LibAllowList.sol",
        "LibAllowList",
        0
    ],
    "4975486e82bc91e22d187795276ea922": [
        "C:\\Users\\wy\\Desktop\\rag\\dataset\\LIFI20240716\\GasZipFacet\\src\\Libraries\\LibAllowList.sol",
        "LibAllowList",
        0
    ],
    "ac8b2a3daf334db977de0437ebe3f1fc": [
        "C:\\Users\\wy\\Desktop\\rag\\dataset\\LIFI20240716\\GasZipFacet\\src\\Libraries\\LibAllowList.sol",
        "LibAllowList",
        0
    ],
    "c87947d8526b5cd86d7d5d258cbbadf5": [
        "C:\\Users\\wy\\Desktop\\rag\\dataset\\LIFI20240716\\GasZipFacet\\src\\Libraries\\LibAllowList.sol",
        "LibAllowList",
        0
    ],
    "b0fa939c2be26c9c271d6ea19fbc3407": [
        "C:\\Users\\wy\\Desktop\\rag\\dataset\\LIFI20240716\\GasZipFacet\\src\\Libraries\\LibAllowList.sol",
        "LibAllowList",
        0
    ],
    "fc6a991a81be1a2c8c6c4ae4d5f4fb93": [
        "C:\\Users\\wy\\Desktop\\rag\\dataset\\LIFI20240716\\GasZipFacet\\src\\Libraries\\LibAllowList.sol",
        "LibAllowList",
        0
    ],
    "65f97bfb6847a947373160c48c2e929d": [
        "C:\\Users\\wy\\Desktop\\rag\\dataset\\LIFI20240716\\GasZipFacet\\src\\Libraries\\LibAllowList.sol",
        "LibAllowList",
        0
    ],
    "0a7256ac835d0aa99148569726350d9e": [
        "C:\\Users\\wy\\Desktop\\rag\\dataset\\LIFI20240716\\GasZipFacet\\src\\Libraries\\LibAllowList.sol",
        "LibAllowList",
        0
    ],
    "cad1b7ec5a1ade21a548528517840b13": [
        "C:\\Users\\wy\\Desktop\\rag\\dataset\\LIFI20240716\\GasZipFacet\\src\\Helpers\\SwapperV2.sol",
        "SwapperV2",
        0
    ],
    "0f1c111ab2ce17c0262e7939c3341712": [
        "C:\\Users\\wy\\Desktop\\rag\\dataset\\LIFI20240716\\GasZipFacet\\src\\Helpers\\SwapperV2.sol",
        "SwapperV2",
        0
    ],
    "e28cb630e303f8d21814e20811e66e5b": [
        "C:\\Users\\wy\\Desktop\\rag\\dataset\\LIFI20240716\\GasZipFacet\\src\\Helpers\\SwapperV2.sol",
        "SwapperV2",
        0
    ],
    "b447302c1eb2bc40d5b4e404737dd6e6": [
        "C:\\Users\\wy\\Desktop\\rag\\dataset\\LIFI20240716\\GasZipFacet\\src\\Helpers\\SwapperV2.sol",
        "SwapperV2",
        0
    ],
    "800b05b182fe4dc359006c9d246831de": [
        "C:\\Users\\wy\\Desktop\\rag\\dataset\\LIFI20240716\\GasZipFacet\\src\\Helpers\\SwapperV2.sol",
        "SwapperV2",
        0
    ],
    "da817093e82e82c621a47a137fdde2d0": [
        "C:\\Users\\wy\\Desktop\\rag\\dataset\\LIFI20240716\\GasZipFacet\\src\\Helpers\\SwapperV2.sol",
        "SwapperV2",
        1
    ],
    "f7b0b67672a099ad7b2c708452ed3119": [
        "C:\\Users\\wy\\Desktop\\rag\\dataset\\LIFI20240716\\GasZipFacet\\src\\Helpers\\SwapperV2.sol",
        "SwapperV2",
        1
    ],
    "0187cc69618da51a09c88650b1e643e3": [
        "C:\\Users\\wy\\Desktop\\rag\\dataset\\LIFI20240716\\GasZipFacet\\src\\Helpers\\SwapperV2.sol",
        "SwapperV2",
        1
    ],
    "c982dbf1de1c4474f879f81ec654c610": [
        "C:\\Users\\wy\\Desktop\\rag\\dataset\\LIFI20240716\\GasZipFacet\\src\\Helpers\\Validatable.sol",
        "Validatable",
        1
    ],
    "7e5620556eb913254487a16b2d2229b8": [
        "C:\\Users\\wy\\Desktop\\rag\\dataset\\LIFI20240716\\GasZipFacet\\src\\Helpers\\Validatable.sol",
        "Validatable",
        1
    ],
    "9572ff4aa15342d9683017d50abd994e": [
        "C:\\Users\\wy\\Desktop\\rag\\dataset\\LIFI20240716\\GasZipFacet\\src\\Helpers\\Validatable.sol",
        "Validatable",
        1
    ],
    "9bc1cc385ba9f2c5f352aaffd917dbca": [
        "C:\\Users\\wy\\Desktop\\rag\\dataset\\LIFI20240716\\GasZipFacet\\src\\Helpers\\Validatable.sol",
        "Validatable",
        1
    ],
    "8c3bbc390a841d4f0601ea2f970a78ec": [
        "C:\\Users\\wy\\Desktop\\rag\\dataset\\LIFI20240716\\GasZipFacet\\src\\Helpers\\Validatable.sol",
        "Validatable",
        1
    ],
    "b19939d9ff74cfdd7a3f41ff63361ce2": [
        "C:\\Users\\wy\\Desktop\\rag\\dataset\\LIFI20240716\\GasZipFacet\\src\\Helpers\\Validatable.sol",
        "Validatable",
        1
    ],
    "6ee01eea5e8d8aa0663a9c919e3cb6a5": [
        "C:\\Users\\wy\\Desktop\\rag\\dataset\\LIFI20240716\\GasZipFacet\\src\\Helpers\\Validatable.sol",
        "Validatable",
        1
    ],
    "7c913498bfacdab6908c9eb8cd7ddbdf": [
        "C:\\Users\\wy\\Desktop\\rag\\dataset\\LIFI20240716\\GasZipFacet\\src\\Facets\\GasZipFacet.sol",
        "IGasZip",
        0
    ],
    "81d69d830fd9ac98cb12d7dd253fbe6c": [
        "C:\\Users\\wy\\Desktop\\rag\\dataset\\LIFI20240716\\GasZipFacet\\src\\Facets\\GasZipFacet.sol",
        "GasZipFacet",
        0
    ],
    "13c2f57b461e7497b2ae89601a9cd47a": [
        "C:\\Users\\wy\\Desktop\\rag\\dataset\\LIFI20240716\\GasZipFacet\\src\\Facets\\GasZipFacet.sol",
        "GasZipFacet",
        0
    ],
    "bd3abda2c7672c4d35ca990fa3885547": [
        "C:\\Users\\wy\\Desktop\\rag\\dataset\\LIFI20240716\\GasZipFacet\\src\\Facets\\GasZipFacet.sol",
        "GasZipFacet",
        0
    ],
    "4d55dbe900e6b5f61dd13cbae36db1e3": [
        "C:\\Users\\wy\\Desktop\\rag\\dataset\\LIFI20240716\\GasZipFacet\\src\\Facets\\GasZipFacet.sol",
        "GasZipFacet",
        0
    ],
    "72cf710654fa4374d3d8e6aafac4997c": [
        "C:\\Users\\wy\\Desktop\\rag\\dataset\\LIFI20240716\\GasZipFacet\\src\\Facets\\GasZipFacet.sol",
        "GasZipFacet",
        0
    ]
}